:020000040800F2
:10600000081000201F840008612901086529010883
:1060100065EC000869290108712901081D84000840
:106020001D8400081D8400081D8400081D840008CC
:106030007529010890D501081D8400081D840008F9
:10604000AD8900081D8400081D8400081D84000817
:106050001D8400081D8400081D8400081D8400089C
:106060001D8400081D8400081D8400088BEC0008B6
:1060700089EC00081D8400081D8400081D840008A8
:106080001D8400081D8400081D8400081D8400086C
:106090001D840008FDEF00081D8400081D84000811
:1060A0001D840008818400085D8400081D840008A8
:1060B0001D8400085D2A01081D2A0108B1AB0108F2
:1060C000B5AB0108A52A0108B9AB0108BDAB0108B1
:1060D0006D330108C1AB01081933010839350108D6
:1060E0001D8400081D8400081D8400081D8400080C
:1060F0001D8400081D8400081D8400081D840008FC
:106100001D8400081D8400081D8400081D840008EB
:106110001D8400081D8400081D8400081D840008DB
:106120001D8400081D8400081D8400081D840008CB
:106130001D8400081D8400081D8400081D840008BB
:106140001D8400081D8400081D84000881C5010805
:10615000753501081D8400086D340108A13401085B
:106160001D8400081D8400081D8400081D8400088B
:1061800070B5104A104C114DE3695E0714D408280D
:1061900001D12B4213D103EA00068E4207D10B4AEC
:1061A0001A40002A14BF6FF00100002070BD013AB0
:1061B000EAD16FF00200F9E74FF0FF30F6E76FF039
:1061C0000100F3E7809698000000035002000100F0
:1061D00000000000000000000000000000000000BF
:1061E000013800D0FCE770474FF480332DE9804838
:1061F000AF4995B04B66AF4B9B691A0B03F03F0359
:106200008DF83C208DF83D30BDF83C30B3F5807FF3
:106210000FD14FF48012A84B586E4A66A7494B6BBA
:1062200023F0E05343F040634B63C3025CBFA44BD5
:106230005A66EFF31183302282F31188A14C94F84F
:10624000BD27002A40F06385012284F8BD2783F32F
:106250001188BFF36F8F6FF0040350259A4A9B4952
:1062600013F0800F03F1010040F049850B444C28E6
:1062700083F800530346F3D14FF000438C4E0722BE
:1062800073664AF6CD33924D0B206F6C2B64914BA5
:10629000DA6308F021FC6B68012023F4F87343F4FF
:1062A00080736B6040F20913AB6040F203132B6103
:1062B0000AF0A8FBFF0748BF874B4FF0800048BF9C
:1062C0002B647D4B596E4FF0004373664AF6CD3315
:1062D0006E6C2B6408F000FC2B6AF60723F00F03AA
:1062E00043F009032B6248BF7B4B7C4848BF2B64BB
:1062F0000029A2BF4FF00042714B5A6616F026FBF0
:10630000774AD2F84C3113F4802300F006854FF021
:106310007E6292F89C3092F99C20002AB8BF2C2310
:106320004FF40001624A022051664FF4D15102F548
:10633000B83251626B494F2B486028BF4F23012070
:1063400001F58051DBB24860116911F48031FBD155
:1063500043F48073536140F201439360604B51609A
:10636000D3F84C21100300F1DC84D3F85051EDB286
:106370005D4B5E4A5E4E1A604F4B96F900701B6F84
:106380002F4403F00703032B87F3080701D116F00E
:1063900051FA08F01DFE03284BD04FF48012444BF5
:1063A0004FF0A0615A6645F60E03444AC2F88030A9
:1063B000504B99624FF4803103F580539962936D8D
:1063C000D903FCD4936D5B00FCD44B4B13619369F0
:1063D00003F0004343EA074343EA052343F0007315
:1063E00043F03C039361136A23F00F031362916A35
:1063F000424B0B4043F48033936241492F4A936DE3
:1064000031EA0303FBD14FF080713A48816213698E
:1064100023F4700343F4401313614FF000434FF42F
:1064200080328361374B99629A62244A936D580097
:10643000FCD44FF4C0222A4BD3F898501C4B5A6618
:1064400003F598335A68012A00F0728408F0C0FD01
:1064500005280CD100212C4808F012FB164A136FB6
:1064600043F4806313674FF48032114B1A67DFF8EF
:10647000A480264BD8F8007025F040759F4202D8C2
:1064800021480CF03DFA224BDA6812F0060FFBD1DE
:106490009A689D6099684D4015F4F81F0DBF1A4D1C
:1064A0009A603D46C8F8005008F092FD052833E098
:1064B0000090005000C00750008000500040005A7B
:1064C00000A00050E015002000ED00E000E100E039
:1064D00000400950004000503254FFFF98D6010898
:1064E0000080E00F00100250884A0020C0175302BD
:1064F0008C4A00200050005A2008C00BC7FFFEFE47
:10650000030001000060005A00B4C404FFB3C404D7
:1065100000000150844A00200FD116F08BF980460C
:1065200008F084FA0128D4BF01210021404608F078
:10653000A7FA0BF07FFE0BF06DFEBD4202D80020E3
:106540000CF0DEF94FF40022C64DC74BC748D3F814
:10655000C0306A664FF0B44223F04073936016F087
:10656000F5F94FF4800302226B66C14B5A609D68B7
:1065700015F48035FBD1BF4F5D625D600CF0A0F972
:106580003B6F284623F0070343F003033B670CF0FF
:10659000BFF93B6FB84923F474433B67D1F8FC2043
:1065A00012F080721EBFD1F8FC3023F08073C1F866
:1065B000FC300021D7F8803023F0030343F00103BF
:1065C000C7F88030A74BC3F8801032B1AA4AD2F87E
:1065D000FC3043F08073C2F8FC30A64B4FF480319E
:1065E000D3F82021A54822F0070242F00202C3F8A6
:1065F0002021D3F8282122F0070242F00202C3F83A
:106600002821D3F8802122F0030242F00102C3F8CE
:106610008021D3F8402122F0030242F00202C3F8A5
:106620004021D3F8602122F0030242F00202C3F8B5
:106630006021D3F8402222F0030242F00202C3F8A4
:106640004022D3F8002222F0070242F00202C3F8EF
:106650000022D3F8082222F0070242F00202C3F817
:106660000822D3F8702222F0030242F00102C3F89C
:106670007022D3F8202222F0070242F00102C3F870
:106680002022784A5F6E5166426A22F0010242621D
:10669000FA035CBF7A4A51664FF0E0210A6942F082
:1066A00004020A61D3F8602222F0070242F00102DC
:1066B000C3F86022D3F8942222F0070242F00102CC
:1066C000C3F894226F4B5A6F42F001025A67DA6E98
:1066D00022F03002DA66EFF31188302383F3118859
:1066E00094F8BE37002B45D1674A6848C4F8203279
:1066F000C4F8A430136016F029F9BFF34F8F644833
:1067000008F028FA4368012B0BD14168012906D112
:10671000436815F029FC022303615E4B596008F0C1
:1067200019FA0027C76015F029FC0F22594B4FF0CA
:10673000010987645A641A6408F00CFA0821564B60
:10674000C3F80490C0F8109015F00EFC534A87610E
:10675000C2F88811432009F0A3FD4F4B1320C3F862
:1067600044900FA916F0F5F80F9A4D4B1A60002AC5
:1067700040F0E58288F31188BFF36F8F09F0CCFFFA
:106780003D4A4848D2F8C030474F23F0FF0343F05A
:10679000A003B8424549C2F8C03000F0DB8227F0C0
:1067A0001F03203BB3F1005F80F0D582404B0A68A5
:1067B000314823F01F0343F00303C0F89820C0F8CA
:1067C0009C303C4B0132C0F8A0300A60BFF35F8FB1
:1067D0000522294BC3F894205A6A42F480325A6247
:1067E000BFF34F8FBFF36F8FBFF34F8FBFF36F8F29
:1067F000326B4FF40031531C04BF224BD3F894206A
:106800004FF0502308BF3263D707196700F1B482F5
:1068100001210C46084604FA00F3134001F101017E
:1068200000F0AC82244B03EB4003B3F8AC30234AB6
:10683000062B116822480C918AB24FEA114140F0B0
:10684000A4824FF20F03994240F09C82B2F5406F50
:1068500028BF4FF4C06202804FF000534CF23C322C
:106860005A802FE0009000500080E00F9CD6010875
:10687000004002500080005000ED00E000C00750D2
:1068800000A00050004000509812002098D6010847
:1068900000800A5000A00A5000900A5000E100E079
:1068A0009C120020804A0020204A0020A4150020CD
:1068B0009F4A0020E1FF0320F4D5010800000020DA
:1068C00030130020CC4A536A43F470235362EFF331
:1068D00008834FF0CD31C94A043B934280F0668271
:1068E000C74816F033F816F031F8012300220421CE
:1068F0000FA8ADF83C3005F0B5FFC24B0FAA03F16D
:106900001006144618685968083303C4B342224677
:10691000F7D118680DF13809494620600A2016F0B1
:1069200018F8B74816F012F8403016F00FF80E9C21
:1069300008F0FCF9B449B54BA14228BF2146B4FB8D
:10694000F1F41A69013C22F0870242F081021A61D7
:106950009A6822F0030242F001029A605A6922F01A
:106960000F0242F002025A611A6922F07F4242EAA3
:1069700004621A619DF83F2019699DF840001201D8
:1069800042EAC01221F0F8010A439DF8471042EA9A
:10699000C1029DF8421042EA81121A61D8689DF83E
:1069A0004F209DF84E40120420F0F04042EAC462AD
:1069B00020F4702002439DF83E009DF8411042EA09
:1069C000802242EAC132DA609A689DF8460022F4D9
:1069D000C04242EA40324FF480609A608C4A906034
:1069E0005C6A9DF84B208B4802F003022040024372
:1069F0009DF84800000100F0700002439DF8490036
:106A0000000200F4E06002439DF84A00000300F435
:106A1000E04002439DF84500000400F4702002436A
:106A20005A62BDF84C209A6121B10022A3F5D0230F
:106A3000C3F880209DF842301BB19DF84420764B6E
:106A4000DA6701240426724940F6FF7008F064F901
:106A50004C6008F061F98E6308F05EF94FF48173C1
:106A60008C63224631460DA8ADF8343005F0FAFEAD
:106A700040F20223214600220BA8ADF82C3005F08D
:106A8000F1FE40F20233224631460AA8ADF8283022
:106A900005F0E8FE40F202433146224609A8ADF86F
:106AA000243005F0DFFE5D4B5D4A1024C3F8C82496
:106AB0004FF00212C3F8C424A2F58032C3F8CC24EC
:106AC0001C22584EC3F8B4244FF4487008F00CFB55
:106AD0001420C6F8A04008F007FB534B2320C3F84E
:106AE000A04008F001FB494BC6F8A0409A6C56063E
:106AF000FCD5B9225A649A6C1406FCD51022DB6BC3
:106B0000494B08A8C3F8A02000224FF48173114616
:106B1000ADF8203005F0A6FE002240F20223114617
:106B200007A8ADF81C3005F09DFE40F202330122AB
:106B3000002106A8ADF8183005F094FE40F202439B
:106B40000122002105A8ADF8143005F08BFE08F0F5
:106B5000EDF80021314C3548C4F8B414C4F8C81419
:106B6000C4F8C414C4F8CC1415F08AF94FF00063CB
:106B70009B6A2F4C03F17842B2F5C04F80F09580AC
:106B80001A682C4B9A4240F0908094F8BF6716F038
:106B9000FD0640F08A80284F3B78002B00F00981E9
:106BA00002233B704FF0010A4FF48038234B002042
:106BB000C3F880A1224BC3F80C8009F071FB214B74
:106BC000C3F810804FF000639B6ADB69984797F821
:106BD00000B08046D34540F0D68102F0ABFE0130D4
:106BE00040F09181D4F8D027174B1A66D4F8D427F7
:106BF0005A66D4F8D82729E000ED00E0080000200C
:106C000094D60108C0D60108E070720000000A5056
:106C100000100A508C88F0FF0080035000C0035021
:106C20000200030000E0035000D00350D4D6010856
:106C3000E015002007B0CD5E2C12002000E100E03E
:106C400000A000440090004400800044C3F870217C
:106C5000D4F8DC271A64D4F8E0275A64D4F8EC2777
:106C6000D20700F18D81AF4B1A6D013207D194F834
:106C7000BF2722B9AC494968C90748BF1A65D4F88B
:106C8000E427AA4B5A66D4F8E8279A660DF054FD1B
:106C9000D4F8C03783F31188BFF36F8F3E70B8F11B
:106CA000000F02D1012384F8BF37EFF3118730239F
:106CB00083F31188D4F8A8309D4A9E49183B13F1FC
:106CC000180F40F06281D4F8D880B8F1000F00F0BE
:106CD000AB8204210820984A08F093FB60B9042194
:106CE0000820964A08F08DFB0646002800F0A08296
:106CF000D4F8000815F04CF9C4F8D88048E103F046
:106D00000F03043B13441D760346FFF7A9BA83F330
:106D10001188BFF36F8FFFF7AFBAD2F85021FFF79A
:106D2000FFBA874B1D88FF2D88BF5F25FFF720BB6B
:106D300084494A605A689107FCD4FFF787BB3B46F9
:106D400040F2E73180480BF04FFE804B84F8BE974D
:106D500018600FE57E4B0C68DFF820C2C2F898403F
:106D600043F001030134B842C2F89CC0C2F8A0301D
:106D70000C603FF42BAD19E5002053E510297FF49A
:106D800049AD54E54FF4C06265E540F20724A342E3
:106D90000AD14FF20F04A14206D19A4202BF4FF02E
:106DA00000524CF23C31518003808BE543F80419CA
:106DB00093E54FF00108CDE90D6687F80080EFF309
:106DC0001183302282F31188C4F8C0370DF0BCFC67
:106DD00094F8C43763B95F495F4806F00BFF38B9D0
:106DE0005D4804F5F9610AF083FF08B984F8C487A7
:106DF0004E4B5A495A6EC4F8E4279B6EC4F8E837E4
:106E00004FF480438B66564B5A68C4F8EC27554ABA
:106E10009A601A6EC4F8D0275A6EC4F8D427D3F8F3
:106E20007021C4F8D8271A6CC4F8DC275A6CC4F84F
:106E3000E0274D4A106C1864526C5A6401224A666D
:106E40001B6E980448D5494AD368D907FCD4354B02
:106E50001A6D501C45D04FF480139340444A13667A
:106E60000422434B4FF000681A664FF400721A6612
:106E700008221A664FF480521A664FF40022C3F8B3
:106E800060805A66D8F8283003F17843B3F5C04FD4
:106E900011D201238DF83C3000230FA8CDE9103327
:106EA00009F064FD119B590505D5D8F828304946ED
:106EB0001B6C0DA898470D9A2D4B1A660E9A5A66B0
:106EC00094F8C427002A3FF46DAED4F8C8271A6698
:106ED000D4F8CC275A6665E6264AD368DB07FCD48B
:106EE000B5E794F8BF37002BBAD14FF400721B4BB3
:106EF0005A6603F5A6235B68002BB1D14FF48012CC
:106F00001B4B1A66ACE702F015FD40F201139842E4
:106F10003FF468AE184B154AC3F864B0D368D8077D
:106F2000FCD45FE68C4A002000C005500080005071
:106F3000D01D0020D8D60108E01D0020E41D00204F
:106F40000001E00F00E0015018FCFFFF08100020D6
:106F500000000420C04A00203012002000900050A1
:106F60000080004455CEAC0000C000540000044036
:106F700000900044000004500090004003000020F6
:106F800000229A606FE6564688E6934240F04581BB
:106F900087F31188BFF36F8FBF49C04806F02AFE00
:106FA000BF4815F0D3FC4FF440730122042148463A
:106FB000ADF8383005F056FC0122BA4B0520C3F875
:106FC00044240FA915F0C5FC002839D1B64BD3F8DD
:106FD000F02042F00102C3F8F020D3F8FC2042F088
:106FE0008072C3F8FC20B14AA3F55D431A600F9B81
:106FF000AF4A03F5D52303F2FC43B3FBF2F3AD4AEA
:10700000013B13610223C2F8F0304FF48073C2F8E1
:1070100004334FF06043A84AC3F8B02FA74AC3F81F
:10702000802ED3F8002E42F48072C3F8002EFF2287
:1070300083F82020D3F8002E22F48072C3F8002EAB
:107040009F4E974815F082FC33689A0106D44FF0A2
:1070500000731920C6F8803109F022F933685B010A
:1070600006D44FF080631A20C6F8803109F018F971
:107070004FF060464FF0020CD6F8003E0FA843F4E4
:107080008073C6F8003E8F4BCDE90FC307F0A0FE1A
:107090000122D6F8003E042123F48073C6F8003E96
:1070A000ADF83C2005F0DEFB94F8292294F8283254
:1070B000022A01D1072B1DD0DF0703D443F00103BF
:1070C00084F8283299075FBF012143F0020384F856
:1070D000341984F828322AB97B4802F067FC02236D
:1070E00084F8293294F828325F0703D443F004036C
:1070F00084F8283215F006FB6B4B744E5B680BF07E
:1071000017FA08F013F80220714B0FA9CDE90F030D
:107110004FF04073CDE9116305236E4E4FF0FF3001
:10712000139314F038F800214FF0FF3014F0FDF8FD
:1071300006F120070DF06AF920220021304614F0F4
:1071400009F818220021384614F004F80022624B96
:1071500062491A77996062491A62D9606149C3E944
:107160000026196160499A615961604B60490120AC
:10717000996060491A77D9605F49C3E900271961AE
:107180005E491A6259619A6114F0EEFF03460028C5
:1071900040F0A68141F60B22002000214FF6FF7B34
:1071A0004FF0010A564FC6E94B01BA80554A7F217C
:1071B000C4F84029544810223B600293ADF834B023
:1071C0008DF836A013F0C6FF7F21504A4FF0FF33F1
:1071D00011704F4A0F931288029BA4F850294D4A10
:1071E00006F59A78126806F5AC76C4F858294A4A2A
:1071F000414612880FA8A4F85229484AC4F8606989
:107200001268C4F85C298022A4F854291A460DF0AB
:10721000FDF9002800F08C80FEE7186888423FF4F2
:10722000B7AE9B69183B4AE53D4BC4F8D83050E5F2
:10723000D4F8A830DFF8F480C4F80838394BC4F823
:10724000F40784F8FC07C4F8F807A8F16400C4F850
:10725000A830C4F8F08715F079FBA8F1600015F0AC
:1072600075FB4FF40012164B1520C3F8802109F06E
:1072700017F84FF0F0522C4B9A60FF229E619A62F1
:107280004FF0FF329E631E6403F500531A6501221E
:10729000A3F580535A607BE6C04A002030120020DC
:1072A00094D6010800D0035000ED00E0FF03004039
:1072B000F8590D00000004E055CEACC509000100EE
:1072C00000E100E0006A18100C1800200003040020
:1072D000006A1800EC1D00200C10002065DE00087C
:1072E000097D0008418A0008BDDE0008301000203A
:1072F000C98A0008157D0008F98A0008018B00087A
:107300004813002051BB00085113002050130020E7
:10731000EC0A0208F00A0208E40A0208E80A020875
:10732000D01D0020E81D002000000450D8D6010820
:107330007F490F980DF0D0F800B1FEE702210F98B9
:1073400013F0F1FF00B1FEE77A490F980DF030F924
:1073500000B1FEE751460F9813F090FF00B1FEE731
:1073600051460F9813F07CFF014600B1FEE7402222
:10737000714813F0EFFE4FF0FF326F4B51460F98FC
:10738000DFF800A29A8783F83EB00DF0C5F80F9899
:10739000CAF8000000B9FEE740F2222658E90213BD
:1073A000664AB34208BF91420BD09FED5F8B4FF00E
:1073B000FF328DED008B4FF0FF3313F0EAFE08ED46
:1073C000028B06215E4802F0C3FB0121084614F03F
:1073D000B3FEDAF800000DA90DF0C4F8064600B1BE
:1073E000FEE7584B584A18609880584B90801360BD
:1073F000A3F25C72C4F858229C228433C4F864322D
:10740000534BC4F880021A70A4F85C0202F036FEF6
:10741000066002F0EEFE031D00F1B40219461033BF
:107420009A42066006D13B790B2B02D87B790A2B56
:1074300004D8FEE743F8106C0E46EFE7454B1F609B
:1074400007F074FE062002F0A7FC0822DAF800001C
:10745000114613F0A3FE064600B1FEE70146DAF836
:10746000000013F0E7FE314618223B4813F072FE8D
:107470003A4802F0CEFA12223146394813F06AFE39
:107480004FF6FE73364A22F8023CEFF3108072B6D4
:107490004FF01008334F3E60BE60A7F8048015F02F
:1074A000BCFA314B314EBB6090234FF0FF314FF4AB
:1074B00010600FAAC6E9028307F0E0FE00282FD172
:1074C0000F220F9BC6E90033F168013A1944196095
:1074D000F16892B20B44002AF6D14FF0FF321A60E5
:1074E000234A136B5E1C08BF224B234E04BFD3F804
:1074F00094301363214A13604FF050234FF400324D
:107500001A6796F8C830002B40F0B0804FF6FF7233
:107510001B4FC6E90133F3603B88934234D1FEE749
:10752000FEE700BFAFF300800AE020FF2202000068
:1075300007001100F0D60108A01200200AE020FF89
:1075400048130020A815002088140020C41F002024
:107550005E140020441300201C180020401300205B
:1075600062140020B8140020BBCA010804150020D2
:107570008C4A002000400050581000205014002079
:10758000141400202C130020CBB9C5F104010FAA5C
:1075900089B209EB050008F008FE002840F0C4801D
:1075A0000F9B1D44032DF0D90E9B002B00F0BD80D6
:1075B0006FF00042934208BF0123884A13603B8862
:1075C000002501333B8000F0CEFB854F854B706179
:1075D00000F180403946844A3062A7F11400F3611B
:1075E000B561776202F0ECFE804B4FF6FF78C6E99A
:1075F0000A35FB23B3637E4B07F144003365C6E9CC
:107600000C55C6E9165502F04FFD07F1540002F083
:107610004BFD07F1640002F047FD764B07F11C00BB
:10762000C6F8983007F17C03C6F8A030724BA6F874
:10763000B880C6F8BC3007F1A003C6F8C43003F028
:1076400099F90B2307F11C0086F82830C6E90C5580
:10765000F562A6F82A8003F08DF986F8C85002F08A
:107660007BFE0123C6F8CC0086F8C830634D0027A6
:107670002B4643F8D16B6B60614B05F10408AB609E
:107680004FF480534046AB81C5E90477C4F8786A6B
:1076900003F04AFA2B46C5F8508004259846013D70
:1076A000C3E9157703F10803F9D1C823554800222F
:1076B000C8E928034FF6FF73A8F8A830524B0421FD
:1076C000C8E92B350023514FC8E91E55C8E920559C
:1076D000C8E92255C8E92E23C8E93023C7E9565521
:1076E000C7E95855C7E95C23A8F8745088F8985042
:1076F000C8F89C50C8F8B45088F8C810C8F8CC50E6
:1077000088F8D050A7F8D250A7F84C5187F84F51BD
:10771000A7F8505187F8525187F86851C7F86C5153
:10772000D8F800301BB9FEE7FEE7012345E7384BE8
:10773000DFF8F0907822294607F1D400C8E906382E
:10774000C9F8008013F006FDFF237721A7F64870E3
:10775000A7F8543187F8535187F84E5187F8D15024
:1077600004F0ECF8A7F6547002F00CFE294BA7F8D1
:107770008859C7F8783107F5C173C7F87C314FF4E1
:107780000063A7F8803107F5BE73C7F8843907F6A0
:10779000AA13C7F8A4394FF40073A7F8A8391E4BF1
:1077A000C7F88C59C7F8B03B07F6A413C7F890394F
:1077B0001A4BC7F89C59C7F89439194BA7F8A05928
:1077C000C8E90438D9F8003087F8AC5B4345C7F8FE
:1077D000B45BC7F8988927D0FEE700BF18140020D3
:1077E0007410002027A4000860CB01080B00FFFFE5
:1077F0003818002001AA00089B900008A826002045
:107800007937002000F8FF07FDB50008A8360020F2
:10781000A9B500087D8D000859AC0008C7DE000836
:10782000A5A300084C1400202023AA4F4FF4800287
:107830004FF47001A8483B6709F000FE10234FF495
:1078400080224FF47021A4483B6709F0F7FDDFF870
:10785000AC92D4F8783AD3F804805D60B8F1000FA8
:1078600074D1D4F8783ACDF83C800293012384F89F
:107870007C3A94F87C3A5BB14FF4007241469748E9
:1078800013F068FC9648C768002F6CD184F87C8A96
:1078900009F0B0FCEFF3108072B6B9F8027015F081
:1078A000BCF8002F40F0F4804FF4F85014F05CFC6A
:1078B00020B34FF4807014F057FCDFF844A28346E5
:1078C000002800F0A381DAF8003039461B684FF435
:1078D00080701B7813F0200F824B18BF984614F06D
:1078E0002BFC3A460023DAF80000C0E90433836A2F
:1078F00093F8C83013B1414609F0E3FC7A4B18689D
:1079000020B10368022B01D102F090F87749A1F170
:10791000240002F04FF8002800F098817349A1F18B
:10792000240002F047F80746002840F0988170498B
:10793000A1F1240002F03EF80746002887D038461F
:107940006C4902F04DF838466949F3E7D8F804006D
:10795000804516BF43684FF00008C8F8043003683C
:10796000456098477AE74FF400725C4900680FABB6
:10797000B84784F87C8A00288AD15F4B1F68002FA3
:1079800086D0BDF83CA0DFF854B107F58057BAF1B6
:10799000000F3FF47DAF97F88C391BF8011B012BCA
:1079A00010D0022B4DD043B97E2906D1012387F890
:1079B0008C394FF6FF73C7F89C390AF1FF3A1FFA6A
:1079C0008AFAE4E77D291BD07E291DD0D7F89009DB
:1079D0008288002A51D0B7F89C29DFF828C182EAB2
:1079E0000103DBB23CF8133083EA1223A7F89C3979
:1079F00003F05CF8B7F89E390133A7F89E39DCE74D
:107A0000022387F88C39D8E7B7F89E39002BD0D0FD
:107A1000012B14D04FF2B803B7F89C299A420ED12B
:107A20000021D7F890391A68023A1A609A8802320F
:107A30009A80D7F89439D7F898099847B9E706217A
:107A4000F7E7D7F890098288BAB1B7F89C2981F096
:107A50002001DFF8B0C082EA0103DBB23CF813304A
:107A600083EA1223A7F89C3903F020F8B7F89E396F
:107A70000133A7F89E390123C3E703920321D7F806
:107A80009439D7F898099847039A87F88C2994E78E
:107A900084F87D5AEFF3108072B6B9F80210B9B1CC
:107AA000B9F80030013909EB8302D2F80CA0B9F81B
:107AB00004200133B3FBF2F702FB1733A9F80210DD
:107AC000A9F8003014F0A9FFBAF1000F1CD1FEE7AD
:107AD0008A46F7E700D0035064C003509D1B002086
:107AE0000C130020881400204013002030100020C8
:107AF000541000205D7F00084C140020B8140020B2
:107B0000381300209CCE0108584F9AF80C30FA7DAB
:107B1000C3F3800363F34102FA759AF80C3003F063
:107B2000FB038AF80C30FA7DDB0963F30002FA7577
:107B30009AF80C3003F07F038AF80C309AF8013081
:107B4000BB71534613F80C2BBA803B609AF9033093
:107B5000474A7B7513709AF80230464ABB7513701A
:107B6000DAF80430BB62DAF808B003F090FF0023C3
:107B7000834528BF01F1FF3113EB0B03C7E9023145
:107B8000029B03B9FEE73C4B1A789B683A753B6150
:107B9000029B93F8C830002B34D0B36D94F87DBAB3
:107BA00033B1BBF1000F03D15946F26D2F4898470E
:107BB000338F99060FD5FB7D9A070CD53A7D96F841
:107BC00094309A4207D13B69D6F89020934224BF63
:107BD0000133C6F89030BBF1000F0AD1B6F8A430DB
:107BE0002BB1FB7D9B0744BFBB68C6F8B43009F0DE
:107BF000DFFAF36A33B1BBF1000F03D15A461B49D8
:107C00001E489847504608F0C9FE43E64FF40070FE
:107C100014F0AAFA074630B159464FF4007014F038
:107C20008BFA0F225EE64FF4806014F09DFA014655
:107C300030B139464FF4806014F07EFA0E2251E6DE
:107C40004FF4805014F078FA0B224BE60C49A1F166
:107C5000240001F0AFFE00287FF460AEF9E538465D
:107C6000084901F0BDFE384607495AE6A81500202C
:107C70005D1400205C140020A01200205810002089
:107C800054100020517F000830100020A3F5803AE6
:107C9000704700BF174B002B08BF134B9D46FFF7E3
:107CA000F5FF00218B460F461348144A121A13F0B1
:107CB00051FA0E4B002B00D098470D4B002B00D0F3
:107CC00098470020002104000D000D48002802D034
:107CD0000C48AFF300800BF089FC20002900FEF770
:107CE00083FA0CF021FB00BF000008000000000038
:107CF000000000000810002008100020804900202B
:107D00000000000000000000014B1868704700BF31
:107D1000081000204FF0FF30704710B5044600B93E
:107D2000FEE7037F1BB1436998470023237710BD0B
:107D300038B5044600B9FEE7038B428B9A420CD952
:107D40000022013302770383D0E9025398470146AA
:107D50002046A8470123237738BD036A0133036215
:107D6000BDE83840D9E7014B5B691847081000208F
:107D700010B5EFF31184302383F311880348FFF724
:107D8000CCFF84F31188BFF36F8F10BD0C1000205F
:107D9000014B9B6B184700BF0810002010B5EFF394
:107DA0001184302383F311880348FFF7B6FF84F36F
:107DB0001188BFF36F8F10BD301000202DE9F843FC
:107DC000064614460D46FFF7A8FF3369984700277B
:107DD0002D1947EB07032C1A63F10005012C75F1EF
:107DE000000306DA336A304601333362BDE8F843F4
:107DF00093E7D6E902839847A04277EB05031CD2AC
:107E0000F36898473B460246294620460AF0ECFDB7
:107E1000F368914698473B460246294620460AF0B9
:107E2000E3FD4C4683B20022738321463046328301
:107E3000C04701233377BDE8F8833B46F3E710B52D
:107E4000084B5C6804B95860EFF31184302383F366
:107E500011880548FFF7B2FF84F31188BFF36F8FD5
:107E600010BD00BF081000200C10002010B5084BFA
:107E70009C6A04B99862EFF31184302383F311886C
:107E80000448FFF79BFF84F31188BFF36F8F10BD89
:107E9000081000203010002070B5036805460C461D
:107EA00023B9BDE870404B68084818478B6898476D
:107EB0002B6801465A68831A002BB8BF121A236830
:107EC000A8BF0022BDE870400048184758100020A5
:107ED00038B50C461146A2680346944206D00568A0
:107EE000AC420BD10260FFF7D7FFA46038BD9442CB
:107EF0000DD011469268002AF9D1F6E72A460021F2
:107F0000F9E78B68002BF0D09B688B60EDE70029C8
:107F1000F7D1002DE9D0AA681A60E6E770B50668C7
:107F200004460D467EB18B6898477368C01A0028D6
:107F300009DB20462A463146FFF7CAFF3046336840
:107F4000BDE87040184729462046BDE87040A3E7C9
:107F500001490830E2E700BF60CB010801490C305D
:107F6000DCE700BF6CCB010800F01800102805D03A
:107F7000A0F1180358425841C000704704207047D0
:107F800000F007030120984010F0220F09D110F0F3
:107F9000880F08D100F04400003818BF0120C0004D
:107FA0007047042070471020704708B54307024609
:107FB00008D0FFF7D9FF12F0180F0CBF05300630BC
:107FC000C0B208BDFF20FCE7416AD0E90E23994208
:107FD00009D1017F012906D0531E026893420ED3B6
:107FE0004362C3637047016A914207D1027F2AB19D
:107FF00042680133934205D203628363704701896B
:108000000B44EBE701895B1AF4E7037F022B06D0F0
:10801000083350F82330C0E90A3302230377D3E74B
:1080200010B5C38802895C1C944297BF0268062081
:10803000D35C0B709FBFC3880133C380002010BD89
:1080400013B50C460DF10701FFF7EAFF48B99DF89B
:10805000073013B9207002B010BD012B01D123707D
:10806000F9E70620F7E713B50C460DF10701FFF716
:10807000D7FF10B99DF80730237002B010BD10B5BE
:10808000C38802899C1C94420BD80268D418647877
:10809000D35C43EA04230B80C3880233C3800020EF
:1080A00010BD0620FCE770B5C4880389221D9A42E2
:1080B00011D805682A19937856782C5D1B04D2785C
:1080C00043EA0623234343EA02630B60C388043375
:1080D000C380002070BD0620FCE770B5C28803890C
:1080E00002F108049C421CD80568AC18A378667895
:1080F000AA5C1B0443EA06231343E278657943EA4A
:108100000263227942EA0522A579E47942EA05422E
:1081100042EA0462C1E90032C3880833C380002008
:1081200070BD0620FCE7F0B50024C288036807890B
:108130009E182346BF1A9F42C3EBC30E12D0052BD5
:1081400010D016F803C001330CF07F0505FA0EF5C8
:108150001CF0800F44EA0504EDD11A44C2800020CF
:108160000C6000E00620F0BD30B5C4880389A51876
:108170009D42D7BF036806201B190B60DFBFC38871
:10818000D218C280002030BDF7B50E460DF10601B1
:1081900005461446FFF773FF10B1062003B0F0BD8B
:1081A000BDF8067031463A462846FFF7DDFF002845
:1081B000F3D12780F2E71C282ED8DFE800F00F303B
:1081C00011132D1517192D2D2D2D1B1D1F212D2D93
:1081D0002D272D2D2D25232D2D292B0000207047F7
:1081E0000E2070470B2070470C2070470920704705
:1081F0000320704702207047042070471120704709
:1082000012207047132070471420704716207047C3
:10821000172070471820704700F5804070470120F4
:10822000704713B504460DF107018030FFF708FFD2
:1082300060B92368DA6A5AB193F84A209DF80710AA
:1082400061F3000283F84A2002B010BD0620FBE76C
:108250000D20F9E7F7B504460025012700F1800657
:10826000B4F88620B4F888309A4204D10020C4F8CB
:10827000A05003B0F0BD30460DF10701FFF7D0FE6E
:1082800038B99DF807301F2B05D807FA03F31D43B3
:10829000E6E70620EDE70720EBE700F1A4018030D8
:1082A000EDE60C207047002307B580300DF1070183
:1082B0008DF80730FFF7D7FE18B99DF80720024B5D
:1082C0001A7003B05DF804FB804A002007B58030C7
:1082D0000DF10701FFF7C7FE00280CBF0C20062098
:1082E00003B05DF804FB07B580300DF10601FFF720
:1082F000C6FE00280CBF0C20062003B05DF804FB6E
:10830000FEE7FEE70022002373B50446CDE9002313
:10831000FFF729FD6946054604F18000FFF7DDFE01
:1083200080B9DDE90032AB4272F100010CD341F2B9
:1083300070115B1B04EB010662F100026350726076
:1083400002B070BD0620FBE70720F9E7F0B5044650
:108350000C260020013A90420DD370430A180958A8
:108360008B4215BF0023D2E90101C4E90033C4E9FF
:1083700000012046F0BD85186D0806FB05F7CF59B2
:108380009F422CBF2A46681CE5E770B541F255159F
:1083900000F5805696F85211044629440144803075
:1083A000FFF74EFE50B9226896F85231D26A3AB1C0
:1083B0001C44625D034B83F8202170BD0620FCE75E
:1083C0000D20FAE70810002013B504460DF1060150
:1083D0008030FFF754FE60B92368DA6A5AB1BDF8FD
:1083E0000620B3F84010914201D0A3F8402002B01B
:1083F00010BD0620FBE70D20F9E7BFF34F8F0549BD
:10840000054BCA6802F4E0621343CB60BFF34F8FA1
:1084100000BFFDE700ED00E00400FA05FEE704F010
:10842000B9B970B5044601260B4D04B970BD94FA74
:10843000A4F0B0FA80F006FA00F224EA0204C200C6
:10844000AA580F2805EBC001C8BF1038002AECD08D
:108450004968C0B29047E8E72C110020074BD3F8D9
:108460002404D3F8202403F50053104000F05530C5
:1084700020F05020C3F82004D3E700BF00C0035011
:10848000074BD3F82404D3F8202403F500531040FD
:1084900000F0AA3020F0A020C3F82004C1E700BFFC
:1084A00000C0035010B5416C4369A1F11404DA1CFB
:1084B000B2FBF4F203EBC2000330B0FBF4F0B1F511
:1084C000805F00F1010002D1012828BF01200130A6
:1084D00010BDF7B507460E4600257C6CA81964420E
:1084E00080EA06031C4003D02C46204603B0F0BDB2
:1084F000FB6B01225B6901A99847019B0133F4D111
:108500000435EAE72DE9F341154690F842201E466E
:10851000012A14BF042302235D43CF7D2C1D844612
:1085200005F00205BFB915B1012724F0030448681E
:1085300008342044DCF83C30012A5B6927D101A9CA
:10854000984717B1BDF806300193BDF80430336089
:1085500002B0BDE8F08155B124F0030400230D7E84
:1085600001F1200ED8B2854203D80020E2E72F4661
:10857000F4E73EF8330003F10108A04204D901EB0F
:10858000C303D8690834D4E74346241AEAE7012232
:10859000314602B0BDE8F0411847D01E009B424270
:1085A0004241187E824212D11A688A420FD85A6814
:1085B0008A420CD35A6901325A61D3E903028242DA
:1085C00005D2986840F822101A6901321A61012018
:1085D000704700234FF0FF3142689A4202D80023CF
:1085E00003727047026842F83310026802EBC3025C
:1085F00051600133F0E7002370B545689D4211D00A
:108600000468DE0054F83320B2F1FF3F0BD0C2F310
:108610001302914207D14FF0FF3244F83320036830
:1086200033445A6070BD0133E8E710B5032A029C59
:1086300007D1A26A5340626C5242134201D1FFF744
:10864000DAFF012010BD0023F0B545689D4202D13C
:108650004FF0FF300EE00468DE0054F83340671C32
:1086600009D0C4F31307B94205D1240D147003686F
:1086700033445868F0BD0133E8E773B5164600F19E
:1086800008040D46204609680DF10702FFF7DBFFDD
:10869000032E05D16B68834202D12046FFF7ABFF62
:1086A000012002B070BD00BF2DE9F0414668002EE8
:1086B0003AD0056898464FF0000CAE4655F83C405D
:1086C000C4F31307013401D0B94222D00CF1010CDC
:1086D000B4450EF1080EF1D100273C4603E0B44248
:1086E00007F108071DD055F8343001340133F6D1B5
:1086F0006FEA01316FEA1131E9510168CB59C3F3D7
:10870000130343EA0853CB5103683B445A60BDE866
:10871000F08141EA0851CEF80010036803EBCC0366
:10872000F4E7B8F1030F03D101230372BDE8F08130
:1087300000231C4603E0B44203F10803F4D055F8CB
:1087400034700134C7F3075CBCF1030FF3D16FF34E
:1087500013073943E9500468E158C1F3130141EAB2
:108760000851E15001680B44D0E708B508301346C2
:10877000D1E90012FFF798FF012008BD4FF48032C5
:10878000064B00209A6641F6713203F51C33DA631A
:10879000012203F50053DA60704700BF00900050DB
:1087A0000B4B01219B6EDB035EBF4FF48032094B04
:1087B0009A6641F67132084BDA63084AD1600022AA
:1087C000DA634FF48032A3F518339A66704700BF1E
:1087D0000080005000900050000003500020035023
:1087E000704737B5054601F10C04436901A9012220
:1087F00020469847BDF80430012200936946204680
:10880000AB69984703B030BD202A0B681EBF4FF0FC
:10881000FF3191408B43590801F055315B1A03F049
:1088200033319B0803F033330B44017803EB13130C
:108830000A444FF0013103F00F334B43A2EB1362B4
:108840000270704737B5044600251B22011D0DF14B
:1088500007008DF80750FFF7D7FF63689DF80720E2
:10886000B2EBD36F03D123F0784003B030BD1B22AD
:1088700004F108018DF80750FFF7C6FFA0689DF8C6
:108880000730B3EBD06F0ABFC0434FF0FF3020F08A
:108890007840EAE72DE9F0430646994689B0036936
:1088A00008460F46904698470446002867D1D9F8F5
:1088B00004305B0A012B22464FEA530304F1010402
:1088C000F8D899F8035099F802302D03DB0203F42D
:1088D000006305F480551D43B9F800304FF00009DE
:1088E000C3F30A0352032B4492B29D18294B0DF196
:1088F00007001B2228F0784402A9039302948DF804
:108900000790FFF781FF9DF807306FEA054544EABD
:10891000C36404946FEA08041B2224F0784402A97B
:1089200002948DF80790FFF76FFF9DF807306FEA0C
:10893000154544EAC3644FF0FF33012205940693C2
:1089400007A9B369079507F110009847012204466B
:10895000B36905A907F1080098470122484518BFE7
:108960000446B36904A9381D98470122484518BF39
:108970000446B369384603A9984728B104463946E6
:108980003046FFF72EFF01E0002CF8D1204609B059
:10899000BDE8F08301009AB2034B5A6812B19A6A9B
:1089A000002AFAD1704700BF004006501F4C07B59F
:1089B00094F8243203B9FEE70023694604F50A70EF
:1089C000CDE9003309F094F9F0B9194AD2F84031F1
:1089D000D2F840211F2B4FF0010310D9203A9340C9
:1089E000019A1A43019294F85C321BB1694611480E
:1089F00009F0B8F9104B114A1A60FFF7FEFC9340DA
:108A0000009A1A430092EEE72D28F3D1084AD2F8D3
:108A10004031D2F840211F2B4FF0010385BF203A8F
:108A200093409340019398BF0093DCE70810002027
:108A30000080004430120020000000200B020FF0E4
:108A4000F8B5EFF31187302383F311881A4D1B4ECD
:108A500013F08AFAA869D6F890422B6CDB0703D58D
:108A600013F082FAA869013487F31188BFF36F8F7E
:108A7000134B8342134BA3411DD3D6F89422D2B19A
:108A80004FF47A73A0FB030103FB0411531E13423E
:108A90000DD1B2FA82F2C2F11F04531CD243E0405E
:108AA00001FA03F3184321FA02F21043F8BD002340
:108AB00009F09AFFFAE7FEE700800A50081000204C
:108AC000EFA7C64B3789410007B50A4600B9FEE754
:108AD000037F03B1FEE7074B019000934168012338
:108AE0004FF0FF3012F00FFC00B1FEE703B05DF86D
:108AF00004FB00BFD9CA01084FF0FF3012F093BB4E
:108B000000B9FEE741684FF0FF3012F03ABB2DE9A3
:108B1000F341044601A98030FFF705FB78BB03460B
:108B200006460125DDF804E0164991F80880B8F101
:108B3000000F19D00A68964516D1A3F12002C3F19F
:108B4000200625FA06F605FA02F2324305FA03FC7E
:108B5000D4E9307627EA0C0726EA0206C4E9307623
:108B6000BEF1000F08D1464601331F2B01F10C0165
:108B7000DBD1002E08BF072002B0BDE8F08106203F
:108B8000FAE700BF78CB01082DE9F341044601A9BB
:108B90008030FFF7C8FAB0BB034605464FF0010C22
:108BA000DDF804E0194991F80880B8F1000F1FD0F2
:108BB0000A6896451CD1D4E93076A3F12002C3F1AE
:108BC00020052CFA05F50CFA02F22A430CFA03F5FB
:108BD0002F431643C4E93076D4E92E7627EA0507F9
:108BE00026EA0206C4E92E76BEF1000F08D14546FA
:108BF00001331F2B01F10C01D5D1002D08BF072037
:108C000002B0BDE8F0810620FAE700BF78CB01088A
:108C1000002373B500F18006044601A930468DF8A3
:108C20000330FFF740FA054618B10625284602B082
:108C300070BDB4F88620B4F888309A4229D0304606
:108C40000DF10301FFF7FCF90028EED122689DF831
:108C50000310D36AE9B10BB90D25E7E7D2F89010FC
:108C6000019B994238BFC2F89030128F9206DDD531
:108C7000EFF31181302282F31188104AD2F89C025E
:108C8000984238BFC2F89C3281F31188BFF36F8FCE
:108C9000CCE72368DA6A002ADED0019AC3F8902074
:108CA0001B8F9B06C2D5EFF31183302181F311880E
:108CB0000249C1F89C2283F31188E7E708100020DD
:108CC00037B505460DF106018030FFF7D8F90446A7
:108CD00098B92B68DB6A93B1BDF8060008F07CF800
:108CE00083B2092B0DD8084B03EB800080F8DA42E1
:108CF000A0F8D842204603B030BD0624FAE70D2480
:108D0000F8E70A24F6E700BF081000201FB500238B
:108D10000C46006801A98DF80C3008F094FA024660
:108D200038B99DF80C30012B06D0022B09D003B9BD
:108D30002072104604B010BD2372BDF804302380A9
:108D4000F7E7237201AB03CB20606160F1E710B558
:108D5000044644EA010313F00303084609D1934291
:108D600001D1002010BD54F8231040F82310013326
:108D7000F5E72146920012F0C7F9F2E770B50C460C
:108D80000646A0B199B10B4D95F800330BB108F030
:108D900031FAD5F8083353B122463146D5F80403E9
:108DA000984708B1072802D1012385F800332046EF
:108DB00070BD00BF0810002070B504460E46E5885F
:108DC000134682880068AA4234BFA91A00211044C1
:108DD000324611F0D7FE002800DAFEE7A388E288C9
:108DE000184480B2904228BF2368A08022BF9B18FD
:108DF000002203F8012C204670BD0EB417B50446BE
:108E000005AA52F8041B0192FFF7D6FF204603B0D3
:108E1000BDE8104003B070470FB44FF41603F0B52F
:108E20000024ADB032AD55F8047B4322194906AE9B
:108E300004A80593039504968DF81840FFF7DDFF0D
:108E40002346154A12F8011B09B99BB202E001330F
:108E50000E2BF7D1114A12491344009304A8A2F132
:108E600009030E22FFF7C9FF2A46394604A8FFF777
:108E7000A3FF0C4A0C4904A8FFF7BFFF334610219B
:108E80000120094A07F07EFE2DB0BDE8F04004B095
:108E9000704700BFCF010208ECCC0108F5CC0108F7
:108EA000D501020861070208810502082DE9F04199
:108EB00083888846232B17469EB06CD90668346891
:108EC00024F04003802B02D0B4F5807F63D10125CC
:108ED0002022002116A812F03DF93C4BE408DFF8EF
:108EE000F8C044F000541593331D0C930D950CAB52
:108EF0000E9403AC93E8070006AB84E80700CDF8B6
:108F00003C800FAA1095CDF844C007CA83E807003B
:108F1000129712AA1395CDF850C009AD07CA85E87B
:108F20000700169A002A37D11694169A002A3ED1C5
:108F30001693294615A813F0F2FD1D9B042B12D899
:108F40001EAA991C02EB81003268D20840F8202C3E
:108F50005A1C052A1D9206D01EAA02EB830310227A
:108F60001D9143F8142C4FF48062194B9A66BFF39D
:108F70004F8FBFF36F8F15A813F0B1FD4FF09843DB
:108F80005A6CD202FCD54FF480615B6D114A13F428
:108F9000702F916616D0FEE7169A0292029A5268D6
:108FA000012A029A01D15460BFE75268F5E7169A88
:108FB0000192019A5268012A019A01D15360B8E7DF
:108FC0005268F5E71EB0BDE8F08100BF0001000463
:108FD0000090005000A000501000002010B5436821
:108FE00004464BB1007807F057FF20B9A37C022B51
:108FF00001D00223A37410BD0D20FCE7002313B59C
:10900000044601A980300193FFF78DF8C0B92368A9
:109010009DF80420D96AB1B183F828202368DA6A60
:109020007AB104F5805292F85221144441F24E1262
:10903000A25C32B103F1280002B0BDE81040CDE7D8
:10904000062002B010BD0D20FBE710B58378044662
:1090500003F0FB03032B1FD10388DB0612D5042387
:10906000A370A06908F0D9FC0D2809D1A269536941
:109070003BB100235361A2691361A06908F0CDFCE4
:1090800050B1FEE78369987907F006FF00B1FEE76B
:10909000A378042BE5D0E2E710BD07F0E5BF012B74
:1090A00008B50DD0022B15D0D3B98A4237BF43681B
:1090B000511A5B1A01683CBF521AD11888B208BD18
:1090C0008A4289BF4368891A9B1A026884BF891A39
:1090D000C918F3E7C721034B034A04480AF054FABE
:1090E0000021EBE7DE010208E40102083E0202086B
:1090F0000368006D93F8281007F042BD044B006D23
:1091000093F82013490001F0FE0107F039BD00BFBC
:10911000081000203221006D07F032BDAF21006D34
:1091200007F02EBDF8B505460E460024012707FAC4
:1091300004F3334204D10134202CF8D10020F8BDCF
:10914000286DE1B207F01CFD0028F4D0F7E7D0F855
:10915000A010E7E70049E5E700F8FF070049E1E76D
:1091600000F8FF070368D96A59B141F2541200F5BB
:10917000805393F8523103449956013118BF0121AD
:109180004900006D07F0FCBC0121006D07F0F8BC40
:109190000021006D07F0F4BC0421006D07F0F0BC65
:1091A00090F8C810006D07F0EBBC10B5044607F04E
:1091B000D9FEC1B2206DBDE8104007F0E1BC9C2192
:1091C000006D07F0DDBC0221006D07F0D9BC30B5A1
:1091D000154A87B002AC516805461068224604ABB8
:1091E00003C3124B124913F801098B4202F8010B19
:1091F000F9D10822204604A911F076FF60B90D4B81
:109200009A6CDB6CCDE900236A46234613F8011DF6
:109210009A4204F8011BF9D10822286D0DEB0201D6
:1092200007F03CFC07B030BDA90202080900E00FBE
:109230000100E00F0080E00F01680822006D42315C
:1092400007F02CBC0368006DD96A003918BF0121F2
:1092500007F022BC41F24E1200F5805393F85231D0
:109260000344995C006D07F017BC41F2551200F5FC
:10927000805393F852310344995C006D07F00CBCA5
:10928000002337B505460DF1070180308DF8073012
:10929000FEF7C6FE0446A0B99DF8073023B1013B96
:1092A000012B09D9072404E02B68DB6A5BB107F0C6
:1092B000B9FA204603B030BD2B68DB6A1BB1012030
:1092C000F5E70624F5E70D24F3E773B505460DF140
:1092D00006018030FEF7D3FE044658B92D68EB6ACC
:1092E00053B1BDF80660304607F0E8FA6E852046B7
:1092F00002B070BD0624FAE70D24F8E7002337B565
:1093000004460DF1070180308DF80730FEF798FE16
:10931000B0B923689DF80750DA6A22B16DB103F144
:109320002800FFF75BFE04F5805393F852311C448C
:1093300041F24E13E55403B030BD07F0EBFAF2E70B
:109340000620F8E713B504460DF106018030FEF75C
:1093500096FE48B92368DB6A4BB1BDF8060002B03F
:10936000BDE8104007F052BD062002B010BD0D2030
:10937000FBE737B503680446DB6A1BB328220021EC
:10938000114811F0E7FE04F18005B4F88830B4F814
:1093900086209B1A9BB2012B01D800200EE02846A4
:1093A0000DF10601FEF76BFE50B92368DB6A4BB185
:1093B000BDF8060007F02AFD0028E6D003B030BD56
:1093C0000620FBE70D20F9E7E012002037B505463F
:1093D0000DF106018030FEF752FE044668B92B6895
:1093E000DA6A72B1BDF806100246D987064BD3F887
:1093F000240311F070FF08B1FEE70624204603B0F5
:1094000030BD0D24FAE700BF081000202DE9F04F11
:10941000DFF8F8829F4AB8F828339F48B3F5406FC9
:109420004FEA132138BF02EB8102C5B0FFF7F4FC0D
:10943000B8F82813994B0A0A03EB8203D3F8A03239
:10944000CAB203EB82029648FFF7E6FC0123B8F8A4
:109450002823120A934040F2A172134200F08C803C
:10946000904C9148D4E90D325F0748BF0025D4E9FC
:10947000121B4EBF2F46276D8B46D4F83CA05DBF14
:109480008A4D9246DFF88892DFF8889213F0080F31
:10949000874B884918BF1946EE1B1FBF642273080B
:1094A00002FB0B33B3FBF6F31ABF9BB20393039695
:1094B0003B464A46CDE9005AB6B2FFF7ADFC4B46F3
:1094C000039A7D4800961FFA8BF1FFF7A5FC5545DE
:1094D00001D3574503D949467848FFF79DFC626E92
:1094E000E36D1343226E13434AD07548FFF794FC93
:1094F00000264FF001096B4F0025FA6D09FA05F3BC
:10950000134203D06F487119FFF786FC0135202DF7
:10951000F3D12036602E07F10407EDD140F6052285
:10952000B8F8283393420ED8B3F5206F2CD840F208
:109530000252934236D040F2017293423AD040F246
:10954000015293422AD0002504AE4FF480720021CC
:10955000304611F0FFFD2F46DFF8BCA1DFF8448153
:10956000DFF8B8919AF80030002B40F0F3801DB17D
:1095700031465548FFF750FC002045B0BDE8F08F5C
:109580005248FFF749FCC9E7A3F60223032B17D87B
:10959000DFE813F02D005300C600DE004C48FFF753
:1095A0003BFCD0E74B48FFF737FC216C4A48FFF7FC
:1095B00033FCC8E74948D4E92512FFF72DFCC2E780
:1095C0004748FFF729FC94F86C309E0702D54548C0
:1095D000FFF722FC94F86F305D0602D54248FFF792
:1095E0001BFC94F96F30002BADDA4048D7E74048B8
:1095F000FFF712FC94F86830980703D0216C3648C6
:10960000FFF70AFC94F96830002B03DA616F3948E0
:10961000FFF702FC00250127374EA26E07FA05F37B
:10962000134206D056F825100B7813B13348FFF7D4
:10963000F3FB0135082DF0D185E73148FFF7ECFB4E
:10964000216C2548FFF7E8FB94F86930590702D5EB
:109650002C48FFF7E1FB94F96930002B03DA616FC6
:109660002448FFF7D9FB0825234EA36EEB40DA0709
:1096700006D556F825100B7813B12048FFF7CCFB20
:109680000135102DF1D194F86830002B7FF45BAFD9
:109690001D4884E704CD0108D102020860CB01080F
:1096A000E702020880490020070302080810002092
:1096B000BF020208C602020838030208710302084A
:1096C0008F030208BE03020881050208C2030208D4
:1096D000D703020814040208440402085E040208C6
:1096E0007904020891040208CB040208FE0402086F
:1096F0003A0502085F05020830CE01087C05020821
:10970000840502089B050208E105020808100020F4
:10971000BA020208B202020834CD0108CE020208E1
:109720001E48FFF779FB216C1D48FFF775FB1025DC
:109730001C4EA36EEB40DB0706D556F825100B78C0
:1097400013B11948FFF768FB01351A2DF1D1FAE67C
:10975000164828E7164B07F00302032A18BF4B46AA
:10976000019358F8043B4FF480710093114A53461B
:10977000701911F08FF91AF8013B002BFBD17A1CFC
:1097800012F00304D7B203D02844C4B22546E9E658
:1097900031460948FFF740FBF8E700BF1106020811
:1097A0004404020830CE01087C0502082A0602089B
:1097B000610702084B060208810502082DE9F74FF0
:1097C0008A464FF480314FEA820B324A324D91661D
:1097D000EA69814602EA010341F6713201210093F0
:1097E000EA632E4A0746D160D8465246B8F1000FC8
:1097F00001D140462CE007F500546FF30C046F6173
:10980000E41BE969444528BF444649073BD4164652
:1098100056F8041B2244A961964210D1042200216B
:1098200021202A6113F098F990B90146212013F004
:1098300093F968B932462744A8EB0408D6E7082113
:109840000846019213F088F9019AC0B104232B61F4
:109850000122134BDA60009B13B100220E4BDA6336
:10986000431C13D0A0B95A465146484611F03CFC5F
:10987000002814BF3D20002003B0BDE8F08F56F84B
:10988000041BA961C8E74FF0FF30E1E76E20F3E762
:109890007120F1E7009000500000035000100350C9
:1098A000002003504FF4803270B51D4B1D4D9A6659
:1098B000EE6941F6713316400122EB631A4B002129
:1098C000DA600223686104462B61212013F044F919
:1098D000014618B9212013F03FF901460122134B2C
:1098E000DA600EB10023EB634B1C14D0A9B9104B06
:1098F0009A6801230A3202F01F02934023F0030307
:1099000023449C4201D1002070BD54F8042B013245
:10991000F7D03E20F8E76E20F6E77120F4E700BFAD
:10992000009000500000035000100350002003502E
:109930000080E00F1FB54FF000639B6A03F178428F
:10994000B2F5C04F04D340F2011005B05DF804FB3E
:109950001B6B03F17843B3F5C04FF4D201238DF8AC
:109960000430002301A8CDE9023306F0FFFF039B7A
:10997000DB03E8D5029B1A0EE5D0012A03D1C3F31D
:1099800007430A2BDFD94FF000639B6A1B6B1B6CEC
:109990009847DAE710B5044B0A46D3F8383300216C
:1099A0000446984710BD00BF60CB01080023036048
:1099B00043607047094B091A891030B55943024674
:1099C000002324258B4205FB032004D0046A04B144
:1099D00030BD0133F6E70020FAE700BF398EE338E7
:1099E00070B50D460668EFF31182302181F31188BE
:1099F0000021046A016282F31188BFF36F8F002C8B
:109A000000DC70BD3046013CA847F8E7022012F0A8
:109A1000ABBB38B5056804463DB1284607F076FA79
:109A2000284612F0B5FA0023236038BD034670B50E
:109A3000F8B10668022E1CD10E4C5A7904F54E700E
:109A400000EB82009A798AB11D79FFF7E2FF94F862
:109A500018316DB26BB194F88A302846022B18BFCA
:109A600084F88A60BDE8704006F01ABFBDE8704017
:109A7000CFE770BD0810002038B51446002A39D051
:109A8000D168936801391C4D9942D5F824034FF0F1
:109A9000FF3118BF002111F0B7FB10F5007F0CD18A
:109AA00080232374A368E26801339A42A3600FD92C
:109AB0002046BDE8384006F013BF002894F9103066
:109AC000B8BF033040F387008342B8BF2074E9E792
:109AD00094F91030237102232360A37913B1204637
:109AE000FFF7A4FFD5F824030022BDE83840802109
:109AF00011F054BB38BD00BF0810002008B5074B5B
:109B0000D3F8240311F08DFB30B1054BB3FBF0F01B
:109B100083B20BB1184608BD0120FCE708100020F5
:109B200040420F001FB5FF238DF804300023CDE91C
:109B30000233064B014601AAD3F8240311F000FCBE
:109B4000003818BF012005B05DF804FB08100020A4
:109B5000F8B506462C4D33680C46D5F824031BB3E4
:109B6000972111F0A8FB024600B1FEE73168D5F855
:109B700024030AF0BBFC00B1FEE73168D5F82403EA
:109B800011F032FB3179814200D0FEE7D5F8240391
:109B90000AF072FD00B1FEE70122D5F82403114658
:109BA00011F05CFB20B1FEE70AF0FAFC00B1FEE721
:109BB0000322D5F82403114611F040FB7F2C20D05E
:109BC000D5F8240311F01CFB042814D104EB840401
:109BD0006400D5F824730A21384611F0ABFB40F637
:109BE000E441384611F0A8FB2146D5F8240309F0DA
:109BF00021FC30B1FEE7D5F8240309F0E1FB04466F
:109C0000E7E7C5F83C63F8BD0810002038B5044606
:109C1000164D12F0BDFA237D95F844239A4223D8BD
:109C200095F845239A421FD3D5F83C3305F550707B
:109C3000834202D07F21FFF78BFF8022D5F82403D7
:109C4000114611F0ABFA10B1012000230AE0207D8B
:109C5000FFF768FF0028F7D1204606F041FE0028F4
:109C6000F2D10123236038BD2120EEE70810002047
:109C700000232DE9F74F04460DF1070180308DF8E0
:109C80000730FEF7CDF9054600287AD19DF8073058
:109C900013B1022B04D00C25284603B0BDE8F08F89
:109CA0002768FB6A002BF7D041F2541104F580536A
:109CB00093F8522122445356013301D00D25EBE78E
:109CC000D4F8A030002B5ED0581E18425BD1B3FAF6
:109CD00083F3C3F11F065654FB6A002BEED097F8AE
:109CE0003A30002BEAD0033B042BE7D93B8F9B078C
:109CF000D1D5DFF8A0A0DAF83893B9F1000F3CD144
:109D00004FF47A73B4F8A480182003FB08F806F027
:109D100065FB4FF0800B86820126C0F800908671AB
:109D200080F804B080F80590C0F808900446FFF76A
:109D3000E5FEB8EBC00F4FEAC00328BFB8FBF3F64F
:109D4000204684F810B0E660FFF760FF58B9CAF803
:109D5000384397F83A30052B1CBF052387F83A3073
:109D60000A4B7B6398E7DAF83833A34205D02046E4
:109D700007F0CCF8204612F00BF90548FFF749FE32
:109D8000E7E7062588E7072586E700BF31B2000828
:109D9000401300200810002008B5054B00EB8000A0
:109DA0004100D3F8240309F045FB00B1FEE708BDEC
:109DB0000810002038B50F4B0C4693F8442382421C
:109DC00015D893F84523824211D303F55075D3F883
:109DD0003C33AB4204D10846FFF7DEFF002038BD1C
:109DE00007F08CF821462846FFF7B2FEF6E7072079
:109DF000F5E700BF08100020002313B580300DF1F7
:109E000007018DF80730FEF72EF9044640B99DF89A
:109E10000720054B83F8482307F01EF8FFF7BCFF27
:109E2000204602B010BD00BF0810002013B500F19D
:109E3000800420460DF10701FEF7F2F818B1062460
:109E4000204602B010BD20460DF10601FEF70BF9C9
:109E500004460028F3D19DF80720A2F10B030F2B35
:109E60000AD8064B13449DF8062083F83E2306F0DB
:109E7000F3FFFFF791FFE3E70724E1E70810002075
:109E800008B5302383F311884FF000534FF20F02CF
:109E900018805A80BFF35F8FFEF7AFFA2DE9F041CB
:109EA0006D4A6E4B55686E4C5D65516A99656D499A
:109EB000D1F80002D865D1F804021866D1F808126A
:109EC000586B5966916A10F0040F9966D16A4FF089
:109ED0000000D966116B1967516B5967D26BD86452
:109EE0009A67D3E90E1218BF11465F4A91421A656C
:109EF0005DD301F12000A04259D88869C5F3080557
:109F00001864CE69062D5E6455D1584DA84252D3CF
:109F1000574DA8424FD205884DF6426085424AD13E
:109F20001868C3F894005868C3F8980040F20170AC
:109F3000A242154604D22E680432B6F1CD3FF7D0C6
:109F40000022C3E91F22C3E92122C3E92322641BA3
:109F5000DFF818C1424DDFF818E19C648D422DD81E
:109F6000D3E91FC7D3E92165D3E923414FF0000EA0
:109F7000013AD2B2FF2A3BD1BEF1000F05D0C3E9AE
:109F80001FC7C3E92165C3E92341B3F85430C3F3C4
:109F900008030C2B3AD8022B53D9DA1E092A50D8C1
:109FA000DFE802F030563F424F4F4F4F4F4C0021F9
:109FB000C3E910112C494FF42060B9E755F8044D5E
:109FC0006445CBD37445C9D2E607C7D50026294FCF
:109FD00057F8048FA045C1D00136062EF8D12AB11A
:109FE000013AD2B203EB8206F467B7E70522F9E73C
:109FF000E0464FF0010EBC4637462E4625460C463D
:10A000004146B5E740F60120BDE8F0813A2B18D172
:10A01000194B9B6913F0020F40F2025318BF184608
:10A02000F2E740F60320EFE740F6042240F2017326
:10A03000B0F5206F0CBF10461846E5E740F6052046
:10A04000E2E740F60722013B5A2B98BF1046DBE7B8
:10A0500040F60220D8E700BF00ED00E08049002074
:10A060000810002000E100E008000020E061000886
:10A0700040CB0108F84900200040005B084B03F585
:10A080005772D2E8AF2FD20707D493F85C2322B9D6
:10A09000C3F86023012283F85C230248704700BFA5
:10A0A00008100020681300201022002111F052B87F
:10A0B0002DE9F04F00F1800493B006460DF109013F
:10A0C0002046FDF7ADFF20B10625284613B0BDE8B8
:10A0D000F08F9DF80930082B01D00725F5E72046C1
:10A0E00002A9FDF79DFF0028EED120460DF10A02DE
:10A0F00005A9FEF749F80028E6D1BDF80A30102B73
:10A10000EBD120460DF10A0204A9FEF73DF8002824
:10A11000DAD1BDF80A30102BDFD120460DF10A024A
:10A1200003A9FEF731F805460028CDD1BDF80A3065
:10A13000102BD2D1DDE9034B059BD6F8009006AE7B
:10A1400030460AAF01939DF808A00DF13808FFF7DB
:10A15000ABFF3846FFF7A8FF4046FFF7A5FFD9F849
:10A160002C20002A43D0B446019B03F1100E624616
:10A1700018685968083303C273459446F7D15B46A3
:10A18000BC460BF1100E624618685968083303C2CA
:10A1900073459446F7D12346444603F1100C2246FA
:10A1A00018685968083303C263451446F7D196E826
:10A1B0000F0009F1600489F894A084E80F0097E883
:10A1C0000F0009F1700484E80F0098E80F0009F10E
:10A1D000800484E80F00B9F838309B067FF575AF2E
:10A1E00043463A463146504606F02CFB6DE70D25B6
:10A1F0006BE770B5134D05F55973D3E8AF4F14F005
:10A20000010416D195F864339BB9C5F8684305F588
:10A210005B7630191034FFF747FFA02CF9D10B22E1
:10A22000094B013A194603F1100304D1012385F8C3
:10A230006433064870BDD5F8680343F8100CC5F8C0
:10A240006813EEE70810002074130020701300203C
:10A250002DE9F34100F1800420460DF10201FDF7E4
:10A260000EFF20B10625284602B0BDE8F081082285
:10A27000204601A9FDF778FF0028F3D18DF80100F1
:10A280000DF101012046FDF7CBFE05460028E9D17E
:10A290009DF80130DDF8048003F00106C3F34000AF
:10A2A000314646EA4006C3F3800046EA800603F0E2
:10A2B00008000643BDF80270C3F3C00206F00F06A3
:10A2C000B8F1000F44D019B913F0060F00D1E2B174
:10A2D000FFF7D4FE0468002C35D1FFF78AFF04682D
:10A2E000002C37D0236803602046FFF7DDFEFFF720
:10A2F000C5FE0368236004602671E780D8F800304B
:10A30000A360D8F80430E360ADE7FFF7B7FE02685A
:10A310002B4614460CB91725A5E7E188B94202D0AF
:10A3200023462468F6E743B90AB113680360FFF7D0
:10A3300060FF03682360046095E71A68002AF6D07E
:10A3400012681A60F3E7E388BB42D5D02468C2E7FD
:10A35000072588E7032586E7094AB2F80C3403B9D4
:10A36000FEE748F24E30D2F81034A3FB003010EB79
:10A37000530044BF20F000400130C2F81004704781
:10A3800008100020436853B9054B5A6D12B958653F
:10A3900040607047526842605A6D5060586570471F
:10A3A0000810002000F58052D2F87C2100F58C5373
:10A3B00002339A4203D100F5DD501030E2E77047D6
:10A3C0002DE9F041936805460C46164698473246FB
:10A3D000074621462846FDF77BFD286800220346F4
:10A3E0006BB16168D3F804E0A1EB070CAEEB070892
:10A3F00098EA0C0F14D4A1EB0E01002908DA52B927
:10A40000A0602C6031462846BDE8F041FDF744BD10
:10A410001A469B68E4E79368A3609460BDE8F08106
:10A42000BCF1000FEAE7084B596E1A6F8A4208BF69
:10A43000996E02F1804204BF0131996603491A679F
:10A44000A1F11400024ABBE708100020741000209C
:10A4500060CB01084160024A01460248B0E700BFF4
:10A460006CCB0108641000200146024A0248FDF747
:10A470002FBD00BF6CCB010864100020002337B54E
:10A4800005460DF1070180308DF80730FDF7D8FD46
:10A490000446C8B99DF807302D68C3B905F1BC0062
:10A4A000FFF7E2FF05F19800FFF7DEFF06F032FA52
:10A4B00040B9012011F058FE20B195F83A300BB1A7
:10A4C00085F83A400023EB62204603B030BD95F892
:10A4D0003A3063B9012011F047FE06F01BFA40B98B
:10A4E00095F83A30012B02D0012385F83A30014B20
:10A4F000E9E7FEE7E1B7000800F44052B2F5005F7B
:10A50000034622D148F2400220F44E5020F03F0092
:10A5100090421ED010D8B0F5446F1AD007D8B0F5CD
:10A52000046F18BF002814BF012000207047B0F549
:10A53000004018BF012070474CF6404203F44C43E2
:10A54000B3F5404F18BF9042EDE700F44063181E8A
:10A55000EFE70020704700F44053B3F5005F04D1EB
:10A5600000F44C43B3F54C4F08D0B0F5804F05D301
:10A57000C0F3801080F00100C0B270470020704727
:10A5800010B58388032B12D9006806F051FE80F4C1
:10A5900080720446C2F30021FFF7AEFF48B98A1C5F
:10A5A000C4F38123022B06D0032B16D02BB1FF203E
:10A5B00012E00A1DF4E70232D2B22046FFF7CBFFC9
:10A5C000C4F3813402EB4002022CD0B207D0032C3A
:10A5D00008D0002C18BFFF2010BD0832ECE7023075
:10A5E000C0B2F9E70830FBE710B583880446022BB8
:10A5F00007D9006806F05FFE18B12046BDE810409C
:10A60000BEE7FF2010BD70B50546FFF7B9FFFF2874
:10A61000044611D02E68304606F04DFE60B1A98880
:10A620008C420BDA305DFDF7C0FCFF2808D00444F3
:10A63000E4B2A142B8BFFF24204670BDFF24FBE76F
:10A640000446F9E738B505460C46FFF7CDFFFF286D
:10A6500017BF2B6806201B5C00201CBF03F00703FC
:10A66000237038BD38B505460C46FFF7BDFFFF28FF
:10A6700017BF2B6806201B5C00201CBF03F01803CB
:10A68000237038BD38B505460C46FFF7ADFFFF28EF
:10A690001FBF431C2A68DBB2D3581ABF00202360B7
:10A6A000062038BD38B505460C46FFF79DFFFF284C
:10A6B00000D1FEE72A68431CD9B2545452FA83F3FE
:10A6C000220A5A70220C240E9A70DC702B7F43F001
:10A6D00001032B7738BD70B506460D46FFF784FFA2
:10A6E000FF28044609D03268105CFDF73DFC224487
:10A6F0000244002053792B7070BD0620FCE770B532
:10A7000006460D46FFF770FFFF28044600D1FEE71E
:10A710003268105CFDF728FC22440244557170BD7C
:10A7200010B50446FFF760FFFF2806D02368185CC9
:10A73000FDF726FC0230C0B210BD0220FCE7F8B5E0
:10A740000646FFF760FFFF28044632D037683846D8
:10A7500006F06EFD830505461CD53046FFF7E0FF89
:10A76000B188A21C93B210FA82F28A4207EB040667
:10A7700020DC3A5D02F07F0213449CB210FA83F3AE
:10A78000994217DB328802F4FF42B2F57E5F01D0B6
:10A790009942E6DC3B7803F00703032B06D105F46E
:10A7A0004055B5F5005F1CBF0134A4B2FE2C01D8A2
:10A7B000E0B2F8BDFF20FCE710B50446FFF7BFFF8D
:10A7C000FF2816BF23680020C01810BD10B504462E
:10A7D000FFF7F2FF2368C01AC0B210BD70B505467E
:10A7E0008688FFF7F3FF04462846FFF799FF0444E5
:10A7F000301B80B270BD10B50446006806F018FD2D
:10A80000830503D52046BDE81040FCE6FF2010BDBF
:10A8100001F1080313F8012D8B4200F8012BF9D147
:10A82000704730B585B00546082201A98030FDF794
:10A830009BFC0446E8B92B68DA6AF2B1019902ADD3
:10A840000A682846C3F842204A68C3F84620FFF742
:10A85000DFFF07230A4AE95C013B02F8011BFAD239
:10A86000084B00222946D3F8240310F018FD08B144
:10A87000FEE70624204605B030BD0D24FAE700BFF0
:10A880001C140020081000201FB5002304460822D5
:10A8900001A980300193FDF767FC58B92368DB6A92
:10A8A00053B102A80199FFF7B3FF02A806F066FAB8
:10A8B00004B010BD0620FBE70D20F9E730B50368B2
:10A8C0000446DB6A85B033B328220021134810F018
:10A8D00041FC04F18005B4F88830B4F886209B1A56
:10A8E0009BB2072B01D8002011E00822284601A9BD
:10A8F000FDF73AFC68B92368DB6A63B102A80199E5
:10A90000FFF786FF02A806F039FA0028E3D005B069
:10A9100030BD0620FBE70D20F9E700BF241400201E
:10A9200030B585B00546082201A98030FDF71CFC32
:10A930000446C0B92B68DB6ABBB1019902A8FFF7D6
:10A9400067FF02A806F0F7F983B2092B8FBF0A242C
:10A95000074B03EB800080F81E4498BFA0F81C440E
:10A96000204605B030BD0624FAE70D24F8E700BF05
:10A970000810002038B54FF6FE7300250446C3804A
:10A980000381438A458003F0FE0343F4FE4343F012
:10A99000010343820571C0F80A50C0F80E504561AA
:10A9A0002830FFF781FB04F13800FFF77DFB04F14D
:10A9B0004800FFF779FB04F16000A565A4F85C503E
:10A9C000FFF752FDC4E91D55A4F87050A4F86C506F
:10A9D00084F86E50E56704F18400BDE8384043E533
:10A9E00082698378516909B912692AB1072B01D0AC
:10A9F00007238370FEF729BB032BFBD00323F8E763
:10AA000010B5274C94F88A30033B042B46D8DFE876
:10AA100003F00308191503002248BDE81040FEF7B3
:10AA200014BBD4F8A030987906F036FAD4F8A00018
:10AA30000E22BDE81040002106F043BC1948BDE8D5
:10AA40001040CDE7B4F888309B0700D5FEE706F04C
:10AA500089FA7F2807D094F99B307F2B01D0984248
:10AA600001DD84F89B00FDF77EF9D4F89C30C01A14
:10AA7000002806DAD4F8EC100B488031BDE810400D
:10AA8000E8E494F88A3094F99B00022B1CBF02235F
:10AA900084F88A30BDE8104005F002BF10BD00BF49
:10AAA0000810002090100020F0100020838843B18F
:10AAB00003685A1C026019708388013B8380002060
:10AAC00070470320704738B57E2905460C4600685C
:10AAD0000AD87C2903D801F0FD03112B06D1838805
:10AAE000012B15D8032038BDF829F7E72146FFF7D9
:10AAF000DDFF0028F6D1AA880A4B5440E4B203EBEC
:10AB00004403B3F83C33002083EA1223AB80EAE726
:10AB10007D21FFF7CBFF286884F02001FFF7C6FFF7
:10AB2000E9E700BF60CB0108036810B55A1E114663
:10AB300003628B4211D84162022101770021016337
:10AB4000A1F58031C0E90A33C0E90D13934207D85B
:10AB5000C0E90F23C0E9113310BD04892144E8E79F
:10AB600001890A44F2E7012B10B5044608460AD0D1
:10AB7000022B0FD01BB963681044834200D910BD6B
:10AB80002289801AF9E72368881A8342F7D9228933
:10AB90001044FAE79C21024B024A034808F0F4FCF7
:10ABA000DE0102085A0602083E0202082DE9F047BB
:10ABB00090F8242012B90D20BDE8F087013A05680D
:10ABC000D2B280F8242095F81C90B9F1020FF2D08F
:10ABD00000EBC204AB6AA6689E42ECD1D5F82CA06B
:10ABE00031464B4652462846FEF759FA676880467A
:10ABF00031464B463A462846FEF751FA804506460E
:10AC0000D9D94B46524639462846FEF748FA01281C
:10AC1000D1D90236464512DC841EA4B23C702B7F8B
:10AC2000012239462846FFF79EFF240A0470014698
:10AC3000012228462B7FFFF796FF0020BCE7072064
:10AC4000BAE7134610B501220C78FFF78CFF0378A2
:10AC50002402E01880B210BD2DE9F04F8B4B85B077
:10AC6000D3F84444261D04F58055216CA06A814226
:10AC700008D1E26B636A9A4204D195F8A039022B9D
:10AC80007CD0B5E095F8A039012B00F0A880022B0C
:10AC900074D0002BEBD194F8C830012B04D194F878
:10ACA0009830002B00F0A4804FF6FF737E21D5F87A
:10ACB0008409A5F88839FFF7F9FE002840F098804C
:10ACC000236CA26A934203D1E06B616A884211D07F
:10ACD00094F8391021B99B1A18BF012384F8383031
:10ACE00094F83830304604EB8303DB6BC4E911334E
:10ACF00005F0CAFF012385F8A03994F83920032A0A
:10AD000002D0002A40F08480236CA16A8B4203D1D8
:10AD1000E76B606A87422ED094F89800009022B9C1
:10AD20005B1A18BF012384F8383094F838800B2759
:10AD300004EB880ADAF83C90DAF824B04946594521
:10AD40006AD13046CAF83C10FDF73EF9002384F87A
:10AD500039304FF6FF73A769638767B133464246C0
:10AD60004946E069B847009B2BB194F8983013B975
:10AD7000012385F8AC3B022385F8A039D5F8843946
:10AD8000B5F888990DF1080893E8030088E80300F6
:10AD90006FEA090104F5CC5704371FFA81FA3846E7
:10ADA000C9B2FFF790FE002855D0D5F88439029833
:10ADB000B8F8042018609A80A5F8889918E0E16C2A
:10ADC00094F8383030460F78FFF7CDFEA36CE0647E
:10ADD000984202D1304605F057FF85F8A17904F575
:10ADE000CC5095F8A1190430FFF76DFE002884D0EF
:10ADF00004F58C50D5F87C410230241AA1B2002908
:10AE000041D0D5F878319847A4B2A0423BD0FEE7B4
:10AE1000012AD4D00027E0E7424630460191FFF7EF
:10AE200010FF10F4004F019901D0894589D1C0F37A
:10AE30000D00821C43463046FFF795FE013F17F098
:10AE4000FF0701467FF47BAF40F24531104B114ABA
:10AE5000114808F099FB38464FEA1A21FFF733FEF4
:10AE60000028A2D17E21D5F88409FFF71FFE002813
:10AE70009BD195F8AC3B85F8A009002B3FF4F5AECB
:10AE800085F8AC0BF1E605B0BDE8F08F08100020A6
:10AE9000AD060208C90602083E020208F8B5047FA2
:10AEA0000546022C0E4605D1E6210E4B0E4A0F48F0
:10AEB00008F06AFB2346B4FA84F4C76A01223946D3
:10AEC000FFF751FE6409083455F82430834203D05B
:10AED0003E70E8620020F8BD2846FDF796F8032092
:10AEE000F9E700BFF6060208120702083E02020850
:10AEF00070B5D0E90A239A4204461DD1037F002190
:10AF0000083350F82350AB1A5D425D41FFF7C6FF8E
:10AF1000ED03014608B1032070BD2046FFF7BEFFD8
:10AF200006460028F7D1A16A2D0A237F0122204678
:10AF30000D70FFF718FE06700020EDE738B5037FAF
:10AF40000446022B0D4607D0FFF7D2FF30B9294641
:10AF50002046BDE83840A1E70D2038BD0320FCE7BE
:10AF600038B504460D460068C9B2FFF7E7FF20B9BF
:10AF70002068290ABDE83840E0E738BD50F8503B6A
:10AF8000598DEDE750F8503BD98FE9E7B0F8A410A0
:10AF90005030E5E738B504460D460068C9B2FFF702
:10AFA000CDFF80B92068C5F30721FFF7C7FF50B96F
:10AFB0002068C5F30741FFF7C1FF20B92068290EBB
:10AFC000BDE83840BAE738BD036893F8281071B17E
:10AFD0000A2906D84FF4FA62074B11FB02315030B0
:10AFE000D8E7192905D841F28832044BF5E704491E
:10AFF000F5E70021F3E700BF40CB0D00B0DB2300F5
:10B00000CC3F0D0070B590F824500446032D1DD898
:10B010000668337F022B19D03046FFF769FF0146DF
:10B02000B0B9F36A04EBC5056B60B36AAB60206826
:10B03000FFF784FF48B901462068FFF77FFF20B97A
:10B0400094F82430013384F8243070BD0D20FCE7DF
:10B050000320FAE72DE9F041044694F82470002F0C
:10B0600033D1246894F81C80B8F1020F38D0A56A57
:10B07000434629462046E26AFEF711F801280646B3
:10B080002CD9294642462046FFF7DBFD023EC6F397
:10B090000D06304386B2C0F3072028702946434688
:10B0A00001222046FFF75FFD0670E56AA562227F58
:10B0B00004EB8203196A21631D62E56815B123461A
:10B0C0002069A8470223237705E02046FFF76EFD9D
:10B0D00007460028C1D03846BDE8F081E562E6E7C2
:10B0E0000D27F8E770B5D1B20446006816461D4634
:10B0F000FFF724FF30BB2068C6F30721FFF71EFFD0
:10B1000000BB2068C6F30741FFF718FFD0B92068DD
:10B11000310EFFF713FFA8B92068E9B2FFF70EFF61
:10B1200080B92068C5F30721FFF708FF50B92068F0
:10B13000C5F30741FFF702FF20B92068290EBDE8DB
:10B140007040FBE670BD00F58B5310335030D3E9EF
:10B150000023C7E77F2973B51DD9B1F5804F1CD3F4
:10B16000B1F5001F1BD3B1F1805F34BF042205226B
:10B1700000246D46561EB442CBB212D102F1080132
:10B18000694403F07F0301F8093C0068694605F053
:10B1900085FC02B070BD0122EAE70222E8E7032243
:10B1A000E6E763F07F0305F8013BC9090134E2E7F4
:10B1B0002DE9F04111F00F0804460D4617461E46D2
:10B1C000006828D0002384F82430FCF71EFF0123F8
:10B1D0000377436AC0E90A332946206805F0D0FCAA
:10B1E00010BB39462046FFF7B5FFE8B925682B7F2D
:10B1F000022B18D02846FFF77BFEB8B9EB6A314620
:10B20000A362AB6A2046E36294F8243084F82530C8
:10B21000BDE8F0419EE784F82480FCF7F6FE036A5F
:10B2200080F81C80D6E70D20BDE8F0810320FBE705
:10B23000F8B51B4BFF22D3F844540E462C4605F5B7
:10B24000805393F9547183F8542154F8500B2830EB
:10B25000FDF7C4FE3923062280212046FFF7A8FF10
:10B26000E8B9286DF9B205F08BFCC0B9286DF1B2D0
:10B2700005F086FC98B92046FFF7ECFE78B98021EE
:10B28000302306222046FFF793FF014638B9286D88
:10B2900005F076FC18B92046BDE8F840DAE6F8BDBE
:10B2A000081000202DE9F0470568044695F81C9029
:10B2B0000E46B9F1020F25D0AB6AD0F82C80984524
:10B2C00023D14B464146EA6A2846FDF7E8FED4F80A
:10B2D00028A007464B46524641462846FDF7DFFE6A
:10B2E000874212D9C5F82CA094F8253000212046B9
:10B2F00084F82430FFF72EFF28B931462046BDE8F8
:10B30000F04727E70D20BDE8F0870720FBE7022183
:10B310005030C7E7024B006D197805F031BC00BF13
:10B32000804A002010B5074B0446D3F8240308F0E8
:10B3300047F80A2390FBF3F1206DC9B2BDE8104035
:10B3400005F01EBC08100020024608B50C20FCF7D2
:10B3500032FFBDE80840014602F15000A2E7024674
:10B3600008B50C20FCF727FFBDE80840014602F1B4
:10B37000500097E738B511F0300F00F1500408BFC6
:10B38000C0F89C201546002306222046FFF710FF38
:10B3900040B929462046FFF7DDFE18B92046BDE832
:10B3A000384057E638BD2DE9F74304460D4691462F
:10B3B0001E466846134618492A22FCF7C7FFDDE9F6
:10B3C00000782FB918F0010F02D1DEB932461AE029
:10B3D00004F150064B46062229463046FFF7E8FEA8
:10B3E000B8B918F0010F4FEA680318BFE35804EB2F
:10B3F000680018BFDF59B84758B9304603B0BDE8F8
:10B40000F04327E60D222946204603B0BDE8F0436D
:10B41000B0E703B0BDE8F0839CD00108F8B506465C
:10B42000002700F5805595F8D24095F8D330A34217
:10B4300001D1002033E004F21A2406EBC402137990
:10B44000590616D406EBC404237923F04003237174
:10B4500095F8D2300133DBB20F2B85F8D230E2D130
:10B4600095F8D33085F8D2700E2B20D885F8D330DC
:10B47000D9E7C3F30100C3F38301537941EA001113
:10B48000926803F0030361F07F01022BC9B2C2F39B
:10B49000170205D13046FFF76DFF0028D2D0F8BD66
:10B4A000B3FA83F330465B09FFF77DFFF5E70F3B07
:10B4B000DBB2D9E72DE9F84FD0E92E321343044629
:10B4C00020D000254FF00109354FDFF8D8B000F546
:10B4D000805AC5F12001D4E92E30A5F12002EB40BD
:10B4E00000FA01F10B4320FA02F2134313F0010FAB
:10B4F000C5F12008A5F120060BD101351F2D07F15C
:10B500000C07E6D1012304F5805484F86831BDE8C6
:10B51000F88F3A68002A39D17B68772B14D1DBF891
:10B520004834D9070ED4580628D413F0180F27D161
:10B53000990727D49A0627D440F2847213420CBF8D
:10B540000722062202F170031A4680212046FFF7E7
:10B5500011FF0028D6D1D4E92E3209FA06F629FACD
:10B5600008F846EA080609FA05F123EA010322EA87
:10B570000602C4E92E321343BFD1C3E70222E1E73A
:10B580000822DFE70122DDE70322DBE79AF86831D2
:10B59000002BE0D0012380212046FFF704FFD8E7ED
:10B5A00078CB01080810002010B590F898300446B8
:10B5B00033B1D0F8CC30994204BF002380F89830E2
:10B5C0002046FFF72BFFC0B994F8D01089B10123B2
:10B5D0000C222046FFF7E7FE78B994F8C83084F8CB
:10B5E000D000042B1FBF636BC4F8CC30012384F858
:10B5F00098302046BDE810405CE710BD014BD3F801
:10B60000440457E708100020D0F89C105030A1E502
:10B6100010B500F1500404212046FFF79BFD20B92E
:10B620002046BDE81040032194E510BD03215030B1
:10B6300090E5002150308DE510B500F15004052152
:10B640002046FFF787FD70BB0C212046FFF782FDE7
:10B6500048BB18212046FFF77DFD20BB2221204654
:10B66000FFF778FDF8B940F201212046FFF772FD9F
:10B67000C8B940212046FFF76DFDA0B94121204601
:10B68000FFF768FD78B942212046FFF763FD50B906
:10B6900043212046FFF75EFD28B92046BDE8104053
:10B6A00040F2062156E510BD0B21503052E5042131
:10B6B00050304FE52DE9F843074616460C4600F199
:10B6C000500500297BD0002A79D1B1F80480D1F847
:10B6D000009028464146FFF743FC10B10120BDE829
:10B6E000F88342464946386D05F0D8F90028F5D16F
:10B6F00094F915102868C9B205F042FA0028EDD176
:10B700008021286805F03CFA0028E7D1002C60D0A1
:10B71000E17D090101F030012846FFF721FC0028F6
:10B72000DCD12846FFF76EFC01460028D6D104B1D3
:10B73000A179286805F024FA01460028CED104B189
:10B74000A17D286805F01CFA0028C7D1002C42D042
:10B75000D4E902232846FFF7C5FC0028BED12846BD
:10B76000FFF724FA0028B9D12846FFF74BFC002840
:10B77000B4D131462846FFF7EDFC0028AED128466B
:10B78000FFF714FA0028A9D12846FFF73BFC014631
:10B790000028A3D104B1217D286805F0F1F9002823
:10B7A0009CD1DCB121692846FFF7F4FB002895D134
:10B7B0002846FFF7FBF9003818BF01208FE700216A
:10B7C0002846FFF7CDFB002888D1002C90D12146D8
:10B7D00090E72146A0E700220023BBE72146E2E7ED
:10B7E000F8B50C4B0C46D3F84474154607F15006D7
:10B7F0007123062280213046FFF7DAFC48B92A4639
:10B8000021463846FFF756FF18B93046BDE8F840E4
:10B8100020E4F8BD081000202DE9F74F1F46344BF7
:10B820000D46D3F84444164604F5805898F8533131
:10B83000002B3CD043F0800B82B3106805F0F8FC7D
:10B84000C0F3001A002395F81C9088F8533104F1D6
:10B85000500806225946404609F00109FFF7A8FCA6
:10B8600028BB3846FCF7A7FC01464046FFF772FCB0
:10B87000E8B95146206D05F00FF9C0B94946206D71
:10B8800005F00AF998B95FB1286805F014FD88B988
:10B89000404603B0BDE8F04FFFF7DCBB9246D1E76E
:10B8A0003A4631462046FFF705FF0028ECD003B0AA
:10B8B000BDE8F08FB9F1000FEAD028460DF1030181
:10B8C000FEF709FF0028F2D1284601A9FEF7DAFEAB
:10B8D0000028ECD19DF80310206D05F051F90028E7
:10B8E000E5D140460199FFF755FB0028D0D0DEE7AF
:10B8F0000810002050F8503B198F41F0340129E422
:10B9000038B5044608460D460FF04AF94FF6FF7366
:10B91000984228BF1846294682B2206805F0BEF832
:10B92000014620B92068BDE83840FFF707BB38BDA5
:10B9300001495030E4E700BF94D20108002330B53C
:10B94000174A146824BB5468A14221D1C3F12004D2
:10B95000D0E90225A3F1200105FA04F4DA402243DC
:10B9600025FA01F10A4312F0010FC3F12004A3F1FB
:10B9700020020CD1012121FA04F401FA02F222433F
:10B980009940D0E900430C431343C0E9004330BD64
:10B990000133DBB21F2B02F10C02D2D1F7E700BF5B
:10B9A00078CB01082DE9F0478E461EF00F091646A8
:10B9B00019460EF00F0706D1022A02D1B830FFF760
:10B9C000BDFF00200EE000F5805393F8D35093F8AC
:10B9D000D280A5EB08020E2A06DDB8300E21FFF753
:10B9E000ADFF0320BDE8F08741F2D104CEF3011290
:10B9F00000EB020C1CF8044096464C453DD12C4609
:10BA00000E2C3ED804F21A2442F0400200EBC4008F
:10BA100042EA8702848842EA062222F080029205E6
:10BA200024F45F74920D24F0030422438280826820
:10BA3000013561F31702826083F8D350C1E70F3CF0
:10BA4000E4B20E2CFBD804F21A2400EBC40C9CF8D0
:10BA5000044014F0400F0CD004F0030AD64508D17E
:10BA6000C4F3830ACA4504D124F040048CF804408E
:10BA7000C5E708F101085FFA88F84545BFD9444693
:10BA8000DFE70F3CE4B2BBE7134602228AE710B5BA
:10BA9000EFF3108472B64FF0FF300FF0C4FB0A4B87
:10BAA000D3F84C24C3F84C04824282BFD3F850240C
:10BAB0000132C3F85024D3F850140346204610F046
:10BAC000ACFF184610BD00BF0810002030B500F1D3
:10BAD000800485B0204602A9FCF7FFFA10B10620C9
:10BAE00005B030BD204601A9FCF7DDFA0028F6D1EB
:10BAF00020460DF10301FCF793FA04460028EED12D
:10BB0000FFF7C5FFDDE902320D46984275EB0201F1
:10BB100010D2191A6FF0010362EB05028B4274EB2D
:10BB2000020207D3019A9DF8030005B0BDE830403A
:10BB300005F05ABA0720D3E710B50446FFF7A7FF70
:10BB400002460B4604F15000BDE81040FFF7CABAA8
:10BB50002DE9F04F1546F3B0AA020090019340F191
:10BB60002B81FCF715F9484E10AF03903946D6F8F3
:10BB700024030FF04BFBB7F802E0BEF1020F40F2D6
:10BB80001B81BC4652ACBCE80F000FC4DCF800308F
:10BB9000BEF1270F236009D92723BA88ADF84A31AF
:10BBA000262A82BFADF84C31002355930DF1C80908
:10BBB0004946D6F8240352AA0FF0F2FA9DF84AA19A
:10BBC000BAF1000F00F0F880BB680DF178081B781F
:10BBD0000DF1C9000293A8F804300DF24913C8F81A
:10BBE0000000289305F024FB00F44050B0F5005FFE
:10BBF00096F8204140F089840DF1280949464046D5
:10BC0000FDF784F899F808B05CB1BBF1000F21D0C2
:10BC1000BBF1020F19D1484605F08DF8C443C4F3B7
:10BC2000C034DFF864A0BBF1010F9AF854349AF9DC
:10BC30005574049315D1FEF721FAB9F80020036872
:10BC400053B94FF00009CA4657E0B9F8000005F0B3
:10BC5000C3F8E3E75C46E4E7D988914216D01B6855
:10BC6000EEE7BBF1020FECD1FEF708FA0368002BF8
:10BC7000E7D008220AA9981805930FF035FA059B1A
:10BC800020B11B68F3E700BF081000201A79930762
:10BC900048BF0499C2F3400944BF8DF81C104FF00F
:10BCA0000109500718D59AF85634FB1A5BB2002BDD
:10BCB000C0F2A0817F2F08BF00238221C3EB0323A2
:10BCC000B3FBF1F30DF11C0A0AF80930B9F1000FCA
:10BCD00040F099814FF00109110740F18D818222D6
:10BCE0008237C7EB0727B7FBF2F709F101030DF124
:10BCF0001C0A0AF809705FFA83F9DFF810B3DBF861
:10BD00006434002B40F08E810027C04B83F86274AE
:10BD1000BAF1000F22D0B9F1000F1FD0B6F86C3481
:10BD20004A4623F4FF43A6F86C3409F1040386F86D
:10BD30006C349B2386F86E34B82386F86F34EA237C
:10BD400086F8703400235146B14886F871340FF0FC
:10BD5000DBF909F10609B9445FFA89F700262222C6
:10BD6000314615A80DF1C9098DF8A7600FF0F2F959
:10BD700048468DF819608DF81A6005F059FA00F4FC
:10BD80004053B3F5005F824616D110F0200F13D058
:10BD9000484605F04FFA01465046FEF7ADFBCAF3A0
:10BDA000812A01EB4001BAF1020FC9B200F06E81A5
:10BDB000BAF1030F00F0E582EC0105F0807240F16A
:10BDC000F383FDF723FE68B11020002110F0B4F9D1
:10BDD00010F0EEF90446002800F0D7830121082076
:10BDE00010F0AAF9202010F0BFF905F40051044624
:10BDF000002800F0EB8321B101214FF4004010F046
:10BE00009BF915F4404F06D0002148F2200010F0B5
:10BE100093F910F0BDF9280740F19E807B4C0DF19D
:10BE2000C80803214246D4F824030FF0F4F9014670
:10BE3000002800F0108498F80030072B40F00B84A5
:10BE4000D4F8240352AA0FF0E4F9002840F0038448
:10BE5000B8F80260D8F8082006F1010913781FFA33
:10BE600089F94B4540F0F783F31E7B2B00F2F383F7
:10BE7000B8F80430002B00F0EE83511C013BC8F8E9
:10BE800008109BB2711EA8F80210A8F80430002B0D
:10BE900040F0B583D8F80C301F789DF85531002B51
:10BEA00000F0AF8307F00703022B40F0D483424633
:10BEB000D4F88014D4F824030FF072F9A4F8849411
:10BEC00010F076F9002842D0D4F83033D4F880242A
:10BED0001B6892789B789A4239D19DF84E31002B9D
:10BEE00000F0B9830236D4F8240352A9ADF84C61AE
:10BEF0000FF093F9002840F0AE839DF85631529E22
:10BF000084F895349DF857314FF0000884F8963442
:10BF1000404BC4F8A834FFF7BAFD3F4B864228BF18
:10BF200001F1FF3118EB0606C3E902614FF480709E
:10BF3000012110F001F93948414610F0FDF810F0E8
:10BF400047F920B1F90644BF012384F8343310F0D7
:10BF50003FF908B904F0CCFFA8014FF000060BD55B
:10BF60002A4C3146042010F0E7F894F834331BB122
:10BF700004F0BEFF84F8346315F0084F03D00021AD
:10BF8000042010F0D9F8A90705D5082010F0ECF826
:10BF900008B110F04FF9019BDA051FD532AC2146EC
:10BFA000009852AA0FF03BF92378BBB11C4800213E
:10BFB00010F0C2F8042010F0D7F818B100210420C6
:10BFC00010F0BAF8FDF722FD18B14FF4007010F030
:10BFD00011F910F074FD08B110F02CF9019B9B05CC
:10BFE00040F1B88300221146009873B0BDE8F04FCD
:10BFF00008F012BA002360E6B9F1000F3FF421AE59
:10C000000DF11C0A79E64FF0020976E608100020CF
:10C010007A14002058100020881400200A00010023
:10C020006000010015AF39461EA8FCF76FFE00281E
:10C030007FF46AAE3B7A012B0CD0022B7FF464AE06
:10C04000082238460BF25A410FF04EF800287FF4D0
:10C050005BAE0AE04FF6FD72BBF8583493423FF6F0
:10C0600053AE3A889A427FF44FAE0123D14A062755
:10C0700082F86234B2F86C3423F4FF4343F4506323
:10C08000A2F86C34042382F86C3441E601F5E473C1
:10C090000DEB03014FF6FF7331F8FF2C9A423FF48A
:10C0A0008BAE0DF162010DF1C9000DF1540B05F0DD
:10C0B000CAF800287FF480AE9BF816A0BAF1000FF2
:10C0C0003FF47AAE0DF1C90005F0F5F8A8B10DF115
:10C0D000190631464046FEF7B5FA00287FF46CAEEB
:10C0E0009DF81930052B7FF467AE40460DF11A011B
:10C0F000FEF7B8FA00287FF45FAE484605F098F8DE
:10C100000646FEF728FA01463046FEF7F5F9002903
:10C1100000F047810490484605F08CF8049BC6F374
:10C12000812600EB4300022EC0B200F03581032EC1
:10C1300000F03581FF283FF43FAE00F5E4720DEBCF
:10C14000020030F8FF2CADF86E2001228DF871202E
:10C1500098F80630202200212AA80DF154088DF805
:10C16000A6300EF0F7FF944B98F80C209DF81910AC
:10C17000C8F800309DF81A30012A28AE88F81E1041
:10C1800088F81F3000F01481022A0CBF032300231B
:10C19000BAF1010F4FEA833300F01081BAF1020FB8
:10C1A0000CBF03200020003918BF012143EAC1035E
:10C1B00043EA802343F4005949F0020915A9002AF3
:10C1C00040F0FE804A7F002A00F005819BF8213074
:10C1D0000DF1200A1B0203F4407349EA0309336896
:10C1E0004946CAF800304FF4FE035046CAF80430FE
:10C1F00004F07BFD19F4807FBAF80410BAF806B099
:10C2000003D14B1C5B4598BF99B24846FEF774F9C1
:10C21000002840F0E580DAF800305046AAF8041013
:10C220000DF16201CAF80030AAF806B004F069FD09
:10C230004846FEF790F9002840F0E080DAF8001058
:10C24000BAF80420BAF806300DF1200840460891EB
:10C2500016A9ADF82420ADF8263004F052FD9DF863
:10C260007200DDF820B0BDF82410BDF82680B0B112
:10C270009DF873A04B1C984540EA0A0A28BF0BF8AA
:10C2800001A0504628BF99B2FBF78FFE013811FA82
:10C2900080F0804528BF81B25046FBF771FE9DF8C3
:10C2A00075309A071AD58B1C98454FF00002C0F0E4
:10C2B00041824FF00D0C0BEB010282F801C0042209
:10C2C0000BF801200631884538BF99B29DF8BC3083
:10C2D00028BF89B243F008038DF8BC3019F4007F01
:10C2E00014D0BDF85420032A03D09DF875305B07A5
:10C2F00018D40B4602318845C0F01E826FF07F02D1
:10C300000BF803203F225B4489B25A70BDF85430C9
:10C31000032B07D14B1C984522BF9DF874200BF8C6
:10C32000012099B2023051FA80F08045DDF8A090EA
:10C3300028BF81B248460DF1A008A8F8041004F007
:10C3400077FF002C60D040F0100080B289F8000028
:10C35000000A89F80100D8F80090484604F068FF08
:10C36000002F54D040F4007080B289F80000000A19
:10C3700089F801000DF1C90004F05AFFC20549D542
:10C38000FEE74FF0000349440DA8ADF834308DF8B6
:10C390003C60FEF73DFA84E60230C0B2CAE60830DF
:10C3A000FBE700283FF4D4AE484604F043FFC1E663
:10C3B0000223EDE608100020020000200220F2E631
:10C3C000022A03D1BAF1020F3FF4FCAE088B4A8B6C
:10C3D00090427FF4FBAE43F4015949F00209F5E6BF
:10C3E000AAF804105046B8F81A1004F07EFCDAF8E7
:10C3F0000030BAF80410BAF806B00EE75046B8F8A4
:10C40000181004F072FC19E720F010009DE720F4EA
:10C410000070A9E7D8F80090484604F009FFC3056A
:10C4200000D5FEE79DF8CB300DF1C90089F8023048
:10C4300004F041FF68B10DF11B0949461EA8FEF743
:10C440004AF900287FF4B8AC40469DF81B10FEF76F
:10C4500056F967B13046FEF7CEF9D6F800903A4665
:10C46000B94948440EF050FEB3881F44B780B74B1B
:10C4700093F86224A2B1BDF84200B3F86464029B51
:10C480004001C0EB4310039B00F5F070184404F02A
:10C490004BFD0746404604F049FA08B186804780C4
:10C4A000D8F8000004F007FF28B1404605F0E6F890
:10C4B00000287FF481ACBDF84420002A3FF47CAC16
:10C4C000129EBDF84210013A0136013992B212961D
:10C4D000ADF84210ADF8442002B9139ED8F8000020
:10C4E00004F0E9FE18B1337843F0040333701CB153
:10C4F000337863F07F033370B8F80420009852A9B2
:10C500008DF848210EF0EFFE56E4BAF1010F00F06D
:10C51000168174B3009852A90EF0BEFE88BB9DF838
:10C520005031032B1DD152A804F005FC0028FFF662
:10C5300043AC00980EF0D5FE18BBBB88002B3FF42F
:10C540003BACBA687988013B013201399BB2BA60D1
:10C550007980BB8003B9FA68137863F07F031370A6
:10C560002AE4022B7FF428ACBDF8480104F034FC27
:10C57000DCE799F8013003F00703012B3FF41CAC12
:10C58000D7E702283FF418ACFEE704F0B1FC012124
:10C590004FF480700FF0D0FD214602200FF0CCFD4B
:10C5A00021464FF480301BE4019B03F002031A4341
:10C5B00004D04FF400700FF01DFE13E405F0A84204
:10C5C0001A433FF40FAC4FF48050F4E749B1012116
:10C5D0004FF480300FF0B0FD214640200FF0ACFD4D
:10C5E00019E4019B03F020030B433FF414AC4020FB
:10C5F0000FF0A2FD4FF400600FF0FCFD0BE4577844
:10C600004BE494F8203313B9B9F1040F23D09DF80B
:10C610004E3103B30236D4F8240352A9ADF84C616D
:10C620000EF0FBFDB8B9EFF3108072B6B4F8B22487
:10C63000B4F8B43410F0F1F99A420CD0EFF311834E
:10C64000302282F31188D4F80065721C08D183F37C
:10C650001188BFF36F8F0026304604F09FF97BE40A
:10C66000314651F80C2BC4F8002583F31188BFF331
:10C670006F8F4246D4F824030EF092FD86F80090A6
:10C68000BDF85C31324873709DF95631F3709DF8F6
:10C690005731B370529B7060B360EFF3108872B67D
:10C6A000B4F8B224B4F8B414B4F8B0348A4219D24D
:10C6B0001344B3FBF1F001FB1033013204EB8303AD
:10C6C000C3F8BC64A4F8B2240123404610F0A5F9D5
:10C6D000002BC1D017F0200722D0012104200FF039
:10C6E0002BFD39E4D4F8B8247AB9B4F8B03404EBAB
:10C6F0008302C2F8BC64B4F8B4240133B3FBF2F192
:10C7000002FB1133A4F8B034DEE704EB8303D3F863
:10C71000BC1400F58C60904703460028E5D1D4E7AF
:10C7200094F83433002B3FF417AC04F0E1FB84F8A9
:10C73000347311E41280FFDE00231B80FBE7002C22
:10C740003FF4F7AEE6E600BF7414002008100020A6
:10C750005810002073B0BDE8F08F4FF0FF307047E5
:10C76000FEE70020704701207047012070474FF01E
:10C77000FF3070470020704700207047002070474E
:10C780000248034BC01A801004F03EB8E061000874
:10C790008061000808B5284B83F30A884FF4804174
:10C7A000264B274A9A60D3F8882042F47002C3F8D7
:10C7B0008820244A91664FF0FF31234A11662349AD
:10C7C00051660221C3F8D010BFF34F8FBFF36F8FB4
:10C7D00001214FF44034A3F54063C3F880110020D9
:10C7E000D46003F05DFD1A4B1C61FFF7C9FF194BC4
:10C7F00019498B4212D30020184B19498B4218D388
:10C80000FBF748FA186850F82240586840F8224070
:10C81000013298688242F5D30C33EAE70022F8E748
:10C820001C6844F8220001325C68A242F8D3083345
:10C83000E4E70022F8E700BF0800002000ED00E078
:10C84000006000080090005000A00044F7FF37008F
:10C8500000800044D84A0208E44A0208E44A020878
:10C86000E44A02082DE9F0418846164607460028AA
:10C870004CD0EFF31184302383F31188244BD3F889
:10C8800010334B1E0E2B37D900293AD0002201213C
:10C8900030257B78387899401D4B05FB00336EB30B
:10C8A00003F582531960302138787B7848430F2193
:10C8B000072B88BF083B174D95BF9B009B0004309A
:10C8C0000C309A409940284404F0B8FDB8F1000FAC
:10C8D0000BD1012230207B7839789A400C4B00FB39
:10C8E000013386B103F582531A6084F31188BFF3D4
:10C8F0006F8F0020BDE8F0810A46C8E703F50153B9
:10C90000D0E70A46CFE703F50153EDE72220F1E730
:10C9100000C0035030C0035048B101224378017871
:10C920009A4030235943034B00205A50704722202D
:10C93000704700BF40D0035048B1012243780178CE
:10C940009A4030235943034B00205A50704722200D
:10C95000704700BF40E0035038B505460C46FBF772
:10C96000A1FD6B6CA3F11402B3F5805F02FB00F034
:10C9700005D140F6E8736969994288BFCC30E31D60
:10C98000B3FBF2F3013304EBC304204438BD38B5E4
:10C99000054644692146FFF7DFFF6A6CE31D143A40
:10C9A000B3FBF2F3AA69144404EBC3040C3420442F
:10C9B00038BD03460846EFF3108172B6024ADB6BBE
:10C9C000C2F80C15DB681847081000202DE9F0416B
:10C9D0000646406882B0B8B10F46904600243368DE
:10C9E00053F8345003EBC403C5F30752C5F31301E6
:10C9F000013506D05B683046CDF80080B84718B1E5
:10CA0000706801348442EAD302B0BDE8F081036863
:10CA100013F07E0F03D1406820F07C40704713F084
:10CA200078001CBF03F07F03D81F704738B5202261
:10CA300004460D460C3000210EF08CFB4FF0FF3306
:10CA4000C4E90035A36038BD4BF29A2210B50368E3
:10CA50000446B2EB134F13D19BB2012B15D1FBF758
:10CA6000F1FE013011D04FF6FF72E068B2EB104FCB
:10CA70004FEA10430BD180B2C01A18BF012010BD7D
:10CA800001330CBF03200420F9E70420F7E702205C
:10CA9000F5E7F0B50546002687B0EC69013CB442E5
:10CAA00003D80C46204607B0F0BD01B14C1E6F6C98
:10CAB0002868EB6B05225B6901A907FB0400984716
:10CAC00001A8FFF7C1FF0128ECD921460136E4E7B0
:10CAD000F0B503680646CC1A436C0025B4FBF3F4AA
:10CAE00087B0F36937685A1E9542706C06D3736C31
:10CAF000306803FB0400143007B0F0BD0134B4FB10
:10CB0000F3F203FB1244F36B05225B6901A900FBFE
:10CB10000470984701A8FFF797FF0128E7D901356E
:10CB2000DFE710B423F0030422449B070A44436C5C
:10CB300018BF04325B4281EA0204234202D05DF84E
:10CB4000044BC5E710465DF8044B70472DE9F04FE4
:10CB5000144605468B469946C36B89B001225B6932
:10CB600005A960689847EB6B01225B69584604A9E8
:10CB70009847059B581C07D10022A360A2756275D7
:10CB8000002009B0BDE8F08F01220021A275227EAD
:10CB9000049804EBC202C2F81CB011846168C0F3AF
:10CBA000D31C594500F07F020BD14FF0FF33C4F87E
:10CBB00000C02275A360043A022A24D80023A3757A
:10CBC000DEE72168277D00F07E06614508BF9742B9
:10CBD00003F07E03B3FA83FC3246B6FA86F60CBF46
:10CBE000012100214FEA5C1C7609B44514BF0021E5
:10CBF00001F00101A175002A00F0EA800BB90023C1
:10CC0000A3753A46D7E710F07E0F0FD1EB6B0222E7
:10CC100058465B6906A9984706A8FFF7F8FE237DEA
:10CC2000032B45D8DFE803F0150F044D04A8F4E703
:10CC3000CC22237E04EBC3031A840123664A1344E7
:10CC400093F878370AE0237E04EBC30318840023AB
:10CC5000F4E7237E04EBC30318840123129A1370B4
:10CC6000049B227E13F07E0A18BF00264FEAD3678A
:10CC700004EBC20208BF07F00306B2F8208082F876
:10CC80002260BAF1000F1ED000231B2204A906A8BF
:10CC90008DF81830FBF7B8FD04229DF81830D91B29
:10CCA0004B424B4163755BBB0023A375002754E0E7
:10CCB000227E013BDBB204EBC202052B1084CCD8F0
:10CCC000BCE70223BAE7EA6B06A957695846022275
:10CCD000B847202206A90DF10F008DF80FA0FBF731
:10CCE00093FD1A2207A9FBF78FFD9DF80F30079AD5
:10CCF000B3EB926F0CBF0123002308226375D2E7C8
:10CD0000A77D002FD2D0B8F1000F09D1E6B10123E1
:10CD1000E375637E002B50D1012E43D1667615E07A
:10CD20006B6C0BEB02005B428BEA00010B421CBFF9
:10CD30000023A3756B6C591E01405B1A9845B3D84C
:10CD4000A37D002BE2D1B1E7E37D33B90027434651
:10CD500059462846FFF7E5FEA060A07D10B1236983
:10CD600043442361237E012B3FF628AF0133237612
:10CD7000B9F1000F3FF405AF00283FF401AFE37DA8
:10CD8000002B3FF4FEAEFFB9032E1FD0A1684A1C52
:10CD90001CD0129B2246009328460123FFF7D6FEA3
:10CDA000A075EEE695F8343063B9EB6A0133CED165
:10CDB000032ECCD10123A376C8E7012ECDD0032EBC
:10CDC000C4D1F7E71F46C2E73846DAE61846D8E688
:10CDD000002B3FF416AF12E760CB010813B50C46E9
:10CDE000002121760093616813462246FFF7AEFECC
:10CDF00018B1E37D03B1A07EA075A07D02B010BD87
:10CE00002DE9F341044616461F461B4B0D46816A29
:10CE1000A3F5A268E36A8B4201D04B1C02D102B099
:10CE2000BDE8F0811448FFF701FE012220461249B7
:10CE30000DF10703FFF7D2FF38B13B4620469DF8BE
:10CE400007200D49B0470028E9D0D8F818154A1C2A
:10CE500005D1D8F814152046FFF73AFE0146012DFA
:10CE6000D8D1D8F8143581EA0302636C5B421A42C8
:10CE700018BF4FF0FF31CDE7181500202DE9F04124
:10CE8000D0E90A369E42044686B028D11422C369EE
:10CE9000456802FB1355284606B0BDE8F0812068BE
:10CEA000676C331AB3FBF7F3E26B07FB0300D2F8AE
:10CEB000148001A90522C04701A8FFF7C5FD01287C
:10CEC00004D0636C1D44013B3340ED1A31462046CB
:10CED000FFF7FEFD0646A36AB342E0D1DBE700257B
:10CEE000F9E72DE9F04F0F469A46002389B0044632
:10CEF0004FF0FF31104690468DF80B30FFF796FD4E
:10CF0000B7F5801F20D2394603AA04F10800FBF7C9
:10CF10009AFB451C014605D1237CBBB92D2009B0E5
:10CF2000BDE8F08F4046FFF781FD012241462046D3
:10CF30000DF10B03FFF752FF0028EDD09DF80B30E9
:10CF40008AF800300020EAE7B81CE5D1E66A711CD7
:10CF50002CD12046616AFFF79CFD0646BB1C18BF1A
:10CF60000123DFF8C4B00093636A626C0193236805
:10CF700003A902FB0639E36B484605225B6909F108
:10CF800014099847002549464B1C05D0636C81EA7B
:10CF900009025B4213420FD031462046FFF779FD6C
:10CFA000019BB3422FD085BB0646DDE72368F61A06
:10CFB000636CB6FBF3F6D1E71A48FFF737FD20465E
:10CFC000009A18490DF10B03FFF708FF8446B8B12A
:10CFD000BA1C03D0DBF83C35BB4211D145469DF865
:10CFE0000B30DFF840E08AF80030BEE80F000FC5D4
:10CFF000BEE80F000FC59EE8070085E807006546FC
:10D00000DBF84415C0E7002D88D0B7F5801F99D212
:10D0100039469AF80030D8F8042004F10800FBF7EC
:10D0200043FB8FE7441500200810002073B50D4620
:10D03000D11E4A421C461B7E4A419A4229D1296888
:10D040002368994225D36368994222D8124E0DF184
:10D05000070306F5AD62FFF744FFD0B9D6F86C259B
:10D060006B689A4215D19DF80730DA1E534253413E
:10D07000227E93420DD1636901336361D4E90323B6
:10D08000934206D22968A26842F82310236901332B
:10D090002361012002B070BD0810002070B500258A
:10D0A000044686B00562E369AB4202D8206A06B046
:10D0B00070BD666C2068E36B05225B6906FB0500AA
:10D0C00001A9984701A8FFF7BFFC012898BF236A70
:10D0D00005F101059CBF01332362E4E738B504463E
:10D0E000456C006804F1400305FB0101E06BFBF7B0
:10D0F000D1FB05462046FFF7D1FF284638BD2DE974
:10D10000F04100254FF0FF384FF6FF7304464746C5
:10D110002E4686B0C0E90853E369B3420DD8A5EBAB
:10D120000805012D06D94FF6FF7300256362E369F8
:10D13000AB4223D806B0BDE8F081E26B2368606C97
:10D14000D2F814C000FB0630052201A9E04701A86F
:10D15000FFF77AFC01280FD801A8FBF773FB874281
:10D1600088BF6662804528BF8046854238BF054635
:10D170000746236A013323620136CDE7666C2068D7
:10D18000E36B06FB050005225B6901A998470135A1
:10D19000CDE72DE9F04F95B00D460A920A69416C32
:10D1A00006931439D31DB3FBF1F3013302EBC30231
:10D1B000036B04469342C0F00C83002308939B4BFF
:10D1C000A3F23C59E36A994819460493FFF72EFCF1
:10D1D000D5E903370293069B022B40F0C280CC2F87
:10D1E00040F06A820A9B002B00F0B5800026686838
:10D1F000E36B0F9601225B690FA908309847B04690
:10D2000094F84230012B40F0E682632E07D90F9B41
:10D21000666C10930A9B002B40F0AA809EE0612E62
:10D2200008D812AB324629462046FBF76BF99DF829
:10D23000483013B312AB3246294620468DF844805D
:10D24000FBF760F994F84230DDF848A0012B71D16A
:10D250004FF6FF739A4549D0082212A911A8FBF78F
:10D26000D3FA9DF84420CAF307239A423ED15FFACD
:10D270008AFA0F9B53440F9338E094F84230012B05
:10D2800036D1612E2BD832462946204610ABFBF70B
:10D2900039F92946204611AB721CFBF733F92946B0
:10D2A000204612ABB21CFBF72DF90823102211A95E
:10D2B0000DF13B008DF83B30FBF7A6FA102212A9C6
:10D2C000FBF7A2FA109BDAB24AB99DF83B20B2EB09
:10D2D000132F04D1DDE9113203EB02430F9394F8CD
:10D2E0004230012B14BF012302231E44013687E77D
:10D2F000302EF4D832462946204610ABFBF702F90F
:10D300002946204611AB721CFBF7FCF810232022A3
:10D3100011A90DF13B008DF83B30FBF775FA109B1E
:10D320009AB2002ADBD19DF83B20B2EB134FD6D145
:10D33000119BD3E7BAF1FF3FD8D0102212A911A850
:10D34000FBF762FA9DF84420CAF307439A42CDD115
:10D350001FFA8AFA8DE7029B1B6810930823099332
:10D3600015E0782F666C3FF655AF0A9B002B3AD03C
:10D37000E36B01225B69686812A99847129B13F05E
:10D380007E0F14BF04230823782F099331D901227B
:10D3900000230592082200922A68C9F84C75C9F842
:10D3A0003C25069A032A3FD0022A059A37D1C2F1BA
:10D3B0000202D2B289F850250022CDE90B22DDF815
:10D3C00010A003920792606C411E0AEA0101421A02
:10D3D000002F2DD0009E33449A422CD8236B1B1A69
:10D3E0000B44236341E1EB7D002B14BF082304238E
:10D3F0000993049A731E1340F31A3A1D934207D2FD
:10D4000057B1082BC3D80022042305920093C3E729
:10D41000002304220593BEE704230597F6E7002ABC
:10D420000CBF07220022C5E7069AC3E74415002077
:10D43000009B9A42D2D3009BB846D21A974228BF8B
:10D44000904653449742019348D90123D9F84C257B
:10D4500089F85335974246D1C9F840A5039399F806
:10D460005335002B41D099F854250399D31C09EB6F
:10D47000C3030132C3F840A5A3F8448583F84615D9
:10D4800089F85425B8F1000F14D0069B022B2FD138
:10D490000C9B7BB90B9B4344032B0BD9E36B012201
:10D4A0009B69019810A998470646002840F00E8114
:10D4B00001230C9399F850352E68824A012B02EA19
:10D4C000C61628F07C4B40F28D809A1E012A03D9A3
:10D4D00008F1070303F07F031E4389E0039B002B41
:10D4E00018BF0323BAE70223B8E7C9F840A5C9E784
:10D4F0000A9B002B31D1029BB8F1030F03EB080B01
:10D5000028D9DDE90101E36B4FEA98029B6998474E
:10D510000646002840F0CA8018F003025FD0029B44
:10D5200028F0030633440293019B1E444FF0FF335F
:10D53000029911A811930DF0E7FDE36B304601222B
:10D540009B6911A998470646CDF808B0002EB1D0C6
:10D55000019B6FE04246019EE8E705F12003DDF8FC
:10D5600004B00D93EB7D68689BB100232E7E079A73
:10D57000D9B28E4211D90D9903F1010C31F8331053
:10D58000914226D9099905EBC303D8690A4410448E
:10D5900003E0079B099A13441844E36B01225B697B
:10D5A00011A99847119B01220F93079B58460433FA
:10D5B0000793E36B0FA99B699847019B0646434479
:10D5C000A3EB0B03042B07D9002872D10BF1040B3A
:10D5D000C8E76346521ACBE7CDF804B0B6E7CDF8FA
:10D5E00008B067E7039A43EAC263334343F06046F7
:10D5F0004FF000038DF84430059BCDE9126B002BF2
:10D6000049D0202212A911A8FBF7FEF81A2213A96B
:10D61000FBF7FAF89DF844304BEA83631393E36B0E
:10D62000009A9B695046920812A99847061E089BCB
:10D6300018BF5346009A0893514643462046FFF7C9
:10D6400070FA236B009AC9F844059B1A08F103028B
:10D6500022F003029B1A2363002E37D10B9BDDF8C7
:10D6600004A04344A7EB08070B9351462046FFF75D
:10D670002FFA00238246002F7FF4A5AE124A04F150
:10D680000800D2F84435D2F84025E3622968069BA9
:10D69000FBF70AF812E01B2212A911A8FBF7B4F855
:10D6A0009DF8443046EAC3661296B8E7CDF808B054
:10D6B0004EE7CDF804B04BE770263746384615B034
:10D6C000BDE8F08F80FFFF07081000203D2EF4D149
:10D6D00004F108030093049B2768E16A2046A3EB4A
:10D6E000070BD4F844A0FFF7F3F9A36ABBFBFAFBDE
:10D6F0008342D4F830C0616C5DD0D9F8442501F183
:10D70000FF3E02EA0E0EACEB010C0EEB0C02089B86
:10D7100022632268E0629A1AB2FBF1F8C3453ED157
:10D720000AFB0877049B07F1140BB3EB0B0711D02E
:10D73000E36BBA0859469B6998478246E26A049BA4
:10D740003A44E262226B0098D21A5A442263FAF7F2
:10D7500040FF57462368616CE06B01FB0831FBF723
:10D7600040F82046FFF79AFC2046FFF7C8FC626AA3
:10D77000616C2368204601FB02331433A362FFF778
:10D780007DFB20636FB12A69616CD31D1439B3FB33
:10D79000F1F3013302EBC30290429CD28DE70027E4
:10D7A000D8E704F10800FAF714FF3B463946204653
:10D7B000104AFFF725FB2A69616CD31D1439B3FBAE
:10D7C000F1F3013302EBC302236B9342BFF4FAACD3
:10D7D00073E71C2772E7312E3FF619AD3FF42AADEF
:10D7E00012AB324629462046FAF78CFEBDF8483087
:10D7F0001FE500BF6B870008F7B5032A1646089C93
:10D8000005D1237A012B26D0012003B0F0BD256875
:10D81000274F28460DF1070307F5AD62FFF761FBBF
:10D8200060600028EDD1D4F800E0D7F86C05DEF890
:10D830002810DEF844C04840CCF100031840E0D185
:10D84000237A012B09D1E268D7F8783513446A6945
:10D85000934202D92074207CD7E7DEF80020DEF85E
:10D860002C30891A9B1AB3FBFCF3B1FBFCF18B4201
:10D870000DD1696CEB6A4A1E13402A6B521A13448D
:10D880002B6325682846A96AFFF722F9E862D7F8D2
:10D890007825E36808321344E360012233460549E2
:10D8A0002068FFF776FC60600028AAD00020ACE773
:10D8B0000810002070150020032A2DE9F3410646C8
:10D8C0000D4617461C4606D1237A012B24D0012091
:10D8D00002B0BDE8F081DFF8608009680DF1070350
:10D8E00008F5AD62FFF7FDFA60600028ECD19DF805
:10D8F0000730032BE8D0D8F86C256B689A42E3D147
:10D90000237A2969012BD4F80CC007D172690CEB7A
:10D910000103934202D92074207CD9E70831614485
:10D92000E1603B46012229463046FFF732FC606049
:10D930000028C9D00020CBE708100020F0B504462D
:10D940000D46466CE36B006887B005225B6901A950
:10D9500006FB0500984701A8FFF776F8012804D8D0
:10D9600001A8FAF76FFF07B0F0BD29462046FFF780
:10D9700090F80646676C2068E36B05225B6901A995
:10D9800007FB0600984701A8FAF75CFF431CEAD0A2
:10D99000B54238BF0130E6E72DE9F04F4FF0FF33D5
:10D9A0004FF6FF720025044600F108088BB0C0E96D
:10D9B0000923C3620562056340468B46FAF709FEF8
:10D9C0002046FFF76BFB002842D14FF6FF79676ACC
:10D9D00000264F4514BF3D460025E3699E4239D3DA
:10D9E0002046FFF75BFB38BB5E202EE02368E26B2E
:10D9F000606C576900FB0530052205A9B84705A8EA
:10DA0000FFF722F826FA00F3DB0707460BD5294675
:10DA10002046FFF793FF0246012F2946204608BF04
:10DA20000132FFF75BFB0135E3699D42DED32046FF
:10DA3000FFF734FB0028C8D02046FFF760FB4FF605
:10DA4000FF72636A93422FD167200BB0BDE8F08F5D
:10DA50001A26E9E7E26B2368606CD2F814C000FB79
:10DA60000530052205A9E04705A8FEF7EDFF0228CD
:10DA700007D04F450DD10BF1010229462046FFF793
:10DA80002DFBE3690135B5FBF3F2013603FB1255BB
:10DA9000A3E729462046FFF751FFB0F1FF3F14BF2F
:10DAA00002465A460132E8E7E26B666C2068556927
:10DAB0006946052206FB0300A847626A616C236879
:10DAC0004A4D01FB02331433A3624FF0FF336FF072
:10DAD0000101E362204605AB05F5AD62FFF701FAEF
:10DAE000002849D1D5F8705529462046E562FAF755
:10DAF000F0FC206320B92046E16AFEF7E9FFE0620E
:10DB000029462046FEF7E4FF0546A36A9D4235D12B
:10DB10002046FAF7C7FC002607463546E3699D42D2
:10DB20003ED3B74257D92046616AFEF7B2FF4FF0A5
:10DB30000008054604F1400A464512D8626C236885
:10DB4000694602FB0539E36B05225B694846984745
:10DB50006846FAF777FE534602464946E06BFAF705
:10DB600099FE29462046FEF794FF08F10108474533
:10DB70000546E1D1642068E7A56AB5E72946204655
:10DB8000FAF7A7FC236B2946034406462363204685
:10DB9000FEF79EFF0546002EB7D1C4E90B06B4E799
:10DBA000626C236805A902FB0539E36B05225B69FA
:10DBB0004846984705A8FEF747FF012809D82046A0
:10DBC00009F11401FAF785FC636C143B984208BF15
:10DBD00001360135A2E74046FAF7FBFC0023204658
:10DBE0001946034AFFF70CF900202EE70810002021
:10DBF0006B8700082DE9F8430025DFF864820E46A4
:10DC0000D8F894950446C8F8945518B921252846A3
:10DC1000BDE8F88390F8347007B30A6803689A4245
:10DC200040F012814A6843689A4240F00D818A6848
:10DC300083689A4240F00881CA68C3689A4240F0FB
:10DC400003810A6943699A4240F0FE808A69C36B86
:10DC50009A4240F0F9804B698361D8E7856B68226E
:10DC600039460DF077FAA563336804F108002360A4
:10DC700073686360336963617369A361D6E90223E2
:10DC8000C4E90223FAF7A5FCB36904F14000E36399
:10DC90009B68984720B9676C17B16368B3FBF7F7C7
:10DCA00094F84330E761002BB0D00023656C236605
:10DCB000002D00F0D180002F00F0CE802368B3FB50
:10DCC000F5F205FB1233002B40F0C0806668B6FB0E
:10DCD000F5F305FB1363002B40F0B8802046FEF7F8
:10DCE00056FE8642C0F0B48040F634726369CC3B85
:10DCF000934200F2AF80B5F5805FC0F0AD800321A4
:10DD00002046FEF756FED4E90001E36B1B689847F6
:10DD10000546E36B0220DB689847BDB949462046BB
:10DD2000FFF73AFE6428054604D149462046FFF72E
:10DD300033FE054655B9636C226A143B204602FB4C
:10DD400003F6FEF724FE864238BF5A25002D0CBF8D
:10DD50000123002384F8343057D1D4E90096D8F851
:10DD60009835D8F89C750133C8F8983502F0D4FC82
:10DD70001F2E38D94FF0000C19F01F0F06F1FF3697
:10DD800018BF29F01F0109EB06030CBF49462031DB
:10DD9000DA06324A18BF23F01F035FFA8CF0B8424C
:10DDA00037D3D2F8C00041F0030120F47F4040F4A3
:10DDB0008070C2F8C000EFF31186302080F3118824
:10DDC000D8F89C0543F00303C2F89800C2F89C10F1
:10DDD000C2F8A03086F31188BFF36F8FD8F89C3556
:10DDE0000133C8F89C35BFF35F8F05221B4BC3F886
:10DDF00094205A6A42F480325A62BFF34F8FBFF3C5
:10DE00006F8FBFF34F8FBFF36F8FE06B03F032FF65
:10DE1000FDE6C2F89800D2F89C00D2F8A06020F08D
:10DE20001F00884226F01F0601D19E42DBD08E42A1
:10DE300001D39842D7D9D2F898000CF1010C20F008
:10DE4000FF00C2F89800A8E75D25E0E65925DEE668
:10DE50005A25DCE65F25DAE65B25D8E600ED00E032
:10DE600008100020F7B50D46044600B9FEE7037F11
:10DE700003F0FF0603B1FEE70E4B1A68914215D876
:10DE800040F2E7303146D3F894724FF47A720023AF
:10DE9000E5FB070104F0A8FD0123CDE9006301467D
:10DEA0002346054A60680EF02DFA00B1FEE703B084
:10DEB000F0BD00BF08100020D3CA010800B9FEE77A
:10DEC00040680EF06DBA2DE9F04F00F58058D8F893
:10DED000A46900F5CD530A33F61AB1B00293044693
:10DEE0000B46B6B2002940F04085012288F8502147
:10DEF000029A00F18005C0F880200422A0F8861064
:10DF000080F88A1080F898108DF81810A0F88460B6
:10DF1000A0F88860A0F88C6080F8C82006A9284680
:10DF2000FAF77EF8A0B99DF918309DF818B0002BCB
:10DF30000EDAD8F85C310133C8F85C31CBF3011349
:10DF400088F85231ABB1062259462046FDF712FA45
:10DF5000002204F5805383F85021029B04F580547D
:10DF6000C4F8A4394FF40073A4F8A83931B0BDE85F
:10DF7000F08FD4F800A0BAF1000FE4D0284607A92A
:10DF8000FAF7D1F8024640B10620FAF714F95946DB
:10DF900002462046FDF778FDAEE1DDF81C90B9F1B0
:10DFA000010F08D040F26181A9F10203032B40F276
:10DFB0001E81052259E102238DF82430B4F8863001
:10DFC000B34205D0284609A9FAF72AF800B1FEE7BE
:10DFD0009DF82430022B40F09480A64E10A8FCF748
:10DFE00063F800251222002106F25A400DF0B2F823
:10DFF0004FF6FE732822294606F53670A6F85834E7
:10E0000086F820510DF0A6F82822294606F21C4079
:10E010000DF0A0F801200EF0A7F840B102F07AFC54
:10E0200000B1FEE701200EF09FF800B9FEE74FF6C1
:10E03000FF7002F043FC002307270CAD28460AA915
:10E04000CDE90A33FCF7E4FB8B4BEA5D013F03F8B3
:10E05000012BFAD200222946D6F824030DF01FF92D
:10E06000024600B1FEE74FF6FE71D6F824030DF02C
:10E0700032F9054600B1FEE710A8FCF715F810AB21
:10E080001A461946284602F0DDFBEFF311833022D1
:10E0900082F31188C6F89C5283F31188BFF36F8F07
:10E0A000284602F0BFFB0B230AF138008AF828301B
:10E0B000CAE90C55CAF82C50AAF82A70FCF75AFC89
:10E0C00041F24E1298F852314FF6FF7123449D549D
:10E0D00041F253129D5441F25412995441F2551297
:10E0E0009D54C8E95655C8E95855206DFCF71CFDEC
:10E0F000702280212046FDF73DF9002800F0FC80C9
:10E10000FEE7032B71D10023012410A8CDE91133C0
:10E110008DF8404002F02AFC129B9D0262D52146F8
:10E120003D2001F0E7FA55494B680BB1FAF734FC92
:10E130000122534B5A604B689807FCD402230120FC
:10E140008B604B624F4B5860FAF726FC4B4BC86014
:10E150009A6AD206FCD402221A639F6A17F010074B
:10E16000FBD10323464A11205361A2F580529361EB
:10E1700002F096F84AF6E853434CE56EE66E25F059
:10E18000030545F0020546F00306236672B6DFF884
:10E19000188104F095FBD8F87030012023F00703B4
:10E1A00043F00103C8F8703004F0B2FB384602F0C7
:10E1B00029FCD8F864305F0142BF344B344AC3F8BD
:10E1C0002024344BE566E666E566E666E566E666C7
:10E1D000E566E666E5669B6ABFF34F8FBFF36F8F18
:10E1E00030BFFEE72C4B2D4A1A60FAF706F908906B
:10E1F00008A92846F9F797FF20B10620F9F7DBFFB9
:10E20000024632E0B9F1030F089F18D0A9F10403C8
:10E21000012B0DD8B9F1050F40F04B833B4603228B
:10E220001F4910A8FAF792F8DDE91098082349E38E
:10E230003B46002259462046FDF7B4FB7FE23B46B1
:10E240001B220AA81749FAF781F8DDE90A3000F025
:10E2500001020192002B40F01983002A40F016833E
:10E260000C2F23D0712F79D00D2259462046FDF76F
:10E270000BFC64E2081000201C1400200040065033
:10E2800000600650005006500040005000E003506F
:10E290000000FF0F004009500000002002020FF0B4
:10E2A00048D40108E0D2010800800050284610A997
:10E2B000F9F7B6FE002840F03A829DF84030022B74
:10E2C00040D003D9DA1E012A88BF0323002584F831
:10E2D000C8300C2201235946204684F8D050FDF75F
:10E2E00062F894F8C830042B35D0012360BB626B10
:10E2F00084F89830C4F8CC2004F5805595F8D220E5
:10E3000095F8D3309A4202D02046FDF787F841F2C3
:10E31000D10195F852219DF818302244515C03F048
:10E320000F0331B18B421EBFD5F860110131C5F822
:10E3300060110F2B08BF012341F2D10118BF013337
:10E34000535405E60123C1E7C4F8CC5084F8983053
:10E3500084F8D0B0D0E70028CED0F9E7DAF82C3036
:10E36000002B00F08F82DAF85060002E00F08C82D3
:10E3700028460CAA10A9F9F707FF002840F0D7811A
:10E38000BDF830207F2A00F2D2813746B28057F89C
:10E39000060B10990CF0B8FE39462846F9F740FEF6
:10E3A000002840F0C481B3792846B3760023C6E93B
:10E3B000043340F6047333837F23F376337F06F10F
:10E3C000180123F0170343F004033377F9F728FE0D
:10E3D00000284DD1284606F11901F9F721FE002841
:10E3E00046D128460DF11901F9F72AFE00283FD140
:10E3F000337F9DF81920284662F3820333770DF1AD
:10E400001B01F9F71DFE98BB337F9DF81B202846A2
:10E4100062F3000333770DF11A01F9F711FE38BBEF
:10E42000337F9DF81A20284662F34103337709A908
:10E43000F9F706FEE0B9337F9DF82420284662F301
:10E440000413337706F11401F9F72DFE80B928463D
:10E4500006F11001F9F727FE50B9284606F11A0116
:10E46000F9F7DEFD20B9284606F11B01F9F7FBFD9F
:10E470002568EB6A002B00F0058205F1380305934F
:10E4800095F83A30052B00F0FD812E6D306802F0D2
:10E4900012FF002800F0D781337FD80600F1D38126
:10E4A00030460DF11A01FCF7DDF8002840F0CB8171
:10E4B000337FD90704D4304695F89410FCF71FF940
:10E4C0002B8F9A0600F1BF819DF81A30082B40F07F
:10E4D000BA812B6D05F170029A60286D037FDB070E
:10E4E0000BD4D5F890603146FCF7DCF8D5F89030C5
:10E4F0009E4224BF0136C5F890604FF000094FF0EE
:10E5000024082A2249462E6D12AF0DF14600CDF89F
:10E5100024900CF01FFE4246494638461097ADF84D
:10E5200044800CF017FE306802F0C5FE002800F0B1
:10E53000818130460DF11B01FCF784F8002840F082
:10E54000798130460DEB0801FCF79CF80390002818
:10E5500040F07081099BD5F84200D5F846101ABAF0
:10E560000CAB03C39DF81BC038468DF83CC00E921F
:10E570004146D6F80890FBF70DFA802312934B46DC
:10E5800013AF09F1100C3A4618685968083303C2F2
:10E5900063451746F7D13046FCF7C2F802385FFAF8
:10E5A00080FABAF1030F40F2CE803046FCF716F93C
:10E5B0004FF000090346049009F10102002B40F0DE
:10E5C000C3805FFA89F9B9F1020F38BF4FF0020931
:10E5D0003046B9F1020FC9F10F0718BFFFB2FCF7BF
:10E5E000F5F8021E18BF012209F1FF394FEA6A034C
:10E5F0005FFA89F9013B49EAC30343EA82130CA994
:10E600003A4680460DF171008DF870300CF07CFDBB
:10E610000F23049A20A99F42C0F099801CAA11469A
:10E6200010A8FAF743FCB8F1000F07D09DF871303D
:10E6300088EA03038DF87130022303933A460CA94C
:10E640000DF181008DF880900CF05EFD10AB07F1AC
:10E650004100C7F10F02002118440CF07BFD00239C
:10E66000049A2993CDE92A23039B3046ADF8B030B4
:10E6700010238DF8B470CDF8A080ADF8B2308DF8CD
:10E68000B5A0FCF7A3F880450746D6F8009064D300
:10E69000C8468144C14561D1299B1F44289B2997C5
:10E6A0009F420AD1BDF8B03023B11CAA114610A870
:10E6B000FAF7FCFB0023ADF8B0303046FCF77CF8ED
:10E6C00080463046FCF78AF82B9B2A9A03449342F3
:10E6D00007465AD8C14608EB00030393039B4B45FA
:10E6E00054D12B9B1F442A9B2B979F4212D3BDF8DA
:10E6F000B03010AF23B11CAA11463846FAF7D6FB4A
:10E700009DF8B420002102F141003844C2F10F020B
:10E710000CF020FD3046FCF703F8DDE92A32B6F8AC
:10E7200004809A423768A8EB000871D0FEE7062003
:10E73000F9F741FD594602462046FCF71BFE00282A
:10E740003FF4DAAD21E4FEE791461B0A34E7013BD2
:10E7500001F8012DDBB2120A5DE7FEE7BDF8B0302B
:10E76000102B05D11CAA114610A8FAF79FFB002315
:10E770005A1CC033ADF8B0206B4418F8012B13F8C5
:10E78000501C4A4003F8502C84E7FEE7BDF8B23035
:10E79000102B13D10F229DF8B40024A9824205DD6D
:10E7A00011F8013D0133DBB20B707BB324AA20A921
:10E7B00010A8FAF77BFB0023ADF8B23019F801ABD3
:10E7C000B8F1000F0CD0BDF8B2305A1CC033ADF810
:10E7D000B2206B4413F8303C8AEA030309F8013C89
:10E7E000BDF8B030102B05D11CAA114610A8FAF7BD
:10E7F0005DFB00235A1CC033ADF8B0206B4413F806
:10E80000502C8AEA020203F8502C67E7013AC5E768
:10E8100024AA10A820A9FAF749FB0DF16F0207EB13
:10E8200008009DF8B530019999421FDB337F43F012
:10E8300010033377BDF84430232B22D9109810B140
:10E840002421FBF7A7F80023059885F83B3085F8CD
:10E850003C3085F89530FCF7C3F8624B0BF00F02A3
:10E860002B6304F5805383F8532145E512F8013FEB
:10E8700092F820104B4000F8013B019B01330193BB
:10E88000CFE7FEE70D2053E7484651E70022019904
:10E8900088F85021421004EB600009B1A258D35807
:10E8A0009847012288F8502100287FF4A7AC3B4606
:10E8B000C0E43B4603224C4910A8F9F747FDDDE9C7
:10E8C00010980723019308F001030393B9F1000F97
:10E8D00002D1002B3FF4C8AC4FF00002B4F88630F0
:10E8E0002846A6EB030A1FFA8AFAA4F88C3084F8AB
:10E8F0008B20A4F88E6052460CA90493F9F734FCDF
:10E90000049B039A9E4288BFA4F886304FF0000310
:10E9100004F5805585F8503104EB68004FEA680330
:10E9200012B1E35853F80990C847012385F85031D4
:10E9300000287FF463AC04F150053B465946284655
:10E94000019A0C9EFCF734FC08B100228DE452467B
:10E950003146206D02F0A2F80028F6D12846FCF7D7
:10E9600079FB00283FF4C8ACEFE7D8F8582110AF86
:10E9700001328021C8F8582138461C4A0CF08AF828
:10E9800038460CF00DF90146384602F0A2F8B946B7
:10E99000002504F5CD5808F10908ABB29E4203D911
:10E9A00001352A2D11D129252DB205EB4505104938
:10E9B00078190DF05CFA38460CF0F2F8411E0DF1B2
:10E9C000410002F086F8FFF7C8BAA5EB850148467A
:10E9D00018F8013F074A83310CF05CF809F103098C
:10E9E000DBE700BF19B8000824D401084507020876
:10E9F0005F0702085907020813B5044601A800F092
:10EA00004CFF9DF80630012223804FF480730020D4
:10EA10006380054B9B680A3303F01F0302FA03F37C
:10EA2000636002B010BD00BF0080E00F044BD3F85C
:10EA30008420D206FBD4D3F88400C0F38110704741
:10EA4000004000500D4BD3F8403103F00303022B7C
:10EA50000AD0032B0CD0012B0ED00123002200B1D1
:10EA6000026001B10B60704709234FF40042F6E7E2
:10EA70000C234FF47A72F2E70A23F6E70080005085
:10EA80004FF4803210B5104B9A66A3F580531B6F7C
:10EA9000C3F3033303FB00000C4BDC69144041F665
:10EAA0007132DA635A6822F4401259B9084988422F
:10EAB00094BF00200120000502435A600CB10022DF
:10EAC000DA6310BD0349F2E70090005000000350E4
:10EAD000005A6202002D3101024A536B0342FCD1FD
:10EAE000704700BF004009504368DA0715D58368B6
:10EAF000DB0702D50369D90708D50A238363436D71
:10EB000013F0500FFBD1836C9A07FCD1012200F562
:10EB100000535A6043689B07FCD47047012200F5FC
:10EB200080535A6001F00F02436DC3F30B03002BB7
:10EB3000FAD18263436D13F0780FFBD101F001032A
:10EB40004A0748BF43F00203826C02F003029A4274
:10EB5000FAD17047054B9A689107FCD45A6892071E
:10EB6000F9D4DA69002AF6D1704700BF00800A5054
:10EB70000B4B93F8A02062B107280CD803EB0013CD
:10EB800093F82C304BB10123064A834013640020D4
:10EB9000704711207047212070472520704700BF23
:10EBA000E0150020001004500B4B93F8A02062B138
:10EBB00007280CD803EB001393F82C304BB101233A
:10EBC000064A8340136400207047112070472120BB
:10EBD00070472520704700BFE0150020002004503A
:10EBE000D0F8A0301A68054B906C400602D5002082
:10EBF00051647047013BF7D10720704741420F0035
:10EC0000D0F8A0301B689A6C120643BFDB6B002063
:10EC10000B701B20704780F89510704790F8950096
:10EC2000704710B50446007DFFF7A2FF3023207D1A
:10EC3000434303F1A04303F58023DA6E196F084BB9
:10EC40009A420BD111F0020104D0216D236ACB1A34
:10EC500059425941FFF7A8FF084610BD0021F9E7C6
:10EC600081160020BFF34F8F0549064BCA6802F496
:10EC7000E0621343CB60BFF34F8F00BFFDE700BFDF
:10EC800000ED00E00400FA057047704730B5214DF3
:10EC9000D5E9303422B38B4200D0A1BBD5F8BC30CB
:10ECA000A3B348B9D5F8AC301A78D20707D5DA88BB
:10ECB00022B103EBC203F7E70346F5E713468C42A4
:10ECC00000D0B9B9D5F8BC20CAB1002818BF044695
:10ECD0002278D2070ED5A2888AB1A4EBC204F7E746
:10ECE0008B420AD0834228BF03468C4209D084421B
:10ECF00038BF0446C5E9303430BD0346F5E7144655
:10ED0000F8E70446F6E78C42F4D1DBE78C42D8D131
:10ED10001C46EFE7E0150020034B5A68D20702D5E6
:10ED20005A6D0242F9D1704700000A5010B540F602
:10ED3000FF70FFF7F1FF0823214C2249A363FFF77F
:10ED4000EBFF02235020A363FFF7E6FF4B68012B84
:10ED500004BF1D4A53604B689807FCD48B6C194B59
:10ED60009A6C120629D49A6C4FF48072144CA263E8
:10ED70009A6C12F00072FBD10421134821610161E9
:10ED8000216101612161016121610161202119611C
:10ED900041F20201DA609A6059614FF4A021596290
:10EDA0000A49DA611A629A619A659A62DA621A65A8
:10EDB000C1641A635A631A6310BDDA6BD0E700BFEF
:10EDC00000100A5000000A5000200A50FF3F0D03B7
:10EDD00070B500244FF0604122461D4E052A28D808
:10EDE000DFE802F003301D1F21235B23D1F8805E92
:10EDF000ED0710D5D6F8FC5045F08075C6F8FC50EC
:10EE0000D1F8005E45F48075C1F8005E0D6A002DF2
:10EE1000F0D081F820300132112ADFD170BDD1232A
:10EE2000E4E78023E2E70023E0E7651C2346ECB239
:10EE3000DCE7A2F10E03012B06D9102A06D0831FAE
:10EE40009B5CD3E70C23D1E75A23CFE75D23CDE7C3
:10EE500000ED00E030B51A4A92F8A0307BB30728E5
:10EE60002DD8D2F8D430C1B20BB9D2F8D8301C6842
:10EE7000247D8C4215D9EFF31185302181F311885F
:10EE800001245968844021EA0401596000211C6969
:10EE900044F820105B6943F8201085F31188BFF314
:10EEA0006F8FEFF31183302181F31188002102EB82
:10EEB000001282F82C1083F31188BFF36F8F30BDDE
:10EEC000E015002010B510B9094BD3F8D80003683D
:10EED0001B7D8B420BD9EFF31183302484F311880F
:10EEE000006940F8212083F31188BFF36F8F10BDB4
:10EEF000E015002038B5164B0546D3F828310C46EE
:10EF000003F00703013B052B04D8DFE803F00A16E2
:10EF10001E120E1A0023184605B1286004B12360A2
:10EF200038BD0C4B18680523F6E70A4B1868062312
:10EF3000F2E70DF0B7FC0723EEE7074B1868032351
:10EF4000EAE7054B18680423E6E702230348E3E7F2
:10EF500000800050844A0020884A0020002D3101A2
:10EF600038B5174B0546D3F820010C4600F00700D2
:10EF700006281FD8DFE800F0040A0E2112161A0036
:10EF8000012305B1286004B1236038BD0D4B18681A
:10EF90000523F6E70C4B18680323F2E70DF082FC1B
:10EFA0000723EEE7074B18680623EAE7064B1868C5
:10EFB0000423E6E700231846E3E702230348E0E7DB
:10EFC00000800050844A0020884A0020002D310132
:10EFD000094B186F00F00700431E032B03D8DFE82E
:10EFE00003F006080904002070470820704702203B
:10EFF00070470520704700BF0080005070B5124A6E
:10F00000536D116D0B401149002B0B659DB202DB56
:10F01000012665B970BD0123D0680D4AC0F30420F4
:10F02000834042F82030BDE870400CF077BFB5FA5D
:10F0300085F4C4F11F04E4B2204606FA04F40CF08F
:10F040006DFF25EA0405E4E70000045000200450A9
:10F05000E0150020F0B5234A014692F8A030002BBD
:10F060003BD000283BD000200860D2F8D840EFF316
:10F070001187302686F31188D4E9003593F814C03F
:10F080004FF0FF3303FA0CF32B43DB4305D187F337
:10F090001188BFF36F8F1A20F0BDB3FA83F34FF0DE
:10F0A000010EC3F11F03DBB20EFA03FC4CEA0505A7
:10F0B00065600B7087F31188BFF36F8FEFF31183D7
:10F0C00086F31188096802EB011282F82CE01062C5
:10F0D00083F31188BFF36F8FDEE71120DCE7212077
:10F0E000DAE700BFE015002010B504460DF0A2FBE2
:10F0F0000C4BA0F57A729A4212D84FF47A73B0FB97
:10F10000F3F05C43084BB3FBF0F3B4FBF3F00228DD
:10F1100006D9BDE810400323B0FBF3F0F7F760B861
:10F1200010BD00BFFFC99A3B40420F0010B5084C0C
:10F1300020460CF00FF920B994E80700054B83E84E
:10F140000700BDE8104001214FF0FF300CF03CB843
:10F15000F4D50108BC16002070B5194C94F8E830BD
:10F1600063BB0222174E184D3046AD1BC4E92B6518
:10F17000C4F8F050013DED08C4E92D33C4F8BC30AB
:10F1800084F8C820C4F8D030C4E93066C4F8EC6014
:10F19000FAF70CFC7580D4F8BC30D4F8B8200133F1
:10F1A000C4F8BC30D4F8B43008339342C4F8B43057
:10F1B00088BFC4F8B830012384F8E83070BD00BFC0
:10F1C000E0150020C84B002000000420F8B50446DC
:10F1D0004518073549420D40A5F108063046FAF7B3
:10F1E000E5FB6188331BA1EBE30125F8061CA08831
:10F1F000DA1000EBE30080B225F8040CA188F1B12D
:10F20000A4EBC1014F88C880D0194880E188E9B1DA
:10F210008A1A92B204EBC10125F8022C8A80A288D6
:10F22000BAB91549D1F8B4201344D1F8B820C1F8BF
:10F23000B430934201D9C1F8B8303046F8BD15F862
:10F24000081C41F0020105F8081CDFE725F8021C44
:10F25000E5E7A4EBC2042278D207EED5064AD2F83D
:10F26000B4100B44D2F8B810C2F8B4308B4288BF47
:10F27000C2F8B830E1E700BFE01500202DE9F04703
:10F28000002390464A1C08BF0821C8F80030002817
:10F2900000F0A780544FD7F8B030984280F0A1809A
:10F2A000073020F00705EFF31189302383F311882D
:10F2B000D7F8C060BEB133787288DB074FEAC2026C
:10F2C00004D5F3887BB106EBC306F4E79542F8D882
:10F2D00006F10803B3FBF1F001FB103353B12B44EB
:10F2E0009A42EED343B989F31188BFF36F8F192087
:10F2F000BDE8F0872B46F5E77088D7F8BC20C3EB54
:10F30000C000013A2728C7F8BC2058D99D4205F112
:10F31000080A4FD03046FFF759FF0446A244504632
:10F32000FAF744FB628805F10F01A2EBD102CB088A
:10F33000AAF80220AAF80430E288002A3CD0D31AA6
:10F340009BB204EBC202AAF806309380ED086580F8
:10F35000BAF804300022E38031465046FFF796FCAD
:10F36000D7F8B430D7F8B82008339342C7F8B43090
:10F3700088BFC7F8B830237843F001032370D7F86B
:10F38000BC300133C7F8BC306288D7F8B4300834D9
:10F3900003EBC203D7F8B820C7F8B430934288BF54
:10F3A000C7F8B830C8F8004089F31188BFF36F8FF1
:10F3B00000209DE73446B1E7AAF80620C6E79D4243
:10F3C0000DD03046FFF702FF04462378012243F0B8
:10F3D0000103314620462370FFF758FCD4E734463A
:10F3E000F3E7212084E700BFE015002007B501AA5C
:10F3F000FFF744FF08B100230193019803B05DF8C3
:10F4000004FB002370B51646136089B180B101FB7F
:10F4100000F54FF0FF312846FFF730FF044628B9CA
:10F42000306818B12A4621460BF094FE204670BD84
:10F430002124FBE72DE9F041036B826B92B09A42E5
:10F4400088BF8363426C436A07680E4602FB0377FA
:10F45000C36B03A905225B6904463846984703A895
:10F46000FDF7F2FA01280146307070D0656CE26B4E
:10F470002368606AD2F814C005FB0030052208A991
:10F48000E04708A8FDF7E0FA01284FF000053CD05E
:10F49000D4E90A3201219342CDE90D458DF83C5063
:10F4A00010958DF8441043D119462046FDF710FB06
:10F4B000236B626C14339B1AE06223630E9B1BBBAD
:10F4C0009DF8443003B3636A626C2568D4F83C80CD
:10F4D00002FB03550C350122D8F8143001A9284647
:10F4E00098474FF6FF72019B99B291420CD16FF38E
:10F4F0000F0343F4254343F0A5030293012228465A
:10F50000D8F8183002A998470E9DE36B05225B6975
:10F5100003A93846984703A8FDF796FA30702846A5
:10F52000236BA26B9A4288BFA36312B0BDE8F0813F
:10F53000237C33B91C490DAA04F10800FDF746FAF3
:10F54000BCE72046194A0DABFDF75AFCB6E7237C11
:10F5500023BB2246164904F10800FDF737FA616A19
:10F560002046FEF7EBF9616A421C2046FDF7B6FD26
:10F57000054620B9236B626C1344143B2363204679
:10F58000A16AFDF7A5FA2368A062C01A636CB0FBFC
:10F59000F3F060622046FDF771FCB6E700232046D9
:10F5A000044AFDF72DFCDAE7F9D70008B9D80008BE
:10F5B0002B8600087B8600082DE9F04FDFF830B17C
:10F5C00089B0DBF804310646072B0D46019240F264
:10F5D0008A800827DBF8F8900097F36B01225B69BB
:10F5E00005A948469847059BDBF8F410C3F3D312EE
:10F5F00091427AD113F07E0F3BD1F36B02225B690B
:10F6000006A94846984706A8FDF701FA4FF00808F2
:10F610000446019BC844002B34D1009B9C4228BF68
:10F620001C461B1B032C00932AD9F36B294640462A
:10F630005B69A208984724F0030304F0030A984486
:10F640001D44BAF1000F0BD0F36B012206A940460E
:10F650005B6998475246284606A90BF055FD55446C
:10F6600049463046FDF734FA3F1B8146002FB4D19E
:10F6700025E005A8FDF7CBF94FF004080446C8E7DC
:10F68000A246DEE723462A1904F0030A0292A044A8
:10F69000029A9A45A2EB0305A8EB030013D1BAF135
:10F6A000000FDDD0F36B012206A95B699847524633
:10F6B000284606A90BF018FD0028D0D0362738467A
:10F6C00009B0BDE8F08FF26B039306A953690122DC
:10F6D00098470422284606A90BF006FD0028EDD124
:10F6E000039B043BD4E76327E9E76F27E7E700BF05
:10F6F000E0150020430905D0012B0CD0022B084B4C
:10F7000018BF002300F01F0039B103F58053012218
:10F7100082401A607047034BF4E703F50053F6E7A5
:10F720006880005064800050014B1870704700BF23
:10F730008C4A0020014B93F9000070478C4A00204E
:10F740004FF0004270B50F4B04465D6E03F58053D9
:10F750005A664AF6CD330C4980204E6C0B64FFF795
:10F76000BBF90B6A23F4F85343EA04230B62F30753
:10F7700044BF064B0B64002DA2BF4FF00042044B68
:10F780005A6670BD00800050004009503254FFFF9F
:10F7900000A00050021E30B54FF0000014BF042539
:10F7A000102547F60774084952B9831D51F82330D4
:10F7B000234023B101308542F6D14FF0FF3030BDF8
:10F7C00000F11603F2E700BF0080035010B5C2F34A
:10F7D000062402F0070241B942EA042242F4402220
:10F7E0000630234B43F8202010BD142C37D008D806
:10F7F000012C26D0122C2CD0631E312B07D90023CC
:10F8000008E0242C04F1FF3308D8202C08D819492B
:10F810000B441B7B42EA03221630E2E7322CEBD189
:10F82000042AF4D8DFE802F0050821030B000322C4
:10F83000EDE70022631EEAE70122631EE7E70422E8
:10F84000E5E7012AF8D0022A01D0002AF1D00023EE
:10F85000DDE7022AEDD0032AEED01123D7E7022AF2
:10F86000E7D0032AE8D01323D1E70222CFE700BF75
:10F8700000800350F4D501080A4392B20021FFF73B
:10F88000A5BF3AB122F0030202F1A04202F56032B4
:10F8900009B9106070470002FBE74FF48032074B54
:10F8A0005A6603F5E6239B69C3F38512827003F061
:10F8B0003F021B0B42700370704700BF0090005066
:10F8C000036BDB0702D503695A06F9D4012200F560
:10F8D00000531A63036B9B07FCD40B794A881B0205
:10F8E00043EA82438A7A13434A7843EA8213CA7A04
:10F8F00043EAC2130A7B43EA42134A7B43EA0213F8
:10F900008A7B43EAC203CA7B43EAC2238A7943EA79
:10F910000243CA7943EA42430122436000F580531F
:10F920001A630B780BB90223C360002343624B793F
:10F930000A7A1B0143EA82034A7A134383600B78F5
:10F940000BB10123C3607047012200F580531A6395
:10F950000223C36000231F4900F5005283608361C6
:10F9600051614FF6FF710362C1614CF680614362E1
:10F97000436683660367C0F88430C0F88830C0F8F7
:10F980009030C0F8A430C0F8A830C0F8B030C0F84B
:10F99000FC10C0F8EC30C0F8F0301F23C0F8F8308D
:10F9A000036BD90702D503695B06F9D401231363FE
:10F9B000036B13F00203FBD143600366C0F8803091
:10F9C000C0F8A030C0F8E030C0F8E830C0F8E4304B
:10F9D000704700BF77007707302337B5007D0DF102
:10F9E0000701434303F1A04303F58023DD6E1C6F41
:10F9F0000CF07CFA9DF8070040B9054B9D4203D1FD
:10FA0000C4F3400484F0010003B030BD0120FBE7E3
:10FA10008116002010B50446FFF7DEFF38B1236DD4
:10FA2000D4E912020244934218BF184610BD302296
:10FA3000237D534303F1A04303F58023DB6EEFE7FF
:10FA40002DE9F04790F8943004460D46002B64D120
:10FA500090F895808E18B54249D0302794F89630AA
:10FA6000B3B32046FFF7DDF890BBEFF3118987F3BE
:10FA70001188207DFFF77CF82046FFF7CBFFA36CB1
:10FA8000411E994238BFE16C94F854A038BF01F18F
:10FA9000FF31207D38BFC918FFF786F8BAF1000F93
:10FAA00012D10B46D4F8980083420BD013F80129E9
:10FAB000112A01D0132A1DD1A2F111035A425A4131
:10FAC00084F89C20C4F8981089F31188BFF36F8FD5
:10FAD00094F89C30002BC1D0B8F1000F12D1236EE6
:10FAE00020465B6815F8011B98470028B3D000201A
:10FAF000BDE8F087A26C9A4282BFE36C03F1FF334A
:10FB00009B18D1E72B780A2BE9D1236E0D212046D3
:10FB10005B6898470028E2D0E9E70E20E8E7F0B5F7
:10FB200001258D40EFF311864FF0300C8CF31188D6
:10FB30008C00176804F1A0440CFB010104F5882433
:10FB40006760547B23F003030C66D47A977A24050C
:10FB500044EA0744177B44EA4754CC650B671179A4
:10FB6000937943EA014300F500518B615379D179D0
:10FB700041EA034100F580539961117A01B11D6496
:10FB8000527A02B19D6300F50050456386F31188F7
:10FB9000BFF36F8FF0BD012303FA01F1BFF35F8F55
:10FBA00000F5005300F580505963816470472DE9DA
:10FBB000F04F354E87B0019396F8A03005468B463E
:10FBC0009046002B5AD007285AD8002A58D0019BBB
:10FBD000002B55D0109BB3F5006F51D806EB0017E2
:10FBE00097F82C30002B4DD0002406EB401A0AF574
:10FBF00090734FEA4019102221461846CDE903447C
:10FC000005940BF0A7FA4FF444724280DBF8003001
:10FC100006F590700293019BCAF82881CAF8243136
:10FC2000109B50F809105A1E184BC2F30A020B40E1
:10FC300043EA021340F80930154B00EB09083B6218
:10FC4000119BD6F8D400C7E90934124BE9B203EB93
:10FC500085031A6CFFF736F9434629460E4802AA77
:10FC6000FFF75DFF0C482946FFF795FF012320466B
:10FC70000A4AAB40536507B0BDE8F08F1120FAE7A0
:10FC80002120F8E72520F6E7E01500200F80FFF39C
:10FC90003B010108F4D50108000004500010045095
:10FCA000F8B5154D044695F8A000069E18B3072C2C
:10FCB00021DC05EB041090F82C70E7B1C0E90836A0
:10FCC0000023836213460D480A462146FFF727FFAB
:10FCD00001230B4AA34053650A4BD5F8D40003EB2C
:10FCE0008403E1B21A6CFFF7EDF82146BDE8F84055
:10FCF0000248FFF750BFF8BDE01500200000045097
:10FD000000100450F4D501082DE9F743D0E904347C
:10FD100004F17C07D0F80C900646013B102200212C
:10FD20003846D4F874809DB20BF014FA0B4BC5F32F
:10FD30000A0543EA0513C4E91F39012394F8780042
:10FD400084F88C30C4F884803A46054B009604F160
:10FD50006401FFF7A5FF03B0BDE8F0830000103099
:10FD600065FD000810B5144653690022D3F89000D1
:10FD700083F88C2028B10168C3F890100260FFF767
:10FD8000C3FF63681BB100212046A268984700208A
:10FD900010BD034610B593F894200846FAB10A69DD
:10FDA000B2F5006F1DD8EFF31184302282F3118871
:10FDB0004B6193F88C207AB103F19002D3F8903024
:10FDC0003BB90360106084F31188BFF36F8F00208C
:10FDD00010BD1A461B68F3E7FFF796FFF3E70E2006
:10FDE000F6E72120F4E72DE9F04F04464FF444787C
:10FDF0004FF0300BDFF83CA100F13806102285B03F
:10FE00000AF1A107002130460BF0A4F9C4E90F77ED
:10FE1000207DA4F83A80FEF7ABFE00211022304688
:10FE20000BF098F9DFF81091207DC4E90F770BFBF8
:10FE30000093A4F83A80DB6EBB4204D105B0BDE864
:10FE4000F04FFEF7B1BE0DF10F010CF04FF89DF829
:10FE50000F70002F65D12046FFF7DCFD9AF8A02037
:10FE60008046237DE2B1072B1AD80AEB031A9AF8D1
:10FE70002C20AAB1EFF311808BF31188D9F834103C
:10FE80000BFB0399D9F8642080F31188BFF36F8FBF
:10FE900021FA03F3DB075CBFC2F30A135F1C3D4684
:10FEA00004F11807102200213846D4F810900BF006
:10FEB00051F93022237D013D5343C5F30A052D013D
:10FEC00045F04475C4E9065903F1A043C4F8208005
:10FED00003F580231A6F94F82410520862F341014D
:10FEE000A27E84F8241022F01002A276196F94F8F2
:10FEF000242027F0030761F3000284F824201B6FFD
:10FF0000626A9B0863F39F0247F0020762626764BC
:10FF10000094207D32462146054BFFF7C1FE207D2F
:10FF20008CE794F8443023F0020384F84430EFE780
:10FF30003B010108E0150020000004502DE9F04FBE
:10FF4000002604469B4687B0059103921E60039BE2
:10FF50009F1B00F09780059B9E1900F09380204620
:10FF6000FEF75FFE8046002840F08C802046FFF7B9
:10FF700051FD216D94F8969088429BBFD4E91253AD
:10FF8000ED18451A6D1ABD4228BF3D46B9F1000F64
:10FF900000F0A080EFF3118A302383F31188276DDE
:10FFA0002046FFF719FD3B4679192F469942D4F8B0
:10FFB00098C070D1D4E9122313449C4508BFC4F8FB
:10FFC00098208AF31188BFF36F8F8146207DFEF75A
:10FFD000CFFD2046FFF700FD06462046FFF71AFD3D
:10FFE000D4F850A08046504540F28280A36CAEB257
:10FFF0009A4575D123691022049304F12803002146
:020000040801F1
:1000000018460BF0A7F83021049A013EC4E90B2AE8
:10001000227DC6F30A064A43360120F0030302F1AB
:10002000A04246F0407643F0020302F58022A66229
:100030001367236DD4E912122B440A44934208BF7C
:100040000B469845236505D10123204684F854309A
:10005000FFF7C9FE207DFEF7A7FD94F896303BB16F
:10006000B9F1000F04D0236E112120465B68984738
:10007000DBF8006037B1039B3E449E42CBF8006042
:10008000FFF465AFDBF80030002B14BF00201B200D
:1000900007B0BDE8F08F634503F1010208BFC4F863
:1000A00098201B7808BFC84603F0FD0CBCF1110F67
:1000B00003D006F8013B134678E7B8F1000F07D0EC
:1000C000A3F1110CDCF1000343EB0C0384F89C302A
:1000D000013FF0E72A4630460BF016F82F4675E749
:1000E000238DC3F30A12164466F30E132385A0E78B
:1000F000207D86B93023434303F1A04303F58023D9
:10010000596E5A6EC1F30A1129446FF30E1242EA76
:1001100001125A668DE7CDE9005442462369214613
:10012000FFF745FD3022237D534303F1A04303F540
:1001300080235A6E22F48012EBE737B592F85430E0
:10014000144633B1936D0BB1D06D9847002384F8FA
:10015000543094F896301BB32046FFF73DFCF8B1BD
:10016000236E132120465B6898471025236E204696
:100170001B680DF10701984778B99DF8073003F027
:10018000FD02112A05D1A3F111025342534184F813
:100190009C30013D15F0FF05E8D12046FFF723FE16
:1001A000002084F8540003B030BD2DE9F04198B030
:1001B00004460D461646002128220EA80AF0CAFF62
:1001C0000023019305B164B335F0030805F003077C
:1001D0002BD04FF0E0630E9300230F931093012375
:1001E0000B940C9348F000530D930BAA05AB07CA70
:1001F00083E8070019460EA80CF091FC169B042B0F
:1002000006D818AA02EB8302013342F81C8C16931D
:100210000EA80CF033F840B14246002120460AF007
:1002200099FF00256FF0920001E027B900203560AA
:1002300018B0BDE8F0814FF0E0630E9300230F93F8
:100240001693109301AB089301230993134B08AA4B
:100250000A9302AB07CA83E8070019460EA80CF000
:100260005EFC169B042B07D8042118AA02EB83021C
:10027000013342F81C1C16930EA80BF0FFFF08B1C7
:100280002A46CAE7019A4444C300013022FA03F324
:10029000874204F8013BF7D1C8E700BF0400002003
:1002A000002807DB01234109034A00F01F008340B7
:1002B00042F82130704700BF00E100E0EFF3118306
:1002C000302282F31188044AD2F8340283F3118871
:1002D000BFF36F8F704700BFE01500202DE9F0419C
:1002E0000468054694F8941000296CD1EFF311834B
:1002F000302787F31188C4E9161183F31188BFF3FF
:100300006F8FFFF7DBFF8542304E09D1EFF311838A
:1003100087F31188C6F8341283F31188BFF36F8F07
:10032000236E93F91030002B09DB01215A0903F0E9
:100330001F03994002F16003254A42F82310236EFF
:1003400093F91030002B0DDB01215A0903F01F0334
:10035000994002F120031E4A42F82310BFF34F8F49
:10036000BFF36F8F96F8A030217D4BB1072907D8D6
:1003700006EB011393F82C3013B116480CF079FBFF
:10038000207DFEF767FDEFF31181302383F31188A1
:100390000023114A107B30B90133082B02F11002FF
:1003A000F8D186F8A00081F31188BFF36F8F002386
:1003B000C5E90033C5E90533EB60236E2046BDE88F
:1003C000F041DB6818470F20BDE8F081E015002000
:1003D00000E100E0000004500016002007B54FF0D7
:1003E000FF3101AAFEF74AFF08B1002301930198EB
:1003F00003B05DF804FBF1E7F0E7EFE7EEE7FEF7A7
:10040000F5BFFEF7F3BFFEF7F1BFFEF7EFBF0BF04E
:10041000BFBD0BF0BDBD0BF0BBBD0BF0B9BD0BF00C
:10042000B7BD0BF0B5BD0BF0B3BD0BF0B1BD0BF01C
:10043000AFBD0BF0ADBD0BF0ABBD0BF0A9BDFEE742
:1004400007B5084601AA4FF0FF31FEF717FF0198E4
:1004500003B05DF804FB08460BF09ABD002307B516
:100460000846114601AA0193FEF7CBFF019803B09D
:100470005DF804FB00232DE9F04FA64E85B00393F1
:10048000D6F8B0300D469A42104606D249B922B18C
:100490004FF0FF3103AAFEF7F1FE039805B0BDE867
:1004A000F08F1AB908460BF073FDF6E7EFF31188E9
:1004B000302383F31188A1F1080C31F8061C0730B2
:1004C0004FEAC10920F00704A14580F0998035F872
:1004D000023C002B7CD0591A012979D10CEBC30ABC
:1004E0001CF83330D90773D4BAF80230A9EB0407EB
:1004F00017EBC3076CD41F2F41DD05EB040BC4F3CE
:10050000CF0425F8064C0134584625F8024CFF0864
:10051000F9F74CFAABF8027035F8023CABF804304E
:10052000BAF806303BB3BAF802209A1A12FA87F7E3
:10053000BFB20AEBC303ABF806709F80002251469E
:100540005846FEF7A3FB5046F9F730FA002235F87B
:10055000061CD6F8B430039503EBC103D6F8B810E7
:10056000A3EB09038B42C6F8B43046D8BAB3083BB4
:10057000C6F8B43033E00023ABF80630DEE7D6F837
:10058000BC30013BC6F8BC3035F8063CBAF8022056
:100590000133134425F8063CBAF80620A2B1BAF894
:1005A0000210511A11FA83F39BB20AEBC20225F82A
:1005B000023C9380012260465146FEF767FB50469D
:1005C000F9F7F4F90122C2E7002325F8023CF1E72C
:1005D0004FF0FF31204603AAFEF750FE20B188F30A
:1005E0001188BFF36F8F58E74A46294603980AF0EF
:1005F0008BFD28460BF0CCFCF1E7C6F8B830B5E728
:100600007BD935F8022CA9EB0407531E5B1A002A8C
:1006100040D00CEBC20A1CF83220D2073BD4D3BB2B
:10062000C4F3CF0305EB040B25F8063C013325F892
:10063000023C5846F9F7BAF9BAF8023003EBD7038F
:10064000ABF8023035F8022CABF80420BAF80620DB
:10065000EAB1BAF80210511A11FA83F39BB20AEB0D
:10066000C202ABF806309380002251465846FEF78E
:100670000DFB5046F9F79AF90023D6F8B4200395FC
:100680001444A4EB0904D3BBC6F8B440A7E7ABF805
:100690000620E9E79246272F2FD9C4F3CF0205EBB6
:1006A000040B25F8062C013F013225F8022C584690
:1006B000FF080193F9F77AF9ABF8027035F8022CCC
:1006C000ABF80420BAF1000F14D0019B013313FAE8
:1006D00087F7BFB2ABF80670AAF804700022D6F80C
:1006E000BC30114601335846C6F8BC30FEF7CEFA8E
:1006F0000123C2E7ABF806A0F0E703956FE7D6F851
:10070000B83008349C42C6F8B44088BFC6F8B84038
:1007100065E700BFE0150020BFF35F8F074B5A6A03
:1007200022F480325A62D3F8942022F00102C3F8F6
:100730009420BFF34F8FBFF36F8F704700ED00E041
:100740002DE9F0432B48DDF81C8090F8E6409442F8
:100750004BD90C246243D0F8DCE01EEB020446D0F7
:100760006089002843D0B4F90450B4F906608D4282
:10077000B4F908701DDCB142A8BF3146002F36D055
:1007800000F1FF3C1FFA8CFC07FB0C594C1B94FB3F
:10079000F7F44E45D8BF6046A4B2A04202D3B1429E
:1007A00018BF20465EF802C05CF820200CEB8004E5
:1007B00003E02946E2E7013880B218B154F804EDAD
:1007C0007245F8D0B1421EBF17FB00F1491909B2BA
:1007D000994203DD10B1013880B2E5E70020C8F886
:1007E0000020A8F80410BDE8F0830E20FBE70220EB
:1007F000F9E700BFE0150020FF2070470048704770
:100800000080FFFF0AF079BD044A054B013800D291
:10081000704753F8041B42F8041BF7E7204A0020F6
:100820008061000808B5054B01461870044B186834
:100830000AF043FD00B1FEE708BD00BF2813002009
:100840002C130020F0B516461D4609B102B103B9BC
:10085000FEE7EFF31183302282F3118800220F4C60
:10086000626083F31188BFF36F8F607004F10C072F
:100870000FC987E80F0004F11C0796E80F0087E80E
:100880000F0004F12C0695E80F0086E80F004FF6E4
:10089000FF73A38784F83E30F0BD00BFA012002094
:1008A00010B5054C0146E36A2BB1636B1BB12046C2
:1008B00098470023636310BD5810002008B5064B0D
:1008C0000146A3F83802054B002218680AF0EDFC37
:1008D00000B1FEE708BD00BFE01500202C1300208A
:1008E00037B5094D0446094928680AF04AFCF9F76A
:1008F00005F9074B01940093C200012303492868BE
:100900000AF001FD03B030BD2C1300201C1800209C
:10091000799A000808B5F9F779F8014620B920203E
:100920000BF00AFC0BF034FC002008BD38B505467E
:10093000F9F761FF04462846F9F701FFFF2C02464C
:1009400001D0FF280FD1002038BD2B68195B181982
:1009500001F4FF41B1F5506FF6D01B5D03F07F034A
:1009600002331C44A4B2A242EFD8ECE74FF000627D
:1009700010B5936A03F17841B1F5C04F03D21C68FA
:1009800005498C4202D00023037010BD9B68436070
:10099000936A9B698360F8E707B0CD5E70B550B38A
:1009A000174B1A68904226D3D3E9024104FB012277
:1009B000904220D2EFF31186302282F31188026830
:1009C000541C0ED01C68A2420ED3D3E9025105FB81
:1009D0000145AA4208D2121BB2FBF1F401FB14221A
:1009E00012B95A68511C07D15A680260586086F3E0
:1009F0001188BFF36F8F70BD9042F8D01268F1E795
:100A0000041500204FF000421D4B10B55A664AF6FF
:100A1000CD331C494C6C0B6404F00104B8B90120BF
:100A2000FEF75AF84B68DB0701D424BB10BD164B08
:100A30005860164B0A6BD207F7D4013BFAD1F4E7A2
:100A40000133086B000705D59342F9D1EDE7002388
:100A50000F4AF6E79342E8D020220B4B9A6201221C
:100A6000A3F580535A60094B064A916A8906DCD483
:100A7000013BFAD1D9E7034B064A1A64D6E700BF17
:100A800000900050004009500060095041420F00A2
:100A900040420F003254FFFFFAF750BAF8B5037F17
:100AA0000746022B0D46164611D0FAF721FA0446E6
:100AB00010B103242046F8BD2E44AE42FAD0384689
:100AC00015F8011BFAF7EAF90028F6D0F1E70D2432
:100AD000F0E7F8B5284B05461C680E46E4B104F56E
:100AE000805191F85031BBB9244A107AA8B11068EE
:100AF000702812D1D4F8C4C0D4F8C020C3F12007A4
:100B0000A3F120000CFA07F722FA03F33B432CFA77
:100B100000F00343DB0706D5F8BD0133DBB21F2B22
:100B200002F10C02E1D191F8D22091F8D3309A422F
:100B30000AD004F1B8000B21FAF700FF04F1AC0071
:100B4000BDE8F840F9F71EBC04F1500770230622F7
:100B500080213846FAF72CFB50B92946206DB2B2F5
:100B6000FFF79CFF20B93846FAF774FA0028D3D073
:100B70000328D1D1DDE700BF4C14002078CB010859
:100B8000FAF7DCB90CB4F0B53B4BA9B01C680646CB
:100B90002FAB9621394A02A8019309F0F3FF0028F0
:100BA0002ADD4CB304F5805191F8503123BB344A0F
:100BB000107A30B31068742823D1C3F12005D4E92A
:100BC0003027A3F1200007FA05F522FA03F32B439F
:100BD00027FA00F00343DB070ED491F8D22091F8F6
:100BE000D3309A4214D004F1B8000B21FAF7A6FED4
:100BF00004F1AC00F9F7C6FB29B0BDE8F04002B043
:100C000070470133DBB21F2B02F10C02D0D1E4E7B5
:100C100004F150057423062280212846FAF7C8FA09
:100C200030BB284602A9FAF76BFE08BB013E042E32
:100C30009CBF144B985D0146206DFFF7A1FFB8B92A
:100C400010212846FAF786FA90B941F27013E2189B
:100C5000E6585768F7F787F8821947F100032846E6
:100C6000FAF740FA20B92846FAF7F4F90028C3D079
:100C70000328C1D1B7E700BF4C140020810502084A
:100C800078CB0108E4D501082DE9F843044690F833
:100C9000346000EB8607D7F82080656C45452564F5
:100CA00021D0324629462046F9F7CBFF030402D56E
:100CB000BB6B9D4217D1C0F30D00821C3346294601
:100CC0002046F9F750FF33468146606402222946E8
:100CD0002046F9F748FF8145A064DED0012384F85F
:100CE0003530BDE8F8830323F9E78388C28810B55F
:100CF0009C1C944204D80268D152838802338380BA
:100D000010BD10B50A7A0446012A02D0022A04D086
:100D100010BD0988BDE81040E7E78388E28803F149
:100D200008009042F4D820681844F9F771FDA388B0
:100D30000833A380ECE70F4B02884188B3F83832C0
:100D40000A441344828812FA83F3C288002012FAFC
:100D500083F3094A9BB21188994201D1917839B93C
:100D600001300A2802F10402F5D14FF0FF3070473C
:100D700000B27047E01500202414002010B504468E
:100D8000FFF7D9FF80B209281ED900230F4A12F8B5
:100D9000231021B101330A2BF9D1032010BD0C4AD5
:100DA00060882188B2F8382201440A44A188E0888A
:100DB00011FA82F207491BB210FA82F221F82320BD
:100DC00001EB830101238B700020E7E7261400204C
:100DD000E0150020241400200A4B0B4AB3F83832E7
:100DE000034400209BB21188994201D1917839B90E
:100DF00001300A2802F10402F5D14FF0FF307047AC
:100E000000B27047E0150020E012002010B5044643
:100E1000FFF7E2FF80B2092815D900230B4A12F828
:100E2000231021B101330A2BF9D1032010BD084949
:100E3000084AB1F838121BB20C4422F8234002EBE6
:100E40008302012393700020F0E700BFE21200202C
:100E5000E0150020E012002007B50C4B0DF1060153
:100E600018680AF0B4F9BDF80610094A094B0A449B
:100E700093F9003012F90B0C984203DB7F2B14BF5F
:100E80001846062003B05DF804FB00BF2C130020B9
:100E9000511300205013002038B50546F8F7B6FD71
:100EA000E0B9104B1B6813B11B68012B16D0FFF77C
:100EB000D3FF01462846F8F77DFF044660B928466F
:100EC000F8F730FE044658B9014620200BF034F9FB
:100ED000054B9D71054B9D71204638BD0D24FBE7E8
:100EE0000124F9E740130020A815002088140020F1
:100EF000014B186803F006BC2C130020024B0122A2
:100F0000002118680AF091B92C1300200368012B06
:100F100004D1034B034918680AF033B9704700BF86
:100F20002C1300201C18002038B5A0230C4DEC68B1
:100F30005C4308B9F6F72CFF2B69B3FBF4F204FB12
:100F40001233B0FBF4F204FB12002344181AB0FB76
:100F5000F4F304FB1300A023B0FBF3F080B238BD20
:100F600060140020F8B51E4B9F79F8F74FFD10B1C3
:100F70007F252846F8BD1B4E356865BB1820FFF756
:100F80002DFA87828027056045710771857185601C
:100F90000446F8F7B3FDC0001028D6BF1023012384
:100FA000B3FBF0F327742046E360F8F72FFE48B94F
:100FB00034602368012BFCD0257920466DB2F8F708
:100FC00035FDD6E73368A34205D02046FFF79EFFE4
:100FD00020460AF0DDFF0348F8F71BFDC8E700BF15
:100FE000A815002040130020F0B589B005460F4633
:100FF0001646FFF731FF044617480BF0B5F840BB23
:1010000021462846F8F7D6FE0446D8B9012120200B
:101010000BF092F8FF238DF8043001230F4807945A
:1010200029468DF81C30006801AB04AACDE90244C2
:101030000594049706960AF087F930B9084B9D711C
:10104000084B9D71204609B0F0BD214620200BF0D1
:1010500073F80124F6E700BF400001002C130020C4
:10106000A8150020881400202DE9F8434D4CA02736
:10107000B4F8A460FAF70BFD94F8B810D4F8B430C3
:1010800001F13208C01A484A0023A0FB080101F010
:10109000ABFC7E4394F8B930760803EB830300EB96
:1010A000430000F6EE15B54200F2D66928BF35467A
:1010B000238FB14528BFB146B4F8A46013F0800275
:1010C00007FB06F6D4F8B07029D00023364AA8FBF7
:1010D000060101F089FC37443F1A791B04F1BC007A
:1010E000F9F7B8F9D4F8B030D4F8AC103344C4F8F8
:1010F000B0302E4B8A191A6194F83A30C4F8AC20FB
:1011000013F0FD0F4BD094F8A600A5F5167509EB6A
:101110000502491B00F07F00BDE8F84364E794F83E
:10112000A630D9091CD062F3C71384F8A630A8FBF7
:10113000060100231C4A01F057FC391A491B04F12F
:10114000BC00F9F787F994F83A30082B27D194F8C6
:10115000A600C3091FD0BDE8F84300F07F009BE65E
:1011600009EB070104F1BC00F9F774F994F8A63013
:1011700043F0800384F8A630F6F70AFED4F8B020D6
:10118000D4F8AC303244C4F8B020084A3344C4F830
:10119000AC301361D7E7BDE8F843FFF7BBBBBDE850
:1011A000F88300BF5810002040420F006014002058
:1011B00038B50F4C238F1B0618D5D4F8C43004F172
:1011C000BC00834212D0A023B4F8A4505D43F9F7C9
:1011D0004BF9D4F8AC305B1BC4F8AC30D4F8B03069
:1011E0005B1BC4F8B030BDE838403DE738BD00BFF8
:1011F000581000200C4B1A78A2B100221A700B4B29
:10120000186878B100F58C5300F580520233C2F8AB
:101210007C314FF4006300F5DD50A2F880311030CE
:10122000F9F7B0B8704700BF081300204C14002035
:101230000088704708B5FFF7FBFF10F4807F0CBFF4
:101240000320022008BDF8B50746FFF7F1FF054669
:101250003846FFF7EFFF044628460E46F9F74CF9EB
:10126000C5F3812304EB4004022BE4B210D0032B1E
:1012700011D02846F9F76FF9C5F3813504EB400426
:10128000022DE4B209D0032D0DD095B10620F8BD92
:101290000234E4B2EDE70834FBE73B5B3380012323
:1012A00033720020F3E730463919F9F7B1FA022317
:1012B000F6E73572F5E708B5FFF7BAFFC0F3C000EF
:1012C00008BD2DE9F3411646054659480F46F9F782
:1012D000CBF80B2E574C0AD03FB12846FFF726FB20
:1012E00018B1FAF7D4FBC4F8B400FFF761FFB4F803
:1012F000388018F0200F2CD02868FFF7DCFF40B3AF
:101300002B7FD90725D528460DF10201F9F7AAF957
:1013100000B1FEE79DF80230082B1AD1284601A93A
:10132000F9F7B0F900B1FEE728460DF10301F9F72E
:10133000D2F900B1FEE79DF8032094F894309A4268
:1013400007D1019BD4F89020934224BF0133C4F805
:101350009030002384F83B30B6B118F0040F13D15D
:1013600094F83C306A7E9A420ED9013384F83C30BE
:101370002B7F0E2E43F002032B7720D02E4802B095
:10138000BDE8F041F9F72CBB94F83A30022B4AD172
:10139000A87EAB79834205D094F84A30DB0701D5AB
:1013A000FFF77AFDD4F83080B8F1000F38D033461B
:1013B0003A4629461F48C0470023236330E094F88B
:1013C0003A3094F89560062B1CBF062384F83A3017
:1013D000F8F7C2FF94F84A300546DA0710D5236DB6
:1013E0009879FFF759FD4FF0FF33B34025EA030525
:1013F0004FF4A0735D43F6F7CBFC002D03DAFEE754
:10140000FFF788FAEFE729180948F9F723F894F865
:1014100095300133DBB2052B28BF052384F89530C6
:1014200002B0BDE8F081022384F83A30B0E700BF93
:10143000F0100020581000209010002030B4044616
:10144000EFF3108072B6256885EA02030B406B400B
:10145000236030BC0BF0E1BA2DE9F04105460F46A0
:101460001E4690464AB1012330221C4C8B4002FBA1
:10147000004416B304F5825423603023072F4FF045
:101480000F0105FB03F3164C1AD8BA00181D1346BA
:1014900008FA02F299402044FFF7D0FFB8F1000F9C
:1014A00009D1012330210D4ABB4001FB052296B131
:1014B00002F582521360BDE8F08104F50154DBE7C8
:1014C000A7F1080C4FEA8C0C03F10C0008FA0CF29F
:1014D00001FA0CF1DFE702F50152EBE700C003501F
:1014E00030C0035038B50446D0F8A0301D68AB6C4E
:1014F0005906FCD5002394F8A9101A4694F8A800C0
:10150000FFF7AAFF002394F8AB101A4694F8AA003C
:10151000FFF7A2FF94F8B030DA0707D5002394F85C
:10152000AD101A4694F8AC00FFF796FF94F8B0306F
:101530009B0707D5002394F8AF101A4694F8AE0025
:10154000FFF78AFF042205F5005328461A65FDF7C8
:10155000CBFAD4F8A40000210AF092FC002038BD98
:1015600070B5174CFF28A66A28D8A36D4FF080717C
:1015700013F4803F18BF4FF48032124B18BF9A62A9
:10158000114A996292F90050A36905446FF3172339
:1015900043EA002385F3080543EA0543A361324685
:1015A0000A48FFF74BFFA36DDB0305D532464FF426
:1015B00080310648FFF742FF002070BD2120FCE784
:1015C0000040005A0050005A8C4A00202840005A1F
:1015D00070B5104C4FF08071A66AA36D0E4813F4DD
:1015E000803F18BF4FF480320C4B18BF9A6299624B
:1015F0003246A569FFF722FFA36DC5F30725DB037C
:1016000005D532464FF480310348FFF717FF2846CF
:1016100070BD00BF0040005A2840005A0050005AD8
:101620004FF4803310481149826A8B62836D03F056
:101630000303032BFAD14FF080730D488B620A4BE2
:10164000996D30EA0101FBD1012008490865996DC7
:101650008907FCD4044B996D8807FCD5996D8907DF
:10166000FCD504490448E9E60040005A0050005AFD
:1016700003000100000001012840005A2DE9F04F4D
:10168000D0F8008004469BB04046FFF714FE0028C7
:1016900000F0B78107AD29462046F8F7E3FF06467C
:1016A000002840F0AE819DF81C70082F40F0A98101
:1016B000237FD90600F1A58198F8008008F007087B
:1016C000B8F1020F19D129468DF81C002046F9F710
:1016D00002F89DF81C10002900F09D81BC4B5B783E
:1016E0005A1E91420CD08B4209D00133994200F02E
:1016F0000D8138461BB0BDE8F08FB54B59780126F7
:10170000B34B227F36010C361E44D207A6601AD492
:10171000EFF31180302282F311885E68721C5A60E8
:101720002268127802F00702022A04BF19709E6034
:1017300080F31188BFF36F8F2046F8F7E0FF314642
:101740002046F8F7AFFF002320680293FFF7B3FDB0
:10175000002800F0568120460DF10701F8F772FFCE
:10176000002840F04E81204602A9F8F78BFF0028A0
:1017700040F047819749029B086849681ABA9DF86A
:10178000076003AB03C3204605928DF81860F8F795
:10179000C7FFA368A0F102085FFA88FA18F00108F1
:1017A000139340F0B5800638C0B20C2800F2B08028
:1017B0002046F9F713F8464681460346721C002B73
:1017C00040F0A780F6B2022E38BF02262046022E35
:1017D000C6F10F0718BFFFB2F8F7F8FF021E18BFD7
:1017E0000122013E4FEA6A03F6B2013B46EAC30317
:1017F00043EA821303A93A4683460DF11D008DF892
:101800001C3009F081FC4A460F230BA99F42C0F00F
:1018100083802A46294613980AF0B6FFBBF1000FD1
:1018200007D04FF002089DF81D308BEA03038DF8B6
:101830001D303A4603A90DF12D008DF82C6009F0FA
:1018400063FC07F111000021C7F10F02284409F0E1
:1018500081FC0023CDE915391793102320468DF81C
:101860006470CDF850B0ADF86080ADF862308DF89E
:1018700065A0F8F7ABFF8345064653D3276800EB16
:101880000708B8454FD1159B1E44149B15969E42E0
:101890000AD1BDF8603023B12A46294613980AF0D0
:1018A00073FF0023ADF860302046F8F797FF179BD1
:1018B000169A0344934206464CD82046F8F77CFF1C
:1018C0004FF00009074606EB0008B84543D1179BC7
:1018D0001E44169B17969E4213D3BDF8603023B169
:1018E0002A46294613980AF04FFF9DF864200E2AD5
:1018F00007D802F111000021C2F10F02284409F0BB
:1019000029FCDDE916329A4266D0FEE74646F7E644
:10191000FEE716461B0A51E7013B01F8012DDBB239
:10192000120A73E7FEE7BDF86030102B05D12A4696
:10193000294613980AF028FF00235A1C6833ADF893
:1019400060206B4417F8012B13F84C1C4A4003F835
:101950004C2C96E7FEE7BDF86230102B13D10F2117
:101960009DF864000FAA814205DD12F8013D0133A4
:10197000DBB2137053B313980FAA0BA90AF004FF3C
:101980000023ADF862905A1C683397F800A06B44AE
:10199000ADF8622013F82C3C8AEA030307F8013BF8
:1019A000BDF86030102B05D12A46294613980AF05D
:1019B000EBFE00235A1C6833ADF860206B4413F82B
:1019C0004C2C8AEA020A03F84CAC7EE70139CAE7DC
:1019D000A01200201C1400202046F8F7A1FEA788C2
:1019E0000FAA3F1A0BA9139826680AF0CDFE002310
:1019F000F0199DF86520934205DB237F43F0100327
:101A00002377002775E615F8012B0133E97F4A405B
:101A100000F8012BEDE701276BE62DE9F04F0546B5
:101A200089B0FFF719FA8A4C014604F51678454546
:101A300000D0FEE7D4F8582204F522739A4200D071
:101A4000FEE794F8743298070ED4642384F8843245
:101A500094F85E02F8F7AEF90646002840F0F380ED
:101A6000F7F7D4FF68B1FEE794F88432022B01D86F
:101A70005023EBE7023BDBB24F2B84F88432F7D9DB
:101A8000E6E731464FF4F8500AF056FB94F874122A
:101A9000704F714D1020C1F38001C5F80080C4F86B
:101AA00080720AF049FB94F87432DFF8C081C3F306
:101AB000C00388F80A30D8F80C3073B12C68636919
:101AC0005BB94FF0FF3009F0AEFB40F6B8322B683F
:101AD00020615A61012388F80A30D8F80C30A3B18C
:101AE0002C68227FD20710D41FFA83F9D4E90403AB
:101AF0001844A030FFF718FA80462046FEF716FF7C
:101B000018B1A0F80490A0F802802868FFF7B6FD8D
:101B1000EFF31184302383F31188012102200AF0AE
:101B20000BFBF7F773FF00B9FEE72B6803B9FEE77D
:101B30009B884FF0000B8DF80B300123DFF83091BC
:101B40001A460DF10B01D9F8000009F005FC9DF8CB
:101B50000B202968023A002392B20968D9F80000E4
:101B600009F0FAFB3D4BCDF814B006932B68CDF885
:101B70001CB093F82C2020208DF814201B680DF148
:101B8000140A93F80080C8F340180AF0EDFA50B137
:101B9000FFF7B4F9594620200AF0CEFA59464FF41F
:101BA00000400AF0C9FA29684B69FBB910200AF015
:101BB000DBFA03462A68D9F8000091798BB1284BEB
:101BC000127E04339A70274A1278DA704246CDF8B2
:101BD00000A009F0B3FB20B34FF480500AF00AFBD9
:101BE0001FE05346424609F0B1FBF4E7002296207D
:101BF00004920A6989791344194AA3F59B73908268
:101C000010320092CDF804A003934246D9F80000A8
:101C100003AB09F097FB0028DED1012140200AF038
:101C20008BFA84F31188BFF36F8F4FF480500AF062
:101C30009BFA40B197F8C8302BB1BB6D1BB10121A5
:101C4000FA6D09489847304609B0BDE8F08F00BFEB
:101C5000E0150020581000203813002020A10700B4
:101C60008C4A0020804A0020381800206014002090
:101C70002C13002008B5C36800209847024B186851
:101C8000BDE808400AF0C9BE1415002070B50E4624
:101C9000044688B020B390F83450C5B10121FAF75A
:101CA00088FE00210F4BCDE90311CDE90113237C00
:101CB000CDE905118DF81C6063B90B4901AA04F147
:101CC0000800FAF783FEE06B069DFFF7D3FF284676
:101CD00008B070BD2046054A01ABFBF791F8F2E76A
:101CE0000546F4E7FFFF0F009B8500082DD0000894
:101CF00073B50C46054660B390F834305BB3174EAD
:101D00000121FAF756FE06F1F402284614490DF1B6
:101D10000703FBF7E6F80246B8B99DF80730012B38
:101D20000ED1D6F80431082B11D121462846FDF7F3
:101D300043FC0446E86BFFF79DFF204602B070BDF0
:101D4000022B0CBF60242D24F4E72D24F2E763243A
:101D5000F0E72124F1E71124EFE700BFE0150020B0
:101D600000710800F7B50446484D0E460221FAF707
:101D700020FE204646490DF1060305F1F402FBF76B
:101D8000B0F838B16369072B13D8E06B03B0BDE836
:101D9000F0406FE79DF80620012AF3D1D5F8043111
:101DA000082BEFD131462046FDF706FC0028E9D18B
:101DB000EBE700258DF8075020466169FAF7CCFD66
:101DC000276B87420AD2236AB5EB430F06D220461F
:101DD0000DF10701FDF72EFB002855D09DF80730C7
:101DE000012B04D120460DF10701FDF723FB08214B
:101DF0002046FAF7B1FD256B8542C6D3254D4FF03D
:101E0000FF312846FAF712FE214B00222B600823EF
:101E10002946C5E9036320460123FBF7BAF9236E7F
:101E2000002BB2D020466169FAF796FD626E236BF3
:101E3000024493422CBF0022012298422CBF00236F
:101E40001B1A207C84F85020636584F8580070B118
:101E500000212046FFF71AFF012105462046FFF723
:101E600015FFE3682844984294BF0020C01A94F8F4
:101E70005030E0651BB994F85830002B85D0236EA4
:101E800004F15000984780E7013595E7E015002000
:101E900000710800701500201FB50023B0F5807F89
:101EA000019300F03C8169D85E2862D85E2862D830
:101EB000DFE810F075006100610061006100610001
:101EC000610061006100610061006100610061000A
:101ED00061006100610061006100610061006100FA
:101EE00061006100610061006100610061006100EA
:101EF000610061007500F0007500F0001101110132
:101F0000110111011101F00023017E00A900460119
:101F10007E00F000F000F0006100610061006100EF
:101F20006100610061006100F000F000F000BF009E
:101F30006501F00061006100610061006100610005
:101F400061006100610061006100610061001101D8
:101F500075007500750056017E007E007101CE008F
:101F600094001E0161006100610061006100DB00FE
:101F7000750080287FD0019804B010BDB0F5D06FF7
:101F800000F0DE8044D8B0F5607F00F08A801AD877
:101F9000B0F5007F73D005D8B0F5C07FEBD10AF063
:101FA00049FC6AE0B0F5207F74D0B0F5407FE2D103
:101FB0000AF040FC924B1B6FC3F380230133B0FB4C
:101FC000F3F0400859E0B0F5B06F00F0968017D8F4
:101FD000B0F5806F7FD0B0F5A06FCCD10021884BD9
:101FE0000391D3F8203203F00703042B06D8022B09
:101FF0007AD8012B74D0022B00F0E380039B98E089
:10200000B0F5C06FB7D1002101A8FCF71BFDB2E706
:10201000B0F5106F00F0A4800FD8B0F5086F00F095
:10202000D980A8D8B0F5E06F00F0A980B0F5F06FC6
:10203000A1D1734BD3F86031A4E0B0F5406F57D015
:1020400010D8B0F5206F00F0A680B0F5286F92D1BF
:1020500000216B4B0391D3F8703203F00303012B83
:10206000CCD1AAE0B0F5486F85D100230393644B2F
:10207000D3F8943294E00AF0F1FB01907BE70AF088
:10208000EDFB5F4BD3F89030C3F304630133B0FB37
:10209000F3F0F2E70AF0CEFB594B1B6FC3F380233A
:1020A000F4E7574CD4F8802002F00302022A0AD049
:1020B000032A0BD0012A0CD10AF0D0FBD4F88030CF
:1020C000C3F30113E2E70AF0EDFBF7E74D4B1868A5
:1020D000F4E71846F2E7002101A8FCF741FF4AE7C0
:1020E00003A8FCF707FF89E74FF40043039385E754
:1020F000002101A8FCF7FEFE3DE70021404B0391C3
:10210000D3F8803103F00303022B5ED0032B58D0A9
:10211000012B7FF473AF03A8FCF722FF6EE7029355
:102120004FF0E0231B695A0705D50AF083FB0290A4
:10213000029B01931FE703A902A8FCF783FCF7E7C2
:102140002F4BD3F8003203F00700032812D05B07AF
:102150000AD4013801288CBF00200120C0038CE77D
:10216000274BD3F80832EEE7042806D10AF062FBC9
:10217000800A82E74FF47A707FE700207DE7204BEA
:10218000D3F8403203F00303032B20D0003B18BFE9
:102190000123DB03CDE700230393194BD3F860320F
:1021A00003F00703013B032B3FF628AFDFE803F002
:1021B00002040D090021AEE7002103A8FCF742FC50
:1021C0001CE70AF06FFB039018E70F4B8EE74FF404
:1021D0007A73AEE70A4BD3F8003103F00303022B06
:1021E00006D0032B07D0012B07D1084B1B68A0E7B3
:1021F0004FF400439DE7064B9BE7002399E700BFA0
:1022000000800050844A0020002D3101884A0020BF
:1022100080D5430208B58020FFF73EFE034B98426D
:102220009EBF4FF48032024B1A6708BD005A62020B
:1022300000A0005008B54FF4C070FFF72DFE06490E
:10224000064A884294BF00200120136F23F4806364
:1022500043EA8023136708BD80F0FA020080005033
:102260002DE9F04104460D4643681BB1636DC3F38D
:102270000B03FAE72046FCF737FC042304F5005172
:1022800004F5805213610B6113610B6113610B61E3
:1022900013610B61202341F2020023610023E360FC
:1022A000A36060614FF4A020A361A36560629848B9
:1022B000E3612362A362E36263632365C86423630B
:1022C000E8896B7B61690343288A21F44C510343FD
:1022D00021F00F010B436361A1682B7B287E21F065
:1022E000804121F0E20103430B4369690B43A36082
:1022F000AB681BB9A36843F00043A360E9690029F8
:1023000068D08B7A087A5B04A66843EA80538148D8
:1023100030400343888800F4C0400343487843EAD0
:102320008003487B43EAC003887B897843EA001333
:1023300043EA8123A360E969E668D1E904300343F5
:102340007548304003438879C97943EA802343EADA
:102350004123E360EB6971491B7803F0FD03012B16
:1023600002BFE36843F00403E360EB691B78023BC0
:10237000012B6B4B79D88C4275D06A498C4214BFC3
:102380004FF0FF31012103EB411341F29441022050
:102390005850EB695B7A9362EB695B7A1BB1E36837
:1023A00043F40063E360EB69DB7A63B1E3685B49A4
:1023B00043F40043E3608C42EB6965D11B7B5A49CF
:1023C00003F00F034B67EB69616ADB7B21F00301CC
:1023D0000B43636201235360AE68002E36D06868F9
:1023E00040B94E4B9C425AD04E4B9C4208BF57209E
:1023F000FFF752FDA36813F0010F63685CD0B0FBD8
:10240000F6F013F0010800F1FF364ED0636D13F0C3
:10241000280FFBD1A36C9B0743D1A36CD80742D4F0
:10242000A36C13F0020F14BF062700272046FCF709
:102430005BFB236923F07F4343EA06632361B8F122
:10244000000F03D09FBB2046FCF74EFB29782046A7
:10245000002959D1FCF748FBA36CDB4313F4405F20
:10246000FAD1BDE8F08100218DE78C420AD02D49D8
:102470008C4214BF4FF0FF31012103EB411342F2B4
:10248000944184E70021F8E726498C4201BF1B7B79
:10249000A1F5CE2103F00F03C1F8803093E7562059
:1024A000A6E70527C2E70927C0E74746C1E739463F
:1024B0002046FCF733FBC9E7A36DD907A36848BFE3
:1024C000760003F0E003402B1AD013D8002B0CBF8A
:1024D0001023082373434001B0FBF3F0134B203863
:1024E00003EAC003626DD207FCD42363636DDB078C
:1024F000FCD4ABE7602B05D0802BA7D10123E9E703
:102500000623E7E70423E5E7FCF708FBA4E700BFA1
:10251000FF3F0D03E39BBDFFFFF9F0870000015B68
:1025200000C0035000000A5000900350F8FF7F00E5
:102530002DE9F04F00264FF47023ABB0CDE90966CA
:102540000B9608931BAC08AD0FCDCDE904660FC404
:10255000A84A0696039203ADDFF8F4B2DFF8F4A2BE
:102560000FCD20ACA44D0FC413ACCDF830B0CDF8D6
:102570001CA00FCD0FC495E80F0084E80F000DAB31
:1025800031461822184608F0E5FD4FF4E1224FF0DD
:1025900001089A4F9A4B9B4CFB619B4B3146C7E914
:1025A00008369A4B15921A908C2204F54770BB623C
:1025B00004F542798DF83A8008F0CCFD4FF4702391
:1025C0004E461B93CDF87CB00DF16C0CBCE80F00AF
:1025D0000FC6884AC6F800B02092CDF890A004F546
:1025E0005B760DF1800CBCE80F000FC64FF4007253
:1025F00004F56F73C4E9D523C4F85033C4F8A0338D
:1026000007F11C03C6F800A0C4F86833804E814B64
:1026100084F8A4837360804B84F85C83B3607F4B41
:10262000C6F80090F3607E4B73617E4BB3617E4BC6
:102630003361EFF31182302383F3118894F8A030D3
:1026400003B382F31188BFF36F8F02A8FCF702FD7A
:1026500058B9029B02A884F81C33FCF7FBFC034624
:1026600094F81C038BB3FCF7F5FB102501224FF403
:10267000E12313A8CDE91323FCF7AAFB28462BB0CE
:10268000BDE8F08F84F8A08082F31188BFF36F8FCC
:1026900005F1100084F82C3084F83C3084F84C307C
:1026A00084F85C3084F86C3084F87C3084F88C30AA
:1026B00084F89C300AF04AF905F114000AF046F952
:1026C000D4F8D830C4F8D430BFE7029B84F8803304
:1026D000FCF74EFA0028C8D1CDF80490D4F8543352
:1026E00052490093D4F81833D4F8502394F81C03BB
:1026F000FDF75DFA0028B8D1302294F81C334FF46E
:102700008011534342F2640203F1A04303F5802396
:10271000995097F92C00002808DB012200F01F01D6
:102720008A4043094249603341F82320FDF7B8FD50
:102730000023C4F89833EFF31183302282F3118819
:10274000C4F8346283F31188BFF36F8F3748FDF705
:102750004AFB94F81C03FCF727FA0546002884D1AD
:1027600040F20153334E344906F11800C4E9EC132A
:10277000331DC4F8A833C4F8AC630AF0E7F80123AA
:10278000042208212846FEF767FE012302220921C0
:102790002846FEF761FE304684F8B8530AF0D6F8B2
:1027A000264813A9FFF75CFD142194F8B82342F0E2
:1027B000040384F8B833224BD007C3F894144FF4C1
:1027C0000021C3F8AC144FF41021C3F8A41409D5A8
:1027D0001C4A03F58053C3F89C240222C3F89424B6
:1027E000C3F8A054184B194A05211448DA64FCF7C1
:1027F00095F93BE701000F0054D601088C4A0020F0
:1028000001EC0008E0150020E1EB0008E5140108E8
:102810000C13002041FA000893FD00083DFF00085A
:1028200017EC00081DEC0008DD020108E818002084
:1028300000E100E07CD60108000800090000015B0F
:1028400000C00350010005000020015BFF3F0D03A5
:102850003C00015B4400015B38B50446FCF7E6F838
:10286000A04228D009F0FAFF012C054602D12146EA
:10287000FCF706F9EFF3108072B64FF000710E4AC4
:102880000E4B51664FF48062611E8A401A675A6E81
:10289000910103D4D3F88420920609D50AF0BDF83B
:1028A000022C08D12846BDE838400021FCF7E8B8E2
:1028B000D3F88420EBE738BD0060005000400050A2
:1028C00010B50C4C0220FFF7C7FF236F0A4AC3F371
:1028D000802301330021094882F8BC35FCF7D0F889
:1028E000236F43F4806323674FF4803304F58054EF
:1028F000236710BD00800050E015002000B4C40420
:1029000008B508B909F0AAFFBDE808400220A3E70E
:1029100038B5054609F08EFF0446FCF787F8012814
:10292000D4BF012100212046FCF7AAF80020FFF7C0
:10293000E7FF25B1FFF77EFCBDE838406AE40649B1
:10294000064A0B6F92F8BC2523F48063013A43EAF0
:1029500082230B67F0E700BF00800050E0150020E5
:1029600000F00CB800F00AB800F008B800F006B8A3
:1029700000F004B800F002B800F000B872B61EF023
:10298000080F09D01EF0040F0DD0DFF850E0AEE8BC
:10299000FF1F6FF002000CE0DFF840E0AEE8FF1F21
:1029A0006FF00E0005E0DFF834E0AEE8FF1F6FF0D7
:1029B00006006946EFF309828EE80700864608485C
:1029C000084C854501D3A54501D384F30888F7F762
:1029D00065FA84F30888F7F753FA0000804900206D
:1029E000480000200810002053B94AB9002908BF48
:1029F00000281CBF4FF0FF314FF0FF3000F00CB843
:102A0000ADF1080C6DE904CE00F00CFFDDF804E038
:102A1000DDE9022304B07047704700BF0C4A08B5D7
:102A2000936CD26C13400B4A9364DB070FD50A4BAF
:102A300040F67A021878122100F0010002F0E6FB5D
:102A4000BDE8084000220120002104F01BBF08BDA2
:102A500000C000B800E000B8604200200D4A10B588
:102A6000D2F8A030D2F8A4100B40B3F1804F0CD3B1
:102A70004FF040400849094CC1F8A400D467C1F8A0
:102A8000A0004FF48021064AD161034AC2F8A03069
:102A900010BD00BF00400050006000500000FF016A
:102AA000001002B89D4B2DE9F04F9A6EDB6E87B097
:102AB00002EA03089A4BC3F868804FF03A43D3F810
:102AC0001471D3F818311F40964BC3F81471964B0C
:102AD0009A68DB6802EA030A944BC3F808A003F57E
:102AE0002043DA691B6A02EA0309914B09F4770271
:102AF000DA61904BD3F80422100705D4D3F80461AF
:102B000016F0080600F0E58009F08CFF8A4B5A6940
:102B10005E6E02F0060BBBF1000218BF01221B6FB4
:102B200001921E40854A26F0007323F4006371076A
:102B3000536606D5824A92F885300133DBB282F8BB
:102B4000853009F06AFFB8F1000F00F0E38018F457
:102B500000442BD009F066FF014604F01FFF044635
:102B6000784B1D682A682B689A42FCD02A689A42E2
:102B7000FCD004F013FFA04240F0AD80084609F0FD
:102B80004CFF714B1C60714B5D6C15F4E05B40F0C9
:102B9000A48024F07F4424F0DF040CB905F068FF22
:102BA0006B4B01201B6898474FF08074002518F08C
:102BB000020F12D0654B5E495B6C03F460424A64BD
:102BC000002A00F09E801A0400F19E809D0440F1CE
:102BD0009E804FF0006300251C43C8F340384FEA45
:102BE00048085C4B3B40002B4BD017F4206F0AD0B9
:102BF00040F2C9520621002002F008FB002005F037
:102C000027F927F48027F80506D5FF22484B44F41E
:102C1000C0649A6007F008F817F0090F0BD040F273
:102C2000DE520821002002F0F1FA02F0C1FB4FF061
:102C30003A4301225A6317F0106F0CD040F2E7526A
:102C40000921002002F0E2FA02F0B2FB0022114654
:102C5000104603F039FE17F4202F0AD040F2EF524D
:102C60000721002002F0D2FA002005F0F1F827F445
:102C70008027F90301D504F04BF9002FB8BF48F0C5
:102C800008087A070ED54FF03A431B6B13F4005F28
:102C90004FF4005317BF234A2F4A136344F4000430
:102CA00008BF13637B0548BF44F0040417F4802376
:102CB000029300F0B98001F0F9FE013806284DD8E2
:102CC000DFE810F073017601730179017C017F0167
:102CD0007F01019637E7044644E705F0C9FE144B2F
:102CE000C3F844B015F4805305D115F4806505D0C0
:102CF0004FF080645AE74FF0804457E74FF080541C
:102D000055E74FF0007366E74FF0004363E74FF07D
:102D1000005360E74446454663E700BF004000B803
:102D2000006000B8002000BA004001B8006001B89F
:102D3000002002B800E100E000C001B800E001B8E6
:102D4000003E00B0F40A020804490020000002B866
:102D5000804B0020090B0B89001000BA4FF4C462AD
:102D60000321002002F052FA4FF03A420121D2F83A
:102D70008C30D2F8AC0003F00703063301FA03F3FA
:102D8000C0F30C001B1A9BB2072B12D9994B5B6C3A
:102D900058020ED49848D36CD26E406D58B103F0EF
:102DA000070306339940C2F30C03C91A89B20929F3
:102DB00001D844F40074914B1B78002B34D04FF0B1
:102DC0003A43D3F8143113F4A02F2DD18C4BDFF8F4
:102DD0006CB21B7883B9F3040ED49BF800305BB15E
:102DE0008849C4F3C003D1F8081F83F001035B00D6
:102DF00021FA03F3980717D1042003F09BFC824BC0
:102E00008249596704F076F89BF8003043B9804B4B
:102E10001B782BB17F4B804A1B682340134201D1A2
:102E200044F4804426F48056BAF1000F27D01AF4F7
:102E3000805F18BF44F480241AF4807F18BF44F4E4
:102E400000241AF4005F18BF44F010041AF4007F45
:102E500018BF44F020041AF4806F18BF44F04004F7
:102E60001AF4006F18BF44F080041AF0805F06D097
:102E70006A4B0021186845F4805505F051FAB9F104
:102E8000000F3DD019F4802F18BF45F4007519F4D8
:102E9000803F05D0624B03201B6844F48054984760
:102EA00019F4801F18BF44F4003419F4001F18BF30
:102EB00044F0020419F4003F18BF44F4801419F4DC
:102EC000800F18BF45F0100519F4002F18D04D4B96
:102ED000D3F8D83E13F0C00F12D0464BDA6802F098
:102EE0003062B2F1407F05D19A6CD10602D4DB6C1E
:102EF0001A076DD54FF400224A4B29F40029DA61F4
:102F0000002E00F04B8133051ED54749DFF8F8B09D
:102F100091F803A0454ABAF1000F00F091804FF4F8
:102F200000600AF1FF3A50665FFA8AF2CA703AB955
:102F30003F4A1278002A4ED040F601423D4B5A6774
:102F40000022134614431D43B00009D52E2000F083
:102F500001FA4FF00052354B45F008051A675A66E2
:102F6000F10608D52B2000F0F5F910222F4B45F47F
:102F700000151A675A6616F0306F40F0A980F20407
:102F800040F10081019B002B40F0E080264A13793C
:102F9000002B00F05081013BDBB2137113B9254BBC
:102FA000254A5A6700231C43ECE044F48034DBE6F6
:102FB00044F40064D8E644F48064D5E644F48074B4
:102FC000D2E6174B02201B6844F008049847CBE672
:102FD00044F4001494E7DBF8782012F4A05F15BFE6
:102FE0004FF4807240F60142CBF85820CBF878209D
:102FF000A6E700BF000002B8004000B84449002026
:103000003B490020003000B000C001B800000101C1
:103010003C49002060420020088D0100A0440020AF
:10302000804B0020002002B85649002000E001B883
:103030005E49002000D001B80000010D6049002069
:10304000032003F077FB4FF40061A04A5166DBF8E0
:10305000141011F0060126D0504603F0EDFADBF80B
:103060006410DBF87030994A0B4013F0100F1FD03A
:1030700010232D201367536600F06CF94FF4001AEB
:103080009349944AB1F8823013F4006F1CD023F4B2
:103090000063A1F88230137803F0FF025BB14FF4B4
:1030A000004253464EE741F61F705067CBF8781048
:1030B0004FF0000AE4E7039204F0DAFA05F0D8FCD6
:1030C000039A4AF020033DE713784FF40052E8E7F3
:1030D000330115D5292000F03DF97F4B7F49DB688E
:1030E00003F48042C3F380330B7003F047F928B137
:1030F0007B4B76497B484B660367D2B945F00405A4
:10310000B00123D5042003F015FB272000F022F99D
:1031100005F0AEFC4FF000726C4B5A66724BD3F860
:10312000082F520670D40222704B9A6045F00205B7
:1031300023E00B6720204B6600F00CF945F40015E6
:103140002D2045F00C0500F005F9D9E716F0807F39
:10315000DFF89CA143D0042003F0ECFA282000F013
:10316000F9F8DAF87830002B35D105F081FC574BAF
:103170005B4A45F001051A675A6603F0F5FE002226
:103180005B4B9A65B30409D55A4A5379002B00F07A
:103190009880013B5371002348EA030842462046C9
:1031A000294604F06FFB029B0BB102F0F7FC4FF0D5
:1031B0000042514B07F00437C3F814714F4B19F418
:1031C000002FC3F880211EBF4FF40022474BDA6165
:1031D00007B0BDE8F08F0023CAF87830C7E7F104E4
:1031E000CDD5042003F0A6FA454BCAF8743004F09C
:1031F0003FFADAF8643013F0407FC0D12A2000F0A3
:10320000A9F805F035FC89E7D3F8D83E9B068DD4A4
:1032100002223C4B9A603C4B1B6893F82530980780
:1032200084D52B4B93F8F430002B3FF47FAF8022F2
:10323000294B1A617AE7042003F07CFA032003F09B
:1032400079FA2B4B2E4A5A6709F0ECFB82460DF1B6
:10325000170001F067FE2D4B83461B780BB106F07B
:10326000E3FCBBF1030F0ED1DFF86CB0002001F0DE
:1032700059FE032807D1DBF82830D907F6D4DBF84C
:103280004830DA03F2D49DF81730032B06D101221F
:103290001F4B50461A7009F0C0FB83E64FF03A43CB
:1032A000D3F8143113F4A02FF1D103F023FE5046CC
:1032B00009F0B3FB174B03201B6898474FF480437A
:1032C00071E6052003F036FA012365E700E001B856
:1032D000003E00B05E490020000002B83F490020D7
:1032E0001000002000D001B8003000B0002002B86B
:1032F00000C001B856490020002000BA00E100E0FB
:1033000000000101001002B8A0440020464900203E
:103310003B490020804B00200C4B10B51C6C5A6CB4
:1033200014400B4A24F002011164E20705D540F273
:10333000BD120020196801F069FFA30704D5BDE89C
:103340001040024805F0D6BC10BD00BF00800950F7
:1033500000A00950034B1B6D002BBCBF024BC3F8F0
:1033600088007047000002B8004000B8094A08B55C
:10337000D369116A0B40084923F47F00DB07C86159
:1033800006D5D1684FF0FF30C1F3036107F0E6FFC7
:1033900008BD00BF000002B8002002B8024B186050
:1033A000024B1960FEE700BFDC460020844B002082
:1033B0000122024B1A62DA61704700BF002002B896
:1033C00013B56946044607F0FDFB0C4B1B783BB177
:1033D0009DF800300D2B03D0B4F94E0002B010BDA3
:1033E000204608F0A8FCFF28024605D020469DF89C
:1033F0000010FDF703FAF1E70148EFE700000208CB
:103400000080FFFF024B1868003818BF012070478A
:10341000A044002030B4064DBDF908402D781DB100
:10342000029430BC08F0B1B80E2030BC704700BF29
:103430005049002070B5044600200D4608F0B1F850
:10344000094B1B784BB9D4F8FC6036B129462046AD
:10345000B446BDE870401A46604729462046BDE89C
:10346000704008F081BC00BF00000208094B10B595
:103470009C69DB691C4006D0074B1B6823B12046C2
:103480009847064B9C6110BD6305FAD500F022F801
:10349000F7E700BF000003B89C460020002003B8F7
:1034A000094B10B59C69DB691C4006D0074B1B68B3
:1034B00023B120469847064B9C6110BD6305FAD5A1
:1034C00000F008F8F7E700BF004003B89C46002072
:1034D000006003B80D4B1A7882B1012A10D10C4B51
:1034E000012112F0010F0B4A03F580539960084B3C
:1034F00008BF13469A689207FCD47047054BEFE764
:1035000000224FF480539A60FFDE00BF4349002041
:10351000004003B8000003B810B504463E20FEF793
:10352000BBFC6043034B00F5F42000F59070B0FB4A
:10353000F3F010BD40420F0038B50B4C0B4DD4F8E2
:103540008430DB0706D4A36FD4F884201340084AE4
:10355000936738BDD5F804315A06F0D5FFF7DCFE85
:103560004023C5F88431EAE7008001B800E100E0BB
:1035700000A001B8034B1A6E596E03F500530A40C0
:103580001A66704700800A501FB514461A46094B48
:1035900005461B68D8684CB1074B00910749CDE937
:1035A00001342B4600F0D2FE07F089FD044B1C4687
:1035B000F3E700BF644B0020600102086D010208C0
:1035C0006107020810B5064C237843B900F09EFE4F
:1035D000044B13B10448AFF300800123237010BDE6
:1035E0003949002000000000D04A020870B50D4B98
:1035F00000260D4D5B1B9C10A64209D10B4D09F016
:103600009FFA0B4B00265B1B9C10A64205D170BD98
:1036100055F8043B01369847EEE755F8043B013670
:103620009847F2E7C04B0020BC4B0020C04B002065
:10363000C44B0020B1F90C202DE9F04116070546D6
:103640000C4651D44B68002B02DC0B6C002B49DD7F
:10365000E66A002E46D0002312F480522F682B60B9
:1036600031D0626DA389590705D56368D21A636B9F
:103670000BB1236CD21A0023E66A216A2846B047B0
:10368000421CB4F90C3006D129681D2945D8284AB6
:10369000CA40D60741D50022D9046260226922605F
:1036A00004D5421C01D12B6803B96065616B2F60A2
:1036B000C1B104F14403994202D02846FCF7CBFE85
:1036C000002363630EE00123216A2846B0470246C7
:1036D000501CC7D12B68002BC4D01D2B01D0162B3A
:1036E00019D12F6000201DE00F69002FFAD0930739
:1036F0000E680F600CBF4B690023A6EB07088B60B8
:10370000B8F1000FEEDD43463A46216A2846A66A24
:10371000B047002808DCB4F90C3043F040034FF008
:10372000FF30A381BDE8F0810744A8EB0008E7E77C
:1037300001004020014807F047BA00BF3849002087
:10374000014807F043BA00BF3849002010B50446CD
:10375000FFF7F0FF236A1BB1BDE81040FFF7F0BF91
:10376000044B2362044B1B68002BF5D100F012FEC2
:10377000F2E700BFCD420108DC45002038B5284BF8
:1037800005460C46186818B1036A0BB9FFF7DEFF4F
:10379000B4F90C301A0721D4D80607D409222A60BC
:1037A00043F040034FF0FF30A38130E0590712D5BA
:1037B000616B41B104F14403994202D02846FCF701
:1037C0004AFE002363630022B4F90C30626023F0E8
:1037D00024032269226043F00803A38122693AB9D5
:1037E0009A0501D5180603D52146284607F01CFA8C
:1037F000B4F90C3013F001020AD00022A260626911
:103800005242A261226942B913F08000C8D138BD8A
:10381000990758BF6269A260F4E70020F7E700BF8C
:10382000644B00202DE9F04F8C46099E04460F465C
:10383000002B48D18A4215465ED9B2FA82F33BB1D9
:10384000C3F120029F409D409C4020FA02F21743A2
:103850004FEA154E1FFA85FC220CB7FBFEF10EFB5A
:10386000117701FB0CF042EA0742904207D9AA18EF
:1038700001F1FF3702D2904200F258813946121A04
:10388000A4B2B2FBFEF00EFB102200FB0CFC44EADB
:103890000244A4450BD92C1900F1FF322CBF01279B
:1038A0000027A44502D9002F00F04381104640EACA
:1038B0000140A4EB0C0400211EB1DC400023C6E94A
:1038C0000043BDE8F08F8B4206D90EB1C6E9000176
:1038D00000210846BDE8F08FB3FA83F1002951D1E9
:1038E0006345C0F01681824240F213810846002EE3
:1038F000E7D0C6E90047E4E7002A00F0AF80B2FA5B
:1039000082F3002B40F0C2808A1A4FEA154EAFB204
:103910000121200CB2FBFEFC0EFB1C2240EA0242FD
:1039200007FB0CF090420ED9AA180CF1FF382CBFFF
:103930004FF001094FF00009904203D9B9F1000F8F
:1039400000F0F080C446121AA4B2B2FBFEF00EFBE7
:10395000102200FB07F744EA0244A7420ED92C19B3
:1039600000F1FF322CBF4FF0010E4FF0000EA742C6
:1039700003D9BEF1000F00F0D2801046E41B40EAEC
:103980000C4099E7C1F120058B400CFA01F400FAD4
:1039900001F922FA05F72CFA05FC8A401F4320FAA8
:1039A00005F3380C23431FFA87FE1C0CBCFBF0F810
:1039B00000FB18CC44EA0C4408FB0EFCA4450ED9CD
:1039C0003C1908F1FF3A2CBF4FF0010B4FF0000BF0
:1039D000A44503D9BBF1000F00F0B880D046A4EB9A
:1039E0000C041FFA83FCB4FBF0F300FB134403FB4D
:1039F0000EFE4CEA0444A6450ED93C1903F1FF30F3
:103A00002CBF4FF0010C4FF0000CA64503D9BCF1C0
:103A1000000F00F09F80034643EA0840A4EB0E0429
:103A2000A0FB02EC64457346E04602D307D1F145A2
:103A300005D2BEEB02036CEB070C0138E0465EB129
:103A4000B9EB030264EB080404FA05F522FA01F36A
:103A5000CC401D43C6E90054002132E742082F46FE
:103A60004B08AC4642EAC172AE46C407110C92B292
:103A700041EA034142EA0142B1FBF5F1B3FBF5F043
:103A80001F23A2EB0C0241EA004142E79D40C3F133
:103A9000200299409C402CFA02FC4FEA154E20FA75
:103AA00002F2AFB2BCFBFEF80A430EFB18CC110CBD
:103AB00041EA0C4108FB07FC8C4550D9691808F114
:103AC000FF302CBF4FF001094FF000098C4502D99F
:103AD000B9F1000F30D0A1EB0C01B1FBFEF808FBEF
:103AE00007FC0EFB181192B242EA0142624534D241
:103AF000AA1808F1FF312CBF4FF001094FF000095F
:103B00006245BED2B9F1000FBBD1A8F102012A442F
:103B1000B7E7841A6CEB030201201746E7E62C4452
:103B200002382BE7ACF1020C2A440CE702392A4494
:103B3000A5E62C440238BAE6A5EB0C0CA8F102006D
:103B40006144B1FBFEF808FB07FCCAE7A8F10208D4
:103B50003C4444E7023B3C445EE7414691E7A1EB2D
:103B60000C014046B1FBFEF808FB07FCB9E700BFBB
:103B700038B50023054D044608462B60F8F7EDFDE7
:103B8000431C02D12B6803B1236038BDE0450020FF
:103B900038B50023064D0446084611462B60F8F759
:103BA000E0FD431C02D12B6803B1236038BD00BF88
:103BB000E045002038B50023054D044608462B603B
:103BC000F8F7D3FD431C02D12B6803B1236038BD45
:103BD000E045002038B50023064D0446084611464E
:103BE0002B60F8F7C4FD431C02D12B6803B123609E
:103BF00038BD00BFE045002038B50446064D0846F4
:103C0000114600222A601A46F8F7B4FD431C02D17F
:103C10002B6803B1236038BDE04500202DE9FF4744
:103C20000F7E914680460C46782F9A460C9E01F1F5
:103C3000430207D8622F0AD8002F00F0D280582FF5
:103C400000F0B78004F1420684F842703AE0A7F130
:103C50006303152BF6D801A151F823F0B53C0108F8
:103C6000C93C0108453C0108453C0108453C0108A8
:103C7000453C0108C93C0108453C0108453C010898
:103C8000453C0108453C0108C93D0108F33C0108D9
:103C90007F3D0108453C0108453C0108EB3D01081A
:103CA000453C0108F33C0108453C0108453C01083E
:103CB000873D010833681A1D1B68326004F1420613
:103CC00084F8423001239DE033682068191D31607B
:103CD000060601D51D6803E04506FBD5B3F9005083
:103CE000002D03DA2D236D4284F8433059480A230E
:103CF00010E021683368080653F8045B02D44906D3
:103D000048BFADB26F2F5348336059D1082300210B
:103D100084F843106668002EA66005DB21682E43F8
:103D200021F0040121604DD01646B5FBF3F103FBF1
:103D30001157C75D06F8017D2F460D46BB42F4D9E9
:103D4000082B0BD12368DF0708D5236961689942E6
:103D5000DEBF302306F8013C06F1FF36921B2261DC
:103D60004B4603AA21464046CDF800A007F0DFF8F5
:103D700001304CD14FF0FF3004B0BDE8F08723682C
:103D800043F02003236078273348236884F8457084
:103D90001F06316851F8045B02D45F0648BFADB21C
:103DA0003160D90744BF43F0200323601DB11023C5
:103DB000ADE72848E9E7236823F020032360F6E70E
:103DC0000A23A4E71646BBE733682568181D616916
:103DD00030602E061B6801D5196002E06806FBD52D
:103DE0001980002316462361BAE7336800211A1DA3
:103DF00032601E686268304607F068F908B1801BBF
:103E0000606063682361002384F84330A8E7236976
:103E1000324649464046D0470130ABD023689B0725
:103E200013D4E068039B9842B8BF1846A4E7012367
:103E3000324649464046D04701309BD00135E368C1
:103E400003995B1AAB42F2DCEBE7002504F119069B
:103E5000F5E700BFAD010208BE01020838B504460F
:103E6000064D0846114600222A601A46F8F784FCDF
:103E7000431C02D12B6803B1236038BDE04500200C
:103E80002DE9F04F98468B899DB007461B060D46DD
:103E9000144610D50B6973B94021FCF7D1FA28609C
:103EA000286130B90C233B604FF0FF301DB0BDE8F6
:103EB000F08F40236B610023CDF80C804FF0010997
:103EC000DFF8A081099320238DF8293030238DF865
:103ED0002A3023469A4613F8012B0AB1252AF9D134
:103EE000BAEB040B0BD05B4622462946384606F057
:103EF000F8FE013000F0A780099A5A4409929AF816
:103F00000030002B00F09F8000234FF0FF320AF1B9
:103F1000010A049307938DF853301A93CDE90523D2
:103F2000544605224F4814F8011B07F0CFF8049AB5
:103F3000D8B9D00644BF20238DF85330110744BFB1
:103F40002B238DF853309AF800302A2B15D0079A7E
:103F5000544600204FF00A0C214611F8013B303B3B
:103F6000092B4BD9B0B1079214E0A0EB0803A2468D
:103F700009FA03F313430493D2E7039B191D1B684B
:103F8000002B0391BBBF5B4242F0020207930793F1
:103F9000B8BF049223782E2B0AD163782A2B32D112
:103FA000039B02341A1D1B6843EAE37303920593D3
:103FB000DFF8C0A003222178504607F087F838B117
:103FC000A0EB0A004022049B013482401343049377
:103FD00014F8011B062224488DF8281007F076F803
:103FE000002836D0214B1BBB039B073323F007036C
:103FF00008330393099B334409936AE70CFB0232AD
:104000000C460120A8E7002301344FF00A0C1946A2
:104010000593204610F8012B303A092A03D9002BCA
:10402000C6D00591C4E70CFB012104460123F0E74B
:1040300003AB2A4604A9384600930D4BAFF300802A
:10404000421C0646D6D1AB895B063FF52DAF0998D9
:104050002CE703AB2A4604A938460093044BFFF72C
:10406000DDFDEDE79C010208A6010208000000004A
:10407000E3AC0108A20102082DE9F04F0D469DB006
:1040800014469846064618B1036A0BB9FFF75EFB63
:104090006B6ED90705D4AB899A0502D4A86D06F0DA
:1040A00093FDAB891B0701D52B699BB92946304687
:1040B000FFF764FB70B16B6EDC0704D54FF0FF3087
:1040C0001DB0BDE8F08FAB899805F7D4A86D06F058
:1040D0007DFDF3E70023CDF80C804FF00109DFF8F8
:1040E000B481099320238DF8293030238DF82A30AC
:1040F00023469A4613F8012B0AB1252AF9D1BAEBC7
:10410000040B0BD05B4622462946304606F07AFD6A
:10411000013000F0A780099A5A4409929AF80030B9
:10412000002B00F09F8000234FF0FF320AF1010ABC
:10413000049307938DF853301A93CDE90523544621
:104140000522544814F8011B06F0C0FF049AD8B9A0
:10415000D10644BF20238DF85330130744BF2B23CF
:104160008DF853309AF800302A2B15D0079A544610
:1041700000204FF00A0C214611F8013B303B092B7F
:104180004BD9B0B1079214E0A0EB0803A24609FA9C
:1041900003F313430493D2E7039B191D1B68002B01
:1041A0000391BBBF5B4242F0020207930793B8BF83
:1041B000049223782E2B0AD163782A2B32D1039BC9
:1041C00002341A1D1B6843EAE37303920593DFF878
:1041D000D4A003222178504606F078FF38B1A0EB36
:1041E0000A004022049B013482401343049314F8D4
:1041F000011B062228488DF8281006F067FF0028CA
:104200003FD0264B1BBB039B073323F00703083328
:104210000393099B3B4409936AE70CFB02320C466B
:104220000120A8E7002301344FF00A0C194605933A
:10423000204610F8012B303A092A03D9002BC6D0AA
:104240000591C4E70CFB012104460123F0E703AB11
:104250002A4604A930460093114BAFF3008007466D
:10426000781CD6D16B6ED90705D4AB899A0502D4D8
:10427000A86D06F0ABFCAB895B063FF51FAF099854
:104280001EE703AB2A4604A930460093044BFFF710
:10429000C5FCE4E79C010208A6010208000000003A
:1042A00005AC0108A201020838B50446064D0846CF
:1042B000114600222A601A46F8F760FA431C02D120
:1042C0002B6803B1236038BDE045002041680C4BEA
:1042D000994210B5044601D006F0E1FDA168094BF2
:1042E000994202D0204606F0DAFDE168064B994279
:1042F00004D02046BDE8104006F0D1BD10BD00BF7F
:10430000A44400200C450020744500200348044BC1
:10431000834202D0034B03B118477047C84B0020BB
:10432000C84B00200000000008B5064B044613B13E
:104330000021AFF30080044B1B6803B1984720466F
:10434000F8F70EFA00000000DC4500200EB403B5BB
:1043500003AB0146054853F8042B00680193FFF7AF
:104360008BFE02B05DF804EB03B07047644B002095
:1043700008B5054B1BB105490548AFF30080BDE802
:10438000084000F02FB800BF00000000E445002006
:10439000D04A02080C4B04210C4A0D4810B51A6093
:1043A000002206F0ADFB0A4B012209211C4603F155
:1043B000680006F0A5FB022204F1D0001221BDE83E
:1043C000104006F09DBB00BFDC4500206DAB01082E
:1043D000A4440020024B0146186806F01ABE00BF34
:1043E000644B0020064B0749C91A891048BF0131A8
:1043F000491003D0044B0BB101481847704700BF68
:10440000C84B0020C84B002000000000014806F007
:104410009FBF00BF690345EC2DE9FF4106460D46ED
:1044200090460AB9D0F898804146304607F09BF88C
:1044300018F0010F02D0304604F0A8FE01F096FFFC
:10444000244B04460FCB6F468DE80F006DB1FF2C57
:104450000DBF2B6804AB55F8242000930BBF6B688D
:1044600003EB8403019343F8102C18F4803F17D119
:1044700022463946304607F026FC70B96DB1FF2C54
:104480000FBF009B04AB03EB840353F8103C05BF44
:104490002B60019B45F824306B6004B0BDE8F081CF
:1044A000FF2C0BD1009B01330ED0019B01330BD0AD
:1044B00022463946304602F085FADEE704AB03EBCC
:1044C000840353F8103CF1E722463946304606F0A3
:1044D00049FED2E70401020808B50B46024919401B
:1044E00007F0F9FA002008BD07001100084B10B4CE
:1044F000002A14BF14461C46064B1C6019B15DF817
:10450000044B07F09EBB08465DF8044B704700BFA4
:104510006FBD01086C4B002010B502F0F5FE0D4B8D
:104520000C461A1A534253418B4201D1002010BD50
:10453000094B1B683BB9094A064B002C08BF1346C0
:10454000074A1360F2E707F021FB0028F3D00220AE
:10455000EDE700BF88100208A04400200810020800
:10456000D446002038B50C4602F0DAF9A3780B4A9D
:1045700013705A1E55425541A8420CD0012B04D04D
:104580002846BDE8384001F089B9204605F0B8FA60
:104590000028F5D038BD0020FCE700BF4B490020C3
:1045A000024B0022196806F047BE00BF70FF0108E9
:1045B000F0B589B005460E4603F01CFC044600BB6E
:1045C00001AC06F10C070FCF0FC497E8070084E891
:1045D000070001A9284600F067F82846311D07F0BA
:1045E000A2F8044648B92846074903F0F3FE0446FA
:1045F00018B9284603F0CAFE04462846316802F07E
:104600007DFD204609B0F0BDB84902082DE9F84308
:10461000DFF860900646D9F8008008461746B8F1E2
:10462000000F03D00E242046BDE8F88306B333689C
:1046300001331DD1E1B100F0B1FB05460028F1D0F6
:10464000C9F8000003F0ACFC284607F0C9F804469E
:1046500040B14046C9F8008003F0A2FC284607F0AC
:10466000EBFAE0E73560002FDDD02846B847DAE7FF
:104670002124D8E7A044002070B504460E4608F077
:10468000D1F931460546204605F0D4FF044620B94D
:10469000044B01465B6803209847284608F0BDF9A3
:1046A000204670BD9C4B002008B50246086803F008
:1046B0005FFE0860486803F05BFE4860886803F0AE
:1046C00057FE8860C86803F053FE0B69C860581C29
:1046D00003D00B48834228BF03460B614B69581C2B
:1046E00003D00748834228BF034688694B6103F023
:1046F0003FFEBDE808408861104600F0B1BD00BF34
:1047000040420F00002108B5024B08465B689847FD
:10471000002008BD9C4B002038B5044D044C054BCF
:10472000286021601A60FEF739FE38BDDC460020A3
:10473000844B0020D84600200022024B01201A7032
:1047400002F02ABC534900200122024B00201A70BB
:1047500002F022BC5349002000F01803182B0BD0A4
:1047600003070BD410F0100F40F2011308BF002311
:10477000034AC2F8943070470023F9E70123F7E7B2
:10478000003F00B010B5044602F080FE03F098FE32
:10479000204601F047FA00F0DBF903F0B1F900F030
:1047A00021FE01F065FF15490723154AD1F8FC10D9
:1047B00004F5827002F0C0FF4FF08071002002F01B
:1047C000C7FB4FF000720F4B4FF400110120C3F8EC
:1047D000002102F0BDFB04F051FF20B940F221128C
:1047E000142100F013FD07F040FB012003F0B8FE98
:1047F000BDE81040002006F004BF00BF004F00B02D
:10480000A43F00B000D001B838B5054610B3182257
:10481000002106F09FFC08F00EF90246284603F03E
:10482000DBFA20B1104608F001F9022038BD0A4B2E
:104830001C6854B909491D600B68104601332C618E
:104840000B6008F0F3F82046F0E719680C6901F1F5
:104850001003EEE72120E9E7F44800204C46002051
:104860002DE9F04106460C46878F1546D0F8188092
:1048700008F0D8F8F28F07F1FF3E02EA0E0323F0AA
:104880000701032CB6F840C0414419D14A4C2468B2
:104890009CB96244073A02EA0E0222F0070208EBD2
:1048A00002044344E31A48BFDB19634510DB08F0F8
:1048B000B4F800242046BDE8F08124F00104F0E7BC
:1048C000012C03D0022CECD1ACF1080C0C46E8E72B
:1048D000002D37D08C4238D14FF03A42926D4FF0D4
:1048E0003A4CDCF8AC70718AC7F30C079F423FDD8D
:1048F0002388B3F5804FDAD2A77801F1FF3C07F0A7
:104900000707C3F30C039B1A41EA0C0E052F2F7007
:1049100003EA0E0324D81BB223EAE3776F80E7781B
:104920002F74F66902EA0C02B718AF609FB212FA50
:1049300083F38B4291BF00238B1AAB80EE609CBF48
:10494000AF80EB6008F069F8B4E7A4F10802904585
:1049500084BFFF0802EBC7021288C2F30C02BEE755
:10496000164F7F6D002F14BF0A270027DB1BD2E7ED
:10497000DCF8543001F1FF3CA3EB020E41EA0C03DA
:104980000EEA030EDFF838800FFA8EF3002BD8F80A
:104990000C700FDC07F07067B7F1407F14BF002781
:1049A0000127FF002F70D8F84C70A5F802E03F0AED
:1049B0002F74B6E70827F5E730460020004000B81E
:1049C000000002B8084BC1171A68A2FB000302FBE3
:1049D000013310F1807043F10003400E40EAC31030
:1049E000803820EAE0707047B4460020024BD86857
:1049F000C0F30360704700BF000002B838B5254B14
:104A000005461A78244C0D2A02D1FF20207038BDAB
:104A1000104607F011FA0146104600F053FAA8427A
:104A200028BF2846C0B2884238BF08462378C0B2A3
:104A30008342ECD0207042BB184BD3F8F81711F426
:104A4000002122D1F8B1431EDBB24FF2F005144A27
:104A5000C2F8C8510F22B3FBF2F2551C18B1C2EBD9
:104A600002129B1A591C0D4AD2F8C83143EA053389
:104A700043EA0113C2F8C831D2F8C821094BC3F880
:104A8000FC202078C3E70346DFE7074B186802F0F5
:104A90001BF9F6E7AC4B0020B74B0020000002B832
:104AA000002002B8003F00B0A0440020164B10B513
:104AB0001968B1F84020CB8F888F13440138073B29
:104AC0008C69034023F007031C4402F108034FF0F4
:104AD0003A429BB2A1F84030C2F8B0304FF4802285
:104AE0000A4BC3F814214FF00042094BC3F8802150
:104AF000A07800F00700042803D1064AD3681B03FE
:104B0000FCD4054B1C6010BDA0440020002000BA5E
:104B100000E100E0000002B83046002010B5044675
:104B200005F092FF094BD3F8F80734B900F44020A0
:104B3000B0F5402018BF012010BD022C0ABF80F440
:104B400000300020C0F34040F6E700BF000002B88C
:104B50000022012138B51F4B5A649A64DA641E4A58
:104B600051610221916242F20101DA68C2F30362EB
:104B700021FA02F2D207F8D511220124174DDA6387
:104B80004FF0FF302C70FBF73DFE00232B70144DCF
:104B900040F2D55228685421C01A18BF012000F0F5
:104BA00035FB104B28681A680F4B196805F01EFF7B
:104BB00002F022FE0D4B186802F044FB0C4B186803
:104BC00002F040FB4FF08062034B5A6103F58053C3
:104BD0005C6138BD000002B8001002B854490020E2
:104BE00038460020EC4800209446002084460020EF
:104BF00088460020F0B583B01446064600F09EF9C2
:104C000004F04EFA00285CD0584B5D6915F006059B
:104C100057D107F007FF23790095022B054654D1A1
:104C2000237B022B32D0032003F0CAFB20B9504B68
:104C3000DB685B0440F19280A37B277B003B18BFBD
:104C40000123A2684B49012F01920B707BD002F027
:104C500051F9042001F06EFD0420444E0223716FCF
:104C60003A4621F0F85121F4F81141F0506141F435
:104C7000803171670DEB000100F0AAFE0446B0B16F
:104C8000012030223C493D4B08701A653C4E336888
:104C900098472128044604D10121002073689847D1
:104CA0000024284607F0B9FE204603B0F0BD0320DB
:104CB00001F040FD2846334A334B72671C7007F001
:104CC000ACFE0E24204603B0F0BD032003F078FBB9
:104CD000002843D12179D6F80C31012922682FD040
:104CE000D01A0027214B274A00905A679F67637BA1
:104CF000264823F04007002FC3F3801303700CBF36
:104D0000012300232249234A0B70D2F8D83E214ABE
:104D10000CBF43F0200323F02003C2F8D83E032049
:104D200001F008FD114B1C4A03205A676946012314
:104D3000227900F04DFE98B10122134B1A706FE7F3
:104D40009342CED8CCE72379022B80D0009BD6F8B3
:104D50000C1100270B441344019378E72846AEE773
:104D6000284607F05AFE2124ACE700BF00C001B876
:104D7000000002B84649002044490020001002B853
:104D80009C4B0020000001015E4900203C490020AE
:104D900060490020003000B0010C0100F8B5044665
:104DA00007F040FE002607460E4B1B6893B19E6835
:104DB000AEB196F82420D20711D435460FCC0FC5DA
:104DC0000FCC0FC523682B6096F8243043F0010305
:104DD00086F82430384607F020FE3046F8BD1B68C0
:104DE000E4E700BF684B002008B50E4B5A6C12F088
:104DF000A00F13D19B6C5B0712D40B4BD3F8083F69
:104E000023F07F4323F0FF0353B1FFF7EFFD6FF46F
:104E1000905343FA00F000F0010008BD0020FCE7C9
:104E20000120FAE7000002B8003000B0024B186819
:104E300000F00100704700BF604200202DE9F347F9
:104E4000054606F0B9FA00278046194EDFF864A03F
:104E500007F0E8FD0DF1070181460DF1060003F0B2
:104E6000B3FC9DF806300BB3DAF80C3013F4603F56
:104E70001CD0DAF8180006F044FF04466B1C03D07F
:104E800006F09AFAA0EB0807484607F0C6FD14F5AD
:104E9000007F07D19DF8063013B99DF807300BB19C
:104EA000AF42D5D3204602B0BDE8F0873446E5E7EF
:104EB00000FEFFFF00C000B80122014B1A657047D9
:104EC000002002B820B1022804D1034B18787047A3
:104ED000024BFBE700207047B94B002061490020DE
:104EE0004022014B1A657047001002B8034BD3F8FB
:104EF000D83E99430CBF012000207047003000B01D
:104F0000064B01F080015B6C03F480030B4302BF8E
:104F10004FF40012024BDA64704700BF000002B881
:104F2000006001B8044BD3F8B03010B1C3F30332C2
:104F3000027003F00F007047000002B8074BD3F86F
:104F40008022D20707D55B6E002B4FF48043B4BF9D
:104F5000034A044A13650020704700BF00800050D8
:104F6000002002B8001002B84FF40062034B5A64EC
:104F70004FF40042A3F5E0339A667047001002B880
:104F8000F0B5164B85B007460E4614460FCB8DE89C
:104F90000F00134A6D46D2F84832D2F84C22591C01
:104FA00008BF0023501C15D0002B08BF13463EB18C
:104FB000611EC9B2FD290FD93360FF2C00D1726088
:104FC000CDE9003229462246384601F0FBFC00209C
:104FD00005B0F0BD1A46EAE7012CEFE750010208E0
:104FE0000080E00F094AD368C3F303630B2B08D09A
:104FF0006FF49050184100F0010080F00100400073
:105000007047506C10F48030EDD17047000002B84A
:1050100030B56FF040440E4D2040C5F850420D4C65
:10502000D2B2C4F850024FF0FF30C5F85402C4F8B1
:105030005412FF21C5F86412C4F864220649074AD5
:105040000020C2F8C810A2F58052C2F8C83030BDA6
:10505000006001B8005001B80000FFFF00E000B898
:10506000034610B500B3124AD16909031ED5946CEA
:10507000C4F38114032C15D0022C17D122460D49FC
:10508000B1F8E40001F10061801A01F536710144C4
:10509000184606F039F8064A0472D26C120A4272B7
:1050A000002010BD0822EAE72120FAE70220F8E7F5
:1050B000000002B8003E00B0054BD3F8843013F076
:1050C000030F4FF4802314BF024A034A93647047CE
:1050D000004000B8005000B8006000B838B5184B68
:1050E00005461B680C4603B1984744B1236833B1A9
:1050F0001B68013303D0E3680BB1A36843B906F022
:1051000039FE00209122412100F080F8212038BD95
:10511000204600F0BBFD00230A4A85F84831C5E966
:105120003A4313605360636943B1074A42211068F0
:10513000B322C31A5842584100F068F80020E6E74D
:10514000FC480020884B00209046002000210148A8
:1051500006F05CBA584600204FF40022034B586C0E
:1051600003F500535A64C0F3C0407047000002B812
:1051700038B5044602F030FE07F05DFC05462046D7
:1051800002F02AFE637D23B9284607F04FFC0E206B
:1051900038BD00236375064B1B68A34203D106F09C
:1051A0002EFA00F0C5F9284607F040FC0020EFE792
:1051B000F4480020134B70B51E684FF03A43748AD0
:1051C000DD6D621E5B6DADB292B242EA04015B1B03
:1051D0000B40191E18BF0121C90001700A492A405D
:1051E000C96C4380090A0174F169D618A64201EB23
:1051F0000205D2BF0021A31A9BB285608380C160E3
:10520000002070BDA0440020000002B810B550B9C5
:105210000548064B0160064802601868054B186097
:105220001868FFF779FA10BD844B0020A0440020D5
:10523000D8460020DC460020836810B4074C03F1F8
:10524000304324681B689C4203D15DF8044B05F091
:10525000CDBB00205DF8044B704700BFB046002076
:1052600002462DE9F843B0F8404100F5827502F09E
:1052700057FF0F68D1F804807E1C08BFD2F80C716C
:105280008E6808BF0F60B8F1FF3F04BFD2F81881E5
:10529000C1F80480731C48D1D2F81431D1F80CC085
:1052A0008B60BCF1FF3F47D1D2F81061D1F810E01C
:1052B000D1F814C0BEF1FF3F08BFD2F804E1D1F825
:1052C000189008BFC1F810E0BCF1FF3F08BFD2F84A
:1052D00008C1CE6008BFC1F814C0B9F1FF3F08BFD4
:1052E000D2F81C91B9F1000F2DD1C0F164048C618A
:1052F00017B16F2F38BF6F2716492846C2F80C71B7
:10530000C2F81061C2F81431C2F81881C2F81C4109
:10531000C2F804E1C2F808C107230F4AD1F8FC1013
:1053200002F00AFA0020BDE8F88304F16F031B1AAB
:10533000B34238BF3346B1E704F18606361A6645F4
:1053400038BF6646B2E76F34241A4C4538BF4C4626
:10535000CDE700BF004F00B0A43F00B038B54B1EF2
:10536000012B05460C4614D8022915D101220C4800
:1053700000210A430B4B0C49FFF74AFE003C18BFC3
:10538000012495F82430002064F3C71385F82430F5
:1053900038BD00220548EBE7002202210048E8E77B
:1053A00091D106190000E2EC9E0C4B5490D10619E5
:1053B00008B50321092002F0C1FA2022014B1A612D
:1053C00008BD00BF000002B808B506F0A7FA8022A9
:1053D000024BC3F89000024B1A6108BD003F00B0B9
:1053E000000002B80822044BC3F884215A6001224D
:1053F000024BDA60704700BF00E100E000C001B876
:1054000008B507F02BFA044B1B6FC3F300430133BD
:10541000B0FBF3F008BD00BF008000502DE9F34160
:105420000646884615461F4607F0FCFA0446032048
:1054300002F0C6FF38B1204607F0EFFA0E242046EE
:1054400002B0BDE8F081042002F0BAFF0028F2D1DA
:10545000204607F0E2FA01232A464146304600F092
:10546000D7FC04460028EAD1DFF8C0806FB188F885
:1054700000003946304601F039FB50B998F8003049
:10548000012B08D102F0A4F8D9E798F80030002BDE
:10549000F4D12124D3E720221E4B01205A641E4B55
:1054A000D3F89030B3F5817F22BF80221B4B1A6165
:1054B00006F0F5F907F0B6FA194B06461B6801939A
:1054C0008BB903F085FD15F080051ED1012001F098
:1054D000B3F815B9284603F06FFC124B01215B6845
:1054E000002098470DE0042001F024F90023012258
:1054F000042001A900F06CFA0028E2D103F0B8FA08
:105500002124304607F089FA99E70022064B9A6772
:10551000DCE700BF001002B8003F00B0000002B896
:10552000404600209C4B002000C001B8524900209A
:105530002DE9F74F064607F07EFADFF820810123B8
:1055400098F800B0DFF818910190BBF1000F06D079
:1055500089F8003003B0BDE8F04F07F067BA3D4F5F
:1055600088F8003089F800B006F07EFA08B106F03D
:1055700063FA3D6838495DB9DFF8E8A0DAF8002041
:105580000024AA423B682ED84FF0FF31324838E061
:105590006B7D8BB12B68B34202D09A1B8A420BD928
:1055A0006A6813442B60AB68003A18BF0122003BC5
:1055B00018BF01236A75AB752D69DCE7907D20B1BA
:1055C000107D88429CBF014614461269002AF5D11D
:1055D000002CD9D094E80B00A275411AE26820464D
:1055E00098470135CAE71A46FF21EFE75A7D3AB1DD
:1055F0001A68B24228D0921B824225D8914226D204
:105600001B69002BF2D15CB1204604F041FA38B19D
:105610003B683C602361DAF800300133CAF800309F
:105620003B685C7D1CB1186801F0A2FF044605F0E0
:10563000E6FF0646002C95D199F80030002B91D159
:10564000019888F8004085E71C460021D8E71146FC
:105650001C46D5E7F4480020FCFFFFBF424900206C
:10566000494900204C46002038B507F0DBF90546D3
:105670004FF080430B4C23604FF000432360022324
:1056800063600423636001F0B9FF082363601023A3
:10569000636020236360802363602846BDE8384050
:1056A00007F0BBB900E100E0314B2DE9F7431C687E
:1056B00001F4007900F00103174653EA0902064697
:1056C0000D462FD04FF000080BB30023002201201D
:1056D0000021CDF80480CDF8008003F0F5FF4146AD
:1056E000204604F097FF012241466086104605F0EF
:1056F00089FFD4F8A01094F82700FFF701FC00F010
:105700007FFA94F8243043F0040384F82430B9F18C
:10571000000F07D00121204605F051FF25F4007548
:1057200006430D432B463246204603F03FFCFB0761
:105730000FD51049104A0868002113681160012133
:105740000E4A117003B198470D4B002102205B688F
:10575000984717F00E0F08D04FF4EC723B21002051
:1057600003B0BDE8F043FFF751BD03B0BDE8F083DF
:10577000A0440020A0460020084900204E490020F7
:105780009C4B002008B507F04DF90E4B1A78A2B9D2
:105790000D4A126812F4843F0FD10C4A1021116592
:1057A0001B7863B9084B1B68DB0508D4074B202224
:1057B0001A65BDE8084007F030B9054AEEE7044B2A
:1057C000F5E700BF4449002060420020002002B8F5
:1057D000001002B8014B588000207047AC4B0020ED
:1057E00007B501A8FAF759F8254B2649D3F86022E6
:1057F000D2B2FF2A1DBFD1F87801130243EA021387
:10580000D1F878311CBF20F47F621343C1F8F8331C
:105810001C4BD3F8F837190354BF09200C20F9F7B3
:105820008FFFC822184B42F201015A654FF4C02283
:1058300003F51043C3F868214FF48032C3F86C219C
:10584000124AC2F8701202F52042D2F8F827120369
:1058500008D44FF470610E4AC2F8A0104FF42062D1
:10586000C3F8A02001220B4BC3F8002403F53043FA
:10587000D3F86821084B1A6003B05DF804FB00BF41
:105880000080E00F000002B8008001B8006001B89D
:10589000002002B8005001B8A44600200A4B10B501
:1058A0001B68044673B1094B48B10121084A1A60CC
:1058B000022000F0ADFE0020064B1C7010BD01461A
:1058C0001860F5E70220F9E78C460020B846002072
:1058D000681002083E49002070B50C68651C15D0A0
:1058E000C4F302669E42C4F3074530D1A4B2944289
:1058F0002DD804EB8506B24229D2141BA50824F04A
:1059000003040E59340F04D0012C08D000222124A6
:1059100002E06B1C51F82320C0E9002470BD0E4C3E
:1059200034F8133042EA03431A686B1C51F82340E1
:1059300001EB83014B6822405E4036F0704404D195
:105940001B0F032B04BF8B681A430024E4E70135C7
:1059500001EB8501C1E700BFC0490208084B1A6C82
:105960000A2A81BF5A6D4FF0FF3302F00F029340B5
:1059700083BF9843B0FA80F040090120704700BF10
:1059800000C001B8C38E70B593420C4615461BD3B8
:10599000036D8B4208BF002407F044F80646FFF76A
:1059A00025F84FF49C53C340DA0703D5074B5B6CD3
:1059B0009B0304D401222946204600F085FF30468F
:1059C00007F02BF8002070BD2120FCE7000002B892
:1059D0002DE9F84F164604468A461F4607F022F87E
:1059E000022E00F09380804607F025F8604B614A54
:1059F000D3F8209092F885505A6EEDB2520744BF0A
:105A0000D3F82090013505F0030507F00FF848465C
:105A1000294600F049FB8446DAF80000012E04BF55
:105A200001306044ACEB000C08BFCAF80000BCF1C8
:105A3000804F7ED301F028FE8145A1EB050188BF90
:105A40004B4BDFF854E188BF01F1FF3101F0030156
:105A500088BF9B6BA0EB090C0EF80410A1B1F907ED
:105A600042BF41F61F72444B5A67BA0742BF424BCE
:105A7000424A5A677B0742BF00223D4B9A673D0767
:105A800042BF00223A4B9A6511254FF0010A384B6C
:105A900004F11002120103EB041BCBF80C0138498E
:105AA0009D501A6A0AFA04F5586E0B78A2EB0902A7
:105AB000EDB22B4362450B704FEA041925D34FF426
:105AC0008073A340034220D11EF80420002A4BD14A
:105AD0000EB32C4AF807536607D541F61F7140F202
:105AE0000110254B596750675967B90706D5224BF6
:105AF000224A244924485A6748675A677A0742BFAE
:105B00000122224B1A613B0719D4404606F085FF5B
:105B10000120BDE8F88F1E4A42F809A042F89C3CDB
:105B200006F080FF16490B7823EA05030B7006F098
:105B300074FF404606F071FF0020BDE8F88F212079
:105B4000FDF708FC4FF48031094A124BD1601A78F6
:105B5000002ADAD000222D201A70FDF7FBFB10225C
:105B6000084B40465A66D1E7064A40465366CDE7A1
:105B700000C001B8003E00B000E001B800001F1FE7
:105B80003D49002000D001B800000101000002B82A
:105B900000E101B85F4900205649002010B5064CCD
:105BA000216839B1CB0703D4044B186804F006FE12
:105BB0000023236010BD00BF30460020A044002019
:105BC00038B506F02FFF4FF6FF710A4A13888B4253
:105BD00003D106F022FF0E2038BD074C074D1B04F1
:105BE0006567A4F580546367118006F016FF0020F6
:105BF000F2E700BFB44B0020006001B80000FFFFD7
:105C000038B54FF0FF35054C206803F0EFFF2560F5
:105C1000034C206802F078FA256038BD784B0020EC
:105C2000A84B0020F0220D4B016D9A64A022A3F531
:105C300080539A64C38E4FF03A42B3FA83F3012043
:105C4000C3F11903DBB2C2F8F400C2F8CC304FF450
:105C50000053C2F8D010C2F8F0307047006000B8AE
:105C6000094A136D13F400130BD1D2F84001C00799
:105C700007D4D2F8800000F47060003818BF01200B
:105C8000704741EA53507047004001B8054BA822C5
:105C9000D3F84C013121431C0CBF0120C0F38070AC
:105CA000FFF7B4BA0080E00F2DE9F74FFDF734FCA1
:105CB000044602F05DFD06F0B5FE00214B4D0646A0
:105CC0006846297002F020FF494B80469F69494B86
:105CD000DB6813F0706F1CD1474B5B6913F0060A49
:105CE00017D1E0B1454B611D1868A1FB00B93E20FA
:105CF000FCF7D2F85346024649465846FCF774FE74
:105D0000009B090241EA106100029842019B9941FF
:105D100005D3304603B0BDE8F04F06F07EBE00214B
:105D2000022000F075FC05F047FB8146DFF8C4B0A7
:105D3000DFF8D4A0DBF8F4331B0741D5B8F1000F2E
:105D40004DD0DDE900893E20FCF7A6F84FEA182186
:105D500041EA09614FEA1923A0FB019800FB03887F
:105D6000264B1A6812B9FFF74BFB02460023484640
:105D70004146FCF739FE0121214B013493F8813073
:105D8000DFF86CC001331F4A3F1BDFF880E0DBB255
:105D900001FA03F30744CEF86030CCF86C70536618
:105DA000DCF81820DCF86C70241AD21BA24216D240
:105DB000CEF864300220CEF8603000F029FCA8E76D
:105DC00005F0FAFAA0EB090050454FF41B724FF0B2
:105DD00045018CBF00200120FFF718FAAAE7022234
:105DE000054BDA6001232B7093E700BF4A4900207E
:105DF00000800A50000002B800C001B890460020A0
:105E0000003E00B000900A503F420F0000A00A5030
:105E10002DE9F74F04468B4615461E46FEF7E4FF74
:105E200028B3A38A1BB3204606F00EF878B91EB13A
:105E30000E2003B0BDE8F08F714BD3F8083F03F09C
:105E40003002102AF4D003F0C003402BF0D06D4F85
:105E5000FFF774F87B69DB07EAD506F0E3FD064639
:105E6000032002F0ADFA20B1304606F0D6FD022044
:105E7000DFE77A6912F0060AF6D1304606F0CDFD6A
:105E80005F4B4FF400612046D3F8089FD3F8E08EB3
:105E9000FFF72CF848B14FF4007601215A4F5246D3
:105EA00008467E6405F0AEFB7E6494F825309F07BB
:105EB00007D5D4F8A0305E0542BF4FF40022534B03
:105EC0005A645946204604F0B5FB4D4BC3F8089F71
:105ED000C3F8E08E0028ACD194F82430980601D4A1
:105EE000002D4ED0C5F3400002F0B6FA022315F49F
:105EF000807F1FBF454A002153644FF03A420BBFD9
:105F0000414A91615364536302F0E6F84FF48063B1
:105F100015F0040F14BF3E4A3E4A3B4E136504235E
:105F200028467364FEF718FC204605F0E2FD38B100
:105F30004FF4807315F0010F16BF344A7364536435
:105F4000A90647D54FF6FF72B4F8423093420FD0FE
:105F5000314A3249526F100CC2F301120132B3FBC5
:105F6000F2F308802A4A2B492D481B0448675367DF
:105F7000003D18BF012594F8243065F3451384F8DB
:105F80002430204605F08AFBF0B1204605F0B1FD33
:105F9000D0B14FF400312046FEF7A8FF431C032286
:105FA0009BB201A91F4805F07BFE9DF804209DF8D7
:105FB000053002F00701052915D112070DD443F46D
:105FC0008073194AC2F8E830002003B0BDE8F04FF2
:105FD00005F0E7BAFFF7F4FDCAE713F0040F09D1A3
:105FE0009DF80630EBE703F03002202A05D113F0CC
:105FF000010FF4E74FF48073E3E79DF80630E0E724
:10600000003000B000C001B8002002B8001002B893
:10601000005001B8006001B8004001B8B44B002046
:106020000000FFFF0C0000BA003E00B004292DE97B
:10603000F04104460F462ED84E1EF6B2032E8BBFFB
:106040000025164BA84613F806809CBF144B9D5D97
:1060500005F024FB80B94FF000084FF460320020B7
:10606000104B6D045A6245EAC835A3F580535D6252
:1060700084F82E70BDE8F081204600F0CBFF80B29E
:106080008428E8D8022EE8D894F824102046C909BC
:10609000FFF764F9E1E72120ECE700BF30100208C8
:1060A000BC10020800E000B8074B084A1B6810B596
:1060B0004343146803EB817300224FF00041E4FB7B
:1060C0000012981810BD00BFE0460020E8480020EC
:1060D00008B50C4BD3F84C21531C11D012F0804260
:1060E0000ED1094B1B681BB11146032001F06AFC5D
:1060F0004FF08062054B1A6501225A6102229A62B2
:1061000008BD00BF0080E00FA0440020001002B8CE
:1061100048B14FF47A72054BDB6802FB0030A0F502
:10612000FA50FEF74FBC47F23050FAE770460020B5
:1061300010B5044686B059B9214B4168D3F8FC30FC
:10614000827A2048059300686B4604F061F869463E
:106150001D4B0A685A631A4BD3F8FC3033B34B68B3
:1061600043B11A4B1A4AC3F83C214A68A3F580533D
:10617000C3F83C218B6843B1144B164AC3F81C2169
:106180008A68A3F58053C3F81C21134AC868D2F863
:10619000983123F4EE630343C2F89831D2F890317A
:1061A000096923F4EE630B43C2F890310020228981
:1061B0000A4B9A6203F5A033186406B010BD00BF05
:1061C000004F00B0A0440020008001B8006001B87A
:1061D000FFFF0F0000F0FF0F000002B8004000B802
:1061E0002DE9F84F544B07460E4615465C6C002AC5
:1061F00040F0A08004F0A004003C18BF0124FFF789
:10620000DFFCA0234FF0000A4C4A0320536400F047
:1062100091FA042000F08EFADFF84C8100F06AFE5B
:10622000474B4FF0040BC8F87430C8F878A001F061
:1062300053FF444B414AD3F8D81EDFF8FC9041F09D
:106240002001C3F8D81EFF2191604FF48071C9F876
:106250001010D3F8081F3C480840C3F8080FC2F8D4
:1062600044B0C3F8E0AED8F8143013F0060F04D0F1
:1062700001F0FEF9584600F05DFA0CB1FEF774FE2D
:1062800047B103F0D1FCFFF793F8042000F052FA75
:1062900003F0E4FBD9F81430D90749D5264AD3686E
:1062A00013F0706FFBD1254B284A5A64284AD2F864
:1062B000803023F0F003C2F8803016B1284601F098
:1062C000C7FD244BD3F84C315A1C01D05B0002D5DA
:1062D00001221A4B5A615DB31F4BDA6E03F500536E
:1062E0009A6603F5D0331B6A144A23F00103D36185
:1062F0001A4BD96803F50053996003F50053D3F89E
:10630000841003F5005399674FF03A43D3F81811FE
:1063100003F50053C3F81411114BD96C03F5005366
:106320009964104903F5803359664FF60843536466
:10633000BDE8F88F002462E7000002B8002002B830
:1063400000000101003000B0DF0000FF100030004D
:10635000003F00B00080E00F004000B8004001B8EE
:1063600000C000B85000002F00C001B8024BD3F8A5
:10637000F807C0F3C0407047000002B8024B18791C
:10638000C0F3C000704700BF6042002010B5044653
:1063900098B10B4BD3F8FC0004F0DCF84FF47A739F
:1063A00003FB04F0074BA0F6AC50DA689B6810447E
:1063B000C01ABDE81040FEF705BB4AF6C870F8E702
:1063C000004F00B0704600202DE9F04104460D4614
:1063D000D0F8F06019B990F82430590650D44FF62F
:1063E000FF73A18E994204D03A4B1B680BB1204633
:1063F0009847394F3B68B34260D0384B1B6833B184
:10640000002E65D0316800295BD1204698474FF0B7
:106410000708204600F058FC002D44D0304B93F97B
:106420000030C3F11C0316B196F926209B1A0620F2
:106430002C4994F928500A6A5B1B63F3D2220A6242
:10644000294BD4F8F0203A609867FEF735FE002219
:106450000120264B2649087083F89C20204605F031
:10646000ADFC244B5B6C5A0203D4D4F8A0301B065D
:1064700003D54FF40012204BDA640020BDE8F08110
:106480004FF6FF72144F65F3861380F824303B6893
:106490008286B34217D0114B1B68002BB0D100F09D
:1064A00013FC4FF00708154A4346D2F8FC1004F5D8
:1064B0008270A2F65C7201F03FF9AFE74FF001087D
:1064C000A7E7B168A1E700F0FFFB4FF00108EAE79A
:1064D00031469AE754460020F84800201849002029
:1064E0004549002000C000B8006000B8003F00B07F
:1064F00040490020000002B8005001B8004F00B031
:106500000346064A103302EB00111B01D1F80C01BF
:10651000D158C1F3400105F016BC00BF00C001B85E
:106520000F2938B505460C4610D801F0C1FB0128EB
:106530000ED1084A2846D2F8803023F00F032343B7
:10654000C2F8803005F03AFC002038BD2120FCE77D
:106550000220FAE7003F00B0F0B52A4F06463D465C
:1065600004460FCE85B00FC533682B6004F06CFA7B
:1065700001213A20F9F7BEF80022234BC3F8D424B6
:10658000A17A627A42EA0142C3F8E024217CE27BEC
:1065900042EA0142C3F8DC24217B627B41EA0240EB
:1065A000C3F8D8043B78032B29D8DFE803F0220294
:1065B0000C178DF8041004218DF805200DEB010057
:1065C0000022F6F74FF9E37B00228DF80830237C98
:1065D000042102A88DF80930F6F744F9637A012204
:1065E0008DF80C30A37A042103A88DF80D30F6F74E
:1065F00039F9064B187801F0B3FF002000E02120A4
:1066000005B0F0BDC046002000C003505549002031
:10661000064B1A6C9207FCD4022240EA0120586013
:10662000034B1A640122034B1A70704700C002B872
:1066300000D002B84C49002010B504462120FCF7D8
:1066400089FE1CB14FF48032064BDA60064B1A7893
:106650003AB100222D201A70FCF77CFE1022034B69
:106660005A6610BD00C001B85F49002000D001B8D3
:106670000722194B70B51A64184B194A1E68194B3A
:10668000F408E005C0184FEA163141F1000100237B
:10669000FCF7AAF9144B154D18601548FEF792F94E
:1066A0004042C5F8DC0049F65800FEF78BF9C5F802
:1066B000A800104800F0E8FF024660B1E30150086E
:1066C00018184FEA16714FF0000341F10001FCF772
:1066D0008BF9C5F8B40070BD000002B890460020E8
:1066E00065CD1D00B2E60E00B4460020003F00B0AC
:1066F0007011010040420F000C490D4ACB68C3F3F2
:106700000363062B07D8042BD8B20BD8C31E5842FC
:10671000584140007047072B06D1D1F8680110405E
:10672000ECD170470220704700207047000002B88B
:106730005FFFF9FF38B501250A4B02019D504FF468
:1067400080730446084A8340536606F06BF9074A93
:10675000A540137823EA05031370BDE8384006F01E
:106760005CB900BF00E101B800E001B83D4900207C
:10677000214910B50B78002B3DD001221F4C94F815
:1067800081300133DBB202FA03F31D4A536613660C
:1067900008221C4BC3F8882100230B7003231A4ADC
:1067A00039211364A2F580525364184B40F2C5227C
:1067B000586CC0F38060FEF729FD4FF48041144A05
:1067C000144BC2F89410144AA16FD26E914202BFCA
:1067D000D3F86C21E267D3F86431E06F08BFA4F806
:1067E0008630B4F8861003F015FBBDE81040012197
:1067F0000220FFF70DBF10BD4A490020003E00B047
:1068000000A00A5000E100E000A00950000002B81A
:1068100000E001B800C001B800800A502049D1F85A
:10682000FC37FF2B31D01F48C3F303120270D1F89D
:10683000F81703F00F0309035BBFC2EB02120F3B13
:1068400002F1FF32D2184ABF03EB0213D3B2DBB21C
:10685000154A164913700978154B1A68E9B1B2F157
:10686000A06F1AD3D3F85012124A134BB1F1FF3F65
:1068700018BF1346114A136041F66A02104B1B6899
:10688000B3FBF2F30F4A13607047D1F8F83713F4F3
:10689000002F0CBFB4235A23DAE7074BEAE700BF07
:1068A000000002B8B94B002061490020B64B00201F
:1068B0000080E00F5082E00FF40F02080049002032
:1068C000904600204846002038B50B461546014644
:1068D0004FF03A4468B101221048C4F8F4201A4637
:1068E00002F092FA25B14FF03A430422C3F8F420A3
:1068F00038BD73B1D4F8D8209A4284BF0122C4F8BD
:10690000F4204FF03A42C2F8D4300223C2F8F430F7
:10691000E8E70123C4F8F430E4E700BFCC0000BA94
:10692000014B1878704700BF3E490020014805F030
:106930009DB800BF58460020F8B504460F461646DD
:1069400006F070F80546A047044620B1284606F038
:1069500064F82046F8BD01F0BFFB04220549D1F8D8
:10696000083F23EA07033343C1F8083F024B5A6448
:10697000ECE700BF003000B0002002B810B50F4BAC
:106980001C78ACB90E4BD3F8F8375B0309D490B13F
:106990000F23441EB4FBF3F410300444E4B2204649
:1069A00010BD40F648023F212046FEF72FFCF6E7D7
:1069B0000001C4B2F3E71024F1E700BFAC4B0020A4
:1069C000000002B810B50B68104CC4F87832C4F857
:1069D0007C32B8B1D0F8EC00A0B1406990B1541E3F
:1069E000E4B2FD2C10D95C1C04BF6FF001030B60F6
:1069F0000360FF2A06D14B685A1C02D16FF00103D5
:106A00004B604360002010BD012AF3E7004001B84D
:106A100038B5264D0446297819B92022244804F0B7
:106A200099FB4FF2F0012378224A1370224AC2F8F0
:106A3000C811224A1BBB2249D1F8F81709031ED4FA
:106A4000FF2313704FF040731B4AC2F834311C4BC4
:106A5000D3F8F83713F480230BD14FF47F01C2F839
:106A600030111849C1F8303148F2C801164BC3F84B
:106A7000F4100723C2F8FC330122124B0FE0002070
:106A80001249022BC1F8DC004FF0FF011170D9D17F
:106A90000722094BC3F8FC230422A3F58053C3F853
:106AA000FC23012300202B7038BD00BF4749002084
:106AB000E03F00B0AC4B0020002002B8B74B0020F4
:106AC000000002B8001002B8003F00B0004001B85A
:106AD000054B1B68D3F8F03013B11A680A2A01D8A5
:106AE00000F008BD186C7047A04400202DE9FF4756
:106AF0008F7880460F2F0C4603D9212004B0BDE8C3
:106B0000F08727B90122464B1A700020F6E70E786D
:106B10004D78002E3DD1002DEFD1AE42E088B24637
:106B200038BFAA4600F05CFBC30943EA4163C01AC0
:106B300061EBD11101F0CCFEFF288146DDD0A088A9
:106B400000F0A2FD374B354301461A884FF604008A
:106B5000002D5DD1824208D13348006E80B2904250
:106B60000ABF4FF6050218801A80B1F5803F2E4B00
:106B700014D902224FF0080A1A66802256464908A4
:106B8000C3F880204FF6FF730139994228BF194698
:106B90000EE0082EB1D8082DAFD8BEE701224FF085
:106BA000080A1A6680225646C3F880200029E9D1D7
:106BB000002302930123013FFFB200933246534664
:106BC000019708F5827001F081FD1DB94FF4801224
:106BD000164B5A6594F90310484602F0A1FF0221B2
:106BE000134BA2681A600E4B197098F82E30013BB7
:106BF0008B428AD8032301200E4AC2F850320E4B32
:106C0000C3F85002C2F864120422C3F864227CE77D
:106C100082421EBFDFF810C0CCF860201880C5E7A4
:106C200052490020B24B002000C001B800D001B88A
:106C300040460020006001B8005001B838B5044655
:106C400005F0F0FE4FF03A420121A38F054651674F
:106C50004BB3B3FA83F3C3F11903DBB2A069C2F8F3
:106C6000B410C2F88C300723C2F89000C2F8B030DC
:106C70004FF4A02302F50052C2F81431A2F580525D
:106C8000C2F8183100220D4B1A600D4B5B6C5B0291
:106C900009D54FF480020B4B5A64D4F8A01094F835
:106CA0002700FEF72DF90023E38707232846A4F8E1
:106CB0004030BDE8384005F0B0BE00BF304600208F
:106CC000000002B8002002B82DE9F74FD0F8B0401C
:106CD0004C23022C38BF02247749013CCA6CD1F8FE
:106CE000DCC07649C2F38212D3400A6803F0010582
:106CF000A24206462B4690F83C71714ADFF8E4A1A7
:106D0000DFF8E491DFF8E48116D11078A84213D1BE
:106D10009AF80000B8420FD1D6F8B40060B16045CF
:106D20000AD196F82BC099F80000844504D1B8F830
:106D3000040003B0BDE8F08F0C601370002D00F06C
:106D4000988004234FF07F415E4AC2F8BC305E4B0E
:106D5000C3F8BC1096F82B301B06C2F8BC300020DC
:106D600040F27122594B19211B68B3FBF2F36343C4
:106D7000B3FBF1F1182B4FEA00448CBFB1FA81F359
:106D80002023002C00F09680B4FA84F29B1A002B8A
:106D900040F38E80C3F10F02012A38BF0122DC408C
:106DA000A14201D2013A6408411C02F01F054900CA
:106DB000A940474B091B8908C3F8B010110241EAEA
:106DC0000211DFF82CB141EA020300EB002200EBD4
:106DD0000225DBF8000040F6C202003818BF01208F
:106DE0002B210193FEF712FAFA2202FB04F0DBF8E2
:106DF000002040F6FF71B0FBF2F00A225043354A02
:106E0000019BC2F8D810A2F58052C2F8D83032499E
:106E1000A2F58052C2F8DC50D1F8F81700F57A7468
:106E20004B0309D4D2F8DC20294B02F47F01C2F3D2
:106E300003520A43C3F8FC20C6F8B450274D00F6AD
:106E4000B8302C60FDF7BEFD4FF47A72204BC3F8CA
:106E5000A400C3F8F8002B68B4FBF2F0B3FBF2F324
:106E6000A8F8043096F82B308AF8007089F80030C2
:106E70005FE798F80000FEF725F896F82B3083427C
:106E800028BF0346D8B22FB1022F7FF468AFFFF7B7
:106E900075FD65E7104BD3F8F8371A03F7D418B12E
:106EA0000F230138B0FBF3F00D4B1B68185C57E75C
:106EB0000F2275E70F2277E7004001B8A44B0020AE
:106EC00048490020001002B8002002B89046002077
:106ED000003F00B0006001B8000002B8BC460020CE
:106EE00000490020B84B0020BA4B0020AC4B0020DA
:106EF000484600200022044B1A70044B197811B147
:106F00001A70FEF73FBC70473B49002044490020FF
:106F10004FF480320C4B0D49C3F818214FF03A431F
:106F2000C1F81421D3F8AC10D3F88C20012302F05F
:106F3000070206329340C1F30C01083B994201D885
:106F400000F01EBB704700BF002000BA001000BA5E
:106F5000044B01F0F071103041F0030100011950B1
:106F6000704700BF00C001B8064B00201B6893F8B3
:106F70002430DB0902BF0322034BC3F8502202F086
:106F800021BE00BFA0440020006001B8014804F009
:106F90008EBB00BF5846002010B50446FCF732FAFD
:106FA00078B1154B1B786BB964B1144B1B784BB19E
:106FB000134B1B78013B012B04D84FF40042114BBB
:106FC0001A6510BD104B1B6D1B04FAD405F02AFD89
:106FD000044601F081F84FF400420C4B2046BDE816
:106FE00010401A6502220A4BC3F8D4240422054B30
:106FF0005A6405F012BD00BF5349002055490020D6
:10700000C0460020002002B8000002B8001002B8FC
:1070100000D00350014BD3F884007047003F00B00C
:10702000034A136A60F3D22313620020704700BF43
:1070300000C000B80B78022B10D0181F4342434108
:107040005B004A78022A0BD0111F4A424A41520083
:107050000F21044843EA8202FFF76EBC0123F0E7E8
:107060000122F5E7F966010870B58D8806460C46E1
:107070007DB90B688A689B1A144A2360D2F8C42031
:10708000002002F01F02A3EBC20323600523A371BB
:1070900070BD00F0E1F996F82720EB00042A0CBF40
:1070A000627C023A012A98BF033360B1B3F5803F96
:1070B00009D84FF22441420901FB03220009B2FB27
:1070C000F0F22368D7E70220E2E700BF003E00B0FD
:1070D000FF2818BFC3434FF0180108BF1023064A0A
:1070E00018BFDB00C2F8FC1318BF03F00803A2F5B9
:1070F0008052C2F8FC337047002002B82DE9F041FD
:107100008AB001AB0C46054624221846134903F009
:10711000FBFF0027002C08BF0446384604F10C068C
:1071200090B95FFA87F842462846218804F087FB29
:1071300050B942462846E18804F028F920B9424671
:107140003146284604F0FDF90137032F06F1080601
:1071500004F10204E4D10AB0BDE8F0812401020880
:1071600013B50B4C0229226005D10A4804F09FFA9E
:10717000002002B010BD0A4600930146064B0548A8
:1071800004F06EFB003818BF01204000F1E700BF9B
:10719000704B002058460020958F010837B505F048
:1071A00041FC0123002200240093002305461946D8
:1071B0001046019402F088FA0520FFF7BBFA064B4F
:1071C00021461C60054B02205B689847284605F065
:1071D00024FC204603B030BD084900209C4B002011
:1071E000F8B5174D0446EB6BDB0124D501F000FB2D
:1071F000A0FB0446E86B070A050C10F0FF0005D160
:1072000040F239422B21FEF701F80120EDB2AD0129
:10721000B5FBF0F0FBB210EB831005D140F23E421B
:107220002B21FDF7F3FF01200246002320463146C3
:10723000FBF7DAFBF8BDFFF74BFCA0FB0401F9E715
:1072400000C000B840B1836833B10649C26809681C
:1072500003F13043032A00D8704743F8041B043A73
:10726000F8E700BFB046002038B5054602F018FA2E
:1072700098B10B4B5C6C14F400340ED10220094B16
:10728000094A1B681B6DD0642246AB4214BF2846D6
:107290000020FFF719FB204638BD0224FBE700BFA2
:1072A000000002B8A0440020001002B8014B587939
:1072B000C00970476042002070B5064608461C466B
:1072C00004F025F90546D6F8F00001F0F3FA43681A
:1072D000054A002BA8BF4FF4FA721A44034B6019F9
:1072E00092FBF3F2104470BD0CFEFFFF18FCFFFF91
:1072F000034B5B6E9B045ABF024B1878012070470A
:1073000000C001B84E490020034B1868034B002809
:1073100008BF1846704700BFD44600200810020876
:1073200070B514460D4601F00B0323EA0201424AF0
:107330002340D164A2F58052D3646B07064610D572
:107340000121FEF78DFC60B100F0C6FE4FF4007322
:1073500014F0040F14BF394A394A13650422394B1B
:107360005A64E80606D514F0100F14BF00221B2241
:10737000354B5A6529060CD5220605D54FF4001267
:107380002E4BDA6402F050FC214696F82700FDF7F8
:10739000B7FDEB0503D5E00537D5FDF78DFDA90554
:1073A00003D5A20534D5FDF79BFD15F48C6F18D0DD
:1073B00014F4806231D096F825309B070CD5328EBC
:1073C000B6F83631934226D0B6F83831981A43428F
:1073D00043411E4A82F8F4303046D6F8F010FDF7EB
:1073E000F3FF28050FD500F077FE194A2105D2F8E2
:1073F000083F4CBF43F0006323F00063C2F8083F2E
:107400000422104B5A64002070BD03F06DFAC6E7E9
:1074100001F04EFEC9E70123DBE76905DCD596F8EC
:1074200025309B07D8D5094B114683F8F420094B2A
:1074300030461B689847CFE7006000B8005001B89D
:10744000006001B8002002B8004000B8003E00B063
:10745000003000B04446002090F82730023B022B59
:1074600005D84B7C2BB1012B05D0022B05D003F0A6
:10747000FEBF03487047034870470348704700BF8A
:1074800020A1070048E8010040420F0010B5032486
:1074900003F0DAFA114A124B1A65FEF7A1F9114B03
:1074A000C3F8104103F020FAFDF748FD4FF4607275
:1074B0000D4B5A614FF400721A65FEF757FF002119
:1074C000FFF706FE4022094B1C64A3F580535C6461
:1074D000074BC3F884215A6010BD00BF0048F0007C
:1074E000000002B8005001B8001002B800A0095016
:1074F00000E100E00B4B1B68D3F8F03023B11A68B1
:10750000022A01D9186A7047074B9A6E90B238B1B7
:10751000064BC2F307421B68DB085343B3FBF0F092
:10752000704700BFA0440020004001B890460020F2
:10753000F8B54FF03A440D461746064605F072FA84
:10754000012304226363084BE76026616561C3F889
:1075500014214FF00042054BC3F8802105F05DFA7D
:107560000DB102236363F8BD002000BA00E100E022
:107570000023024A194600F0AFBC00BF79BD0108E4
:107580004FF03A43D3F81421D2031ED54FF4803282
:107590000E49C1F81421A1F58051C1F818215A6D86
:1075A000D1B2C2F30722C3F8A410C3F8A420042266
:1075B000C3F8A4200022C3F8A420C3F8A420C3F871
:1075C000A420C3F8A420C3F8A4207047002000BA68
:1075D00010B505F027FA01210446002001F0ECFB6C
:1075E000044B1961044B5B6898472046BDE8104086
:1075F00005F013BA000002B89C4B00204FF0005277
:10760000014B1A60704700BF00E100E070B501F067
:10761000AFF800210220FEF7FBFF03F0CDFE044689
:107620000F4D104ED5F8F4331B070BD505F0FAF9C2
:10763000BDE8704002220C4BDA6001220B4B1A703D
:1076400005F0EBB903F0B8FE001BB04240F2162281
:107650004FF045018CBF00200120FDF7D7FDE1E789
:10766000000002B83F420F0000C001B84A490020A4
:1076700008B52220FBF76EFE4FF48022014BDA6042
:1076800008BD00BF00C001B80C4A20F040430146CD
:1076900010B5002014684FF00042E4FB0320084AB4
:1076A000890F126802FB0300064B9B6B984204D9BA
:1076B00001330131C01A01F0030110BDF048002070
:1076C0003C46002000C001B82DE9F04115460A43B0
:1076D000012A1C469DF818809DF81C70089E27D82A
:1076E000B84525D2082F23D8032B21D806B30A4644
:1076F000002101F097FEE300FF249C404146E44353
:10770000DFF830C0701E4FEAC50ECAB2974202D8E9
:107710000020BDE8F0810EEB01060CEB8606326915
:1077200010F8015F22409D40154335610131ECE7BF
:107730002120EEE7003F00B070B50446084615462C
:107740001E4602F007FF002C49D072073DD5206984
:10775000002845D04FF47A735843264BA0F6AC501E
:107760009B68C01AFDF72EF9A862A08B00283AD0BA
:107770004FF47A7358431F4BA0F6AC509B68C01A65
:10778000FDF720F9E8612A461A49E06801F072FA2B
:107790000021A069FEF7FAFD6863A06830B34FF4DA
:1077A0007A735843A0F5FA50FDF70CF96861206828
:1077B00040B14FF47A720F4B1B6803F51C53103322
:1077C00002FB0030FDF7FEF8A861B30707D520469D
:1077D00003F090F828636069FEF79AFCE86270BDD8
:1077E0004AF6C870BEE74AF6C870C9E747F230509B
:1077F000DAE700BF7046002070B588B06D46184CBF
:107800000FCC0FC594E80F0085E80F00FC22002183
:10781000144803F09FFC94220021134803F09AFCC3
:1078200020220021114803F095FC03F0C4FD104B09
:107830001B783BB16D460A4E0FCD0FC695E80F0081
:1078400084E80F000C220B490B4803F05DFC0B4B46
:107850000B4AD3F87831C3F38243D36708B070BDC5
:10786000E03F00B0703E00B06C3F00B0E04F00B0B1
:1078700047490020B0100208C83E00B0000002B81E
:10788000003F00B0012370B5074C2370074B1E6802
:10789000074B3240D3E9005319402840FDF704FF5D
:1078A0000023237070BD00BF3A4900209846002095
:1078B000604200207FB5204B04461B780E461546DB
:1078C00043B3D0F8EC3000229BB34FF0FF36029662
:1078D00002AEB3F9123000960392F8F731FFB8B94F
:1078E00002994B1C14D02046C1F3813103F0AAFE4B
:1078F00070B9BDF90C30029902460093C1F30D0135
:1079000003462046FBF786FD2946204603F007FE86
:1079100004B070BD02A903F055F932469DF8081075
:107920002046F8F769FF2A460146204600F0ECFFA2
:10793000EEE71846ECE700BF00000208074BDB68E3
:10794000C3F30363984208D1054AD2F8803023F08C
:10795000F00343EA0111C2F880107047000002B83A
:10796000003F00B010B55B0743EA02439DF80820D2
:1079700043EAC163520502F0BC621A43064942F46D
:10798000C872044602F0C6FF002220461146FDF7E9
:10799000F9FF002010BD00BF9007E12D064BD3F882
:1079A000080F064B9B6C1A0103D4054B9B6E1B04FE
:1079B00001D500F580707047003000B0000002B8BB
:1079C000004000B803282DE9F74F0C4691467DD8BA
:1079D0003F4B1E5C3F4B13F800A03F4B13F800B029
:1079E00005F020F88046FDF721FA074640B1002354
:1079F00000220193009301200023002101F064FE86
:107A0000FFF754FC48B100230022019300930020AB
:107A100000234FF4004101F057FE002E4ED02F4BB3
:107A2000DD6C05F0080506EB0A002D4B23305844A9
:107A3000DD64C0B2FBF78EFC5146304601F0E2F83F
:107A40005A4651463046FEF7CBFB264BDD649FB1CC
:107A50004FF0FF35244B1B68D3F8A01093F8270094
:107A6000FDF74EFA2149086802F0C0F80D60204980
:107A7000086800F049FB0D60B9F1000F04D01D4B00
:107A8000002103205B689847D4B14FF400521A4B91
:107A90001D6F03F50053C5F340351A67404604F0E7
:107AA000BCFF00F005F901280CD11DB14FF40052C4
:107AB000124B1A67002003B0BDE8F08F3546B2E7DD
:107AC0002546EBE7002CECD10520F4E72120F2E776
:107AD00044100208CA4A020828450208004000B8BB
:107AE000006000B8005000B8A0440020784B00208F
:107AF000A84B00209C4B002000C001B800D001B86A
:107B00002DE9F047FDF77CFC4FF47A752F4BB0FB65
:107B1000F5F518604FF4FA736B4307462C48190EBD
:107B20001B0218182B4A4FF0000341F10001FAF72D
:107B30005BFF294BA0F5807182460246196330B97C
:107B40004FF0010A4A222B21FDF760FB52464FF409
:107B50007A735A43290200235008FAF745FF1E4B57
:107B60001E4AB7F57A7F9A601D4B4FEA0A66196084
:107B70001C4BA9468846044618604FEA1A2A06D2CA
:107B800001259D222B210020FDF740FBA9464FF443
:107B90007A73A6FB030103FB0A116D0840194FF02D
:107BA000000341F100014A46FAF71EFF0E4B023472
:107BB00019600E4B48F10008A408186044EA887464
:107BC000054B013C9C63BDE8F08700BF9046002058
:107BD00020A1070040420F0000C001B802110100BF
:107BE0003C460020F0480020E0460020E848002005
:107BF000D0F8EC302DE9F04105460C4613B1038E68
:107C00008B424ED0D5F8E830002B4DD09E68002E28
:107C10004AD0D868002847D0013800B200281DDBC0
:107C2000002107E0128A0CF10101A24219D209B227
:107C3000884213DB0B1803EBD3735B1003EBC30217
:107C400006EB8202B2F80EE01FFA83FCA6450CF1A7
:107C5000FF3EE7D90FFA8EF08842EBDA2120BDE82B
:107C6000F0814FF6FF729445F8D09BB203EBC3034B
:107C700006EB83062846B6F9122095F83C11D5F894
:107C8000FC80F8F7B9FD0746B8F1000F04D00023D7
:107C9000324628461946C0472C86C5F8EC6085F860
:107CA00045710020BDE8F0810E20BDE8F08100BFE5
:107CB0000F4BDB68C3F30363013B0B2B0FD8DFE8EB
:107CC00003F006060C06060606080A080808022045
:107CD0007047042070470520704703207047054B0C
:107CE0005B6913F0060F14BF04200120704700BF2A
:107CF000000002B800C001B8F8B50D4690F83C117C
:107D000004460D29174603D12E4B1B78002B51D06A
:107D10002A462046A4F84850F8F76EFDD4F8EC3017
:107D200084F82A00002B41D0274A1678D4F8FC208A
:107D30004EB1002A40D1B4F94800B3F9121088427C
:107D400006DC002607E0BABB94F84521824202D245
:107D50000126B3F9125000222946204684F82D70DE
:107D6000FFF7A8FD08BB76B1C4F8EC00204603F08D
:107D7000FFFF4FF6FF739842014615D02046BDE83D
:107D8000F84002F057BC114B1B7813F0FD0F0BD1DC
:107D90002046FEF799FF0E4901230E4AD1F8FC1048
:107DA00004F58270FFF7C8FC0020F8BDFF2384F8BB
:107DB0002B30F9E70220F8E7B4F94410B3F91220A8
:107DC0009142BDE70000020850490020AC4B002062
:107DD000004F00B0A43F00B0054B1B680BB918461C
:107DE0007047834201D01B69F8E70120704700BF4C
:107DF000F448002037B50C4605460B4B1A680B4B70
:107E000019680B4B1868FDF717FA94F828302846C4
:107E1000009394F82B3094F8292094F82A10FFF757
:107E2000A1FD002003B030BD50460020A846002030
:107E30008446002010B5054C237823B1FEF798FC4A
:107E40000020207010BD0E20FCE700BF414900203B
:107E500038B5054604F0E6FD0E4B04461868FEF7FB
:107E6000EDFE35B1FFF746F82046BDE8384004F096
:107E7000D4BD094B1B78002BF6D0084B1D78002D84
:107E8000F2D1FFF737F82A464FF480400021FFF780
:107E9000F9FCE9E7A04400203B4900203A490020D2
:107EA000D0F8B03010B5994204460ED0C0F8B010EA
:107EB000FEF70AFF0649A4F840010123054AD1F85C
:107EC000FC1004F58270FFF737FC002010BD00BFE6
:107ED000004F00B0A43F00B02DE9FF4102290C463D
:107EE00015469846039005D1FFF758F9002004B0D5
:107EF000BDE8F08104F096FD1E4E0746336853B18D
:107F0000AB4208D00024384604F087FD002CEDD1A8
:107F100021203460EBE7184B0022C3F80080356065
:107F2000002301254FF000081046194601950095E1
:107F300001F0CAFB114B052083F80080FEF7FAFB25
:107F400022464346052003A9FDF742FD0C4B039A48
:107F500004461A600028D5D0DFF82880D8F8003011
:107F600098472128CFD12946D8F8043002209847D5
:107F7000C9E700BF08490020A04600204E49002064
:107F80000C4900209C4B00204FF00052034BC3F8DB
:107F90008020BFF34F8FBFF36F8F704700E100E089
:107FA00010B5044618B9054B054A136010BD01F021
:107FB0002BFED4F8F430002BF6D1F4E76FBD0108A6
:107FC0006C4B0020024B0020C3F88410704700BFA8
:107FD000003F00B0FF28F8B56AD0FF2964D00F2811
:107FE00064D8002962D10026344C354D84F88000D5
:107FF00084F88160686940F25F124B2100F0010053
:10800000FDF704F911231022AB662E4B6E66C3F800
:1080100088219A6001213B20F7F76CFB94F88110CE
:10802000294A94F880300A432849063341F823202E
:10803000274B3E201D68F9F72FFF6F08ED0702461A
:10804000334628463946FAF7CFFC090241EA106167
:10805000C0F3C05040EA41001E4B2067186B10F57A
:10806000807005D14FF4D7722B21FDF7CFF8022095
:108070000246002300200121FAF7B6FC60673E208B
:10808000F9F70AFF40F649435843000DFF2828BF7F
:10809000FF20022838BF0220002184F8840001203C
:1080A000FEF7B6FA0020F8BD0F289CD92120FAE788
:1080B000FF294FF0070094D195E700BF003E00B0C4
:1080C00000800A5000E100E0020D0C000080035027
:1080D0009046002000C001B8F8B5084C084D636C0C
:1080E0000423084F6B64636C5B0300D4F8BD042663
:1080F00002207E6403F0D3FB6E64F4E7000002B854
:10810000001002B8002002B8431C06D06FF07E4277
:10811000024BDA63A3F58053D863704700E000B8E0
:10812000044BD3F8083F13F0806F14BF23200020C6
:10813000704700BF003000B0F0B504468FB002F0C9
:1081400027FAD4F8A8300546012B00D010B12846F4
:108150000FB0F0BD6C49204603F01BFDD4F8EC6075
:108160000146258EC4F8F0003EB133682BB15B6840
:108170001BB11A68032A00F2A28004F053FCD4F861
:10818000F030002B63D01A68032A60D99F6A7F0EF3
:1081900004F043FCD4F8F010B3898DF80E70B06889
:1081A0007268EB1A9BB200FB03225848ADF80C3002
:1081B00003680292994202D02046FDF705F9544D1A
:1081C000544EFFF775FD0128FBD12B6CDB07F8D46B
:1081D000736CDF01F5D4D4F8F01020460D919DF8B2
:1081E0000E20029908AB02F013F8002841D1FFF7E6
:1081F0005FFD0128FBD1474A4549536CD801FCD4A7
:108200000B6CDB07F9D408A901A8FDF791FF05461F
:1082100078BB228E404B5A6494F8243060F34103BB
:1082200084F82430FEF7A2F80246D4F8EC104B692B
:108230001E685868531EDBB2FD2B049605901CD8AF
:10824000012A36D0204604A9FEF7BCFB7FE7324B5B
:10825000DB6BC3F3C20213F0380F03F0070718BF3C
:10826000574313F4E07FC3F3821291D002FB07F768
:108270008EE7022528460FB0F0BDF71C15D9FF2A5E
:1082800037D001367FF463AFD4F8EC10234B4A6843
:108290009A4217D8D4F85C319B051AD494F824304C
:1082A00043F0020384F8243051E7FF2A17D000225C
:1082B000C8E7C61CC6D901307FF449AFE6E79F6A1C
:1082C0007F0E69E7204601F003F800283FF43FAF36
:1082D000E0E720464FF4803103F071F937E7C71C1F
:1082E000B0D90130E3D12A46204604A9FEF76AFB43
:1082F000CAE7C31C05D80122204604A9FEF762FB89
:10830000BFE70130BDD1C1E7FC4F00B0F848002005
:1083100000C002B8000002B8008001B800CA9A3B51
:1083200090F92430002B0CDA4FF08053064A29B123
:108330009360A2F58052D36000207047D3609360B1
:10834000FAE70E20704700BF006001B810B5044680
:10835000A242A2EB0000A3EB010104D2034B0139BE
:108360009B6B0133184401F0030110BD00C001B83C
:10837000431E033306D8044B984228BF184664288E
:1083800038BF6420704700BF40420F0010B5FF2285
:108390004FF6FF71044603F052FA68B9FF224FF618
:1083A000FF71204602F0F2FF30B92046BDE81040D0
:1083B000FF22024903F0C5B810BD00BFC01002087B
:1083C000034B10300001185800F00100704700BF47
:1083D00000C001B810B50C4600F058FAC4B1A3783B
:1083E000082B17D8E278082A14D843EA021313F0AE
:1083F000FF030CBF19466168074AD160217882F8F3
:108400006010617882F8633082F8611000F098FFA4
:10841000002010BD2120FCE7003F00B00A78022AAE
:1084200011D0101F4242424152004B781201022BE0
:108430000BD0191F4B424B415B000549054842EAEE
:108440008312FEF779BA0122EFE70123F5E700BFB7
:10845000F0FFFF00E54F010838B5164C05462078BF
:108460004FF42072B0FA80F03E214009FCF7CEFEB6
:1084700055B14FF44062104BD3F80831C3F3812358
:1084800023700E4BC3F8082160784FF42072B0FAC5
:1084900080F03E214009FCF7B9FE55B14FF440622F
:1084A000054BD3F80C31C3F381236370034BC3F83E
:1084B0000C2138BD62490020004000B8006000B8BF
:1084C00038B504F0AFFA4FF08043244C0546C4F8A9
:1084D0008030BFF34F8FBFF36F8F4FF00043C4F86E
:1084E0008030BFF34F8FBFF36F8F0123C4F8843008
:1084F000BFF34F8FBFF36F8F0223C4F88430BFF3F5
:108500004F8FBFF36F8F0423C4F88430BFF34F8FB6
:10851000BFF36F8FFFF738FD0823C4F88430BFF333
:108520004F8FBFF36F8F1023C4F88430BFF34F8F8A
:10853000BFF36F8F2023C4F88430BFF34F8FBFF396
:108540006F8F8023C4F88430BFF34F8FBFF36F8FDA
:108550002846BDE8384004F060BA00BF00E100E002
:1085600037B5044602F070FA01213A20F7F7C2F855
:10857000354D364B00201C702B78002B0CBF00248F
:1085800004F00104FEF708FD2B78013B012B08D80D
:10859000EB7B01A88DF804302B7C8DF80530F4F7C7
:1085A000CBF900222A4BC3F8D424002C44D06A68AB
:1085B000002A37D0274B1B6803EB5203B3FBF2F3BF
:1085C000013B1B0243F0F8032A78022A2CD0032A2D
:1085D0002ED0012A33D1072243F002034FF6FF7059
:1085E0001D49C1F88400A1F58051C1F88430184BB1
:1085F000C3F8D42493070BD5EB7B01A88DF8043086
:108600002B7C8DF80530F4F787F90120FEF7C4FCC8
:108610004FF08043ACB1114A13650020FCF74CFDCC
:1086200003B030BDF823CFE7062243F00103D5E7BE
:10863000042243F00503D1E72246F823CEE70022C7
:10864000CCE7074AE8E700BFC046002055490020B4
:1086500000C0035090460020006000B8001002B82F
:10866000002002B8082310B1024A53647047024A3E
:10867000FBE700BF001002B8002002B838B504F0D4
:10868000DAF9084B084A1D6A92F885405A6EE4B23E
:10869000520744BF1D6A013404F0C8F9284604F0AB
:1086A000030138BD00C001B8003E00B008B5064B5C
:1086B0001B68013305D0FEF739F980F00100C0B224
:1086C00008BD0020FCE700BF704B00202DE9F04101
:1086D0009DF818800D46B8F1000F08BF0022214E0A
:1086E000B5F5803FB168074621F4700141F4A0015F
:1086F000B1609DF820409DF81C104FEA042444EA24
:10870000016444EA031444EA084444EA02044FF0D2
:1087100018014FF436722CBF002001207465FCF75D
:1087200075FD3564B8F1000F1AD00F4BBC68D3F853
:10873000B8306F2C38BF6F245B0606D5FEF7C8F93A
:1087400018B10A4BB3FBF0F31C442046FEF79CFF24
:108750000130854238BF0022024B34BF5A6458644E
:10876000BDE8F08100C001B800C000B800093D00BC
:10877000F8B5062003F02DF8044602F01DFE42F283
:108780001073041B9C42054618D94FF080624F2499
:108790000B4B5A6441F26F770A4E0BE002F00CFE6D
:1087A000401BB8424FF4837221468CBF0020012049
:1087B000FCF72CFD736C5B01F0D5F8BD1A24E9E7DA
:1087C000002002B8000002B8084BDA68C2F3036266
:1087D000931E012B8CBF00230123037040F622035C
:1087E000D34003F001030B70704700BF000002B8D4
:1087F0000B4A10B5136F0B4C116F03F00703E35CCA
:10880000C1F3CD0101FB0333126F0748C2F34542A8
:1088100002FB033300688001B0FBF3F010BD00BF22
:10882000004001B848100208904600202DE9F041B0
:1088300007468846FFF7D0FA04F0FDF83D68064683
:1088400002F0DDFE7B7D7BB185420DD0094B2C1AF9
:108850009C4209D8304604F0E9F8B8F1010F08BF8E
:1088600025462846BDE8F081304604F0DFF80025B3
:10887000F7E700BFFCFFFFBF08B5FEF7C7FE012208
:10888000014B00201A7008BD4149002008B558224C
:108890000021064802F05EFC1022FF21044802F08D
:1088A00059FC00F04DFD002008BD00BF0C3F00B09A
:1088B000503F00B040B10368012B05D90069034B5C
:1088C000002808BF18467047004870473410020857
:1088D0000246012030B50B4CA0F12003C0F1200569
:1088E00024FA05F504FA03F32B4304FA00F5954244
:1088F0008B4100D330BD0F2801D00130ECE7FF20C1
:10890000F8E700BF40420F0070B5054690F83C0103
:108910000C460D2822D0FF2901D1212070BD1AB1AB
:108920004FF0FF320F4B1A6003F086FA064695F8B7
:108930003C01FCF7C7FA844228BF0446E4B2B442C3
:1089400038BF3446E0B285F82B00FCF757F8064AEA
:108950000346107820B9FF2BE0D1DEE70220DDE7E7
:108960000020DBE7A44B00200000020870B5A8B18E
:10897000002971D0002213463849394C51F8045B64
:1089800085420CD1374A116CC907FCD49B0003F512
:10899000804340331360344B01221A6470BD0132AE
:1089A0000C2A59D034F81230E8E7C2F3016334F8E6
:1089B000131012F47E0F93B243EA014321D0043026
:1089C000C2F30742022A016808D946688568033A5B
:1089D000C3E900169D600C300C33F3E70CD14268FC
:1089E0000830C3E900120268531CDED100221D4B7F
:1089F0001A6003F58053CFE7012AF4D104301960DF
:108A0000F1E7120F00F108054068072A09D8DFE8EE
:108A100002F007040A0E1114191EC04303F5005397
:108A200018602846DFE71A6842401A60F9E703F544
:108A30008053F5E702F033FFF3E7012203F580539B
:108A40008240F2E7012203F500538240EDE71A6805
:108A500030EA0202FBD1E4E7044CC4E70046002000
:108A60001E49002000C002B800D002B8C049020868
:108A7000A82238B51C4B5D6C03F500535A641022D4
:108A80009A60A3F5804302F100521A675A6600F01B
:108A9000E5FF164B1B7813B90320FDF74BFE0024AE
:108AA000134B9C67FFF718FB124A134BD2F8081FB1
:108AB0000B40C2F8083F0422104B5A64104BAA0620
:108AC000C3F8E04009D503F58073D3F89030B3F5CF
:108AD000817F22BF8022044B1A61FDF771F80022CA
:108AE000084B1A7038BD00BF000002B85E49002074
:108AF00000C001B8003000B0DF0000FF002002B865
:108B0000003E00B03F4900202DE9F74F81460E4658
:108B10004FF0FF34FFF7B2FD002501908A46A046D2
:108B20002846DFF8D0B005F110031B015BF8037095
:108B300007F00307012F15D12846FDF7E1FC024697
:108B40000B4601985146FFF701FCDBF8643005F154
:108B50000802D340DB0736D5002E3DD00024A046C6
:108B6000356038460135082DDDD148B30022114665
:108B7000204DAF68AB6B0133E8FB034107F4403392
:108B8000B3F5003F30D16B6B07F44057013342F12E
:108B90000006B7F5805F22D12D6B15F5807505FBBA
:108BA00006F642F1000203FB0266A5FB03323244E3
:108BB000594304FB0212A3FB04342244C9E90032E6
:108BC00003B0BDE8F08FA04271EB0803C9D206B133
:108BD000356004468846C4E73446B046C1E73202F1
:108BE00042EA13621B02E3E72B6B13F5807342F139
:108BF0000002DDE700C001B8014B1868704700BFF4
:108C00000C49002038B5044671B940B1154BDB68FA
:108C100013F0606F04D04FF4C062134B9A6538BDF7
:108C2000124B1B6CD907F6D400F0FEFF0D4D00204F
:108C3000FCF778F9032801D0092805D1AB6ADA07D7
:108C4000F5D4AB6CDB03F2D4FFF746FA0122084BF4
:108C50005A6102229A62042203F580535A64002C5E
:108C6000DDD0D8E7000002B8006001B800C002B84B
:108C7000001002B81B4B2DE9F0410D4616461C684A
:108C800058B34FF47A7343438A68A3F6AC539B1AE4
:108C90004A689B1A144AD8171168144FA1FB033273
:108CA00001FB002213F1807342F100025B0E43EAE4
:108CB000C213803B33620E4BD3F8C43073623B68FF
:108CC00073B1204602F0EAFC50B1324629463B68B7
:108CD000D4F8E400BDE8F04118474AF6C873D9E774
:108CE000BDE8F081A0440020B446002034460020B6
:108CF000003F00B002220E4B10B41A640D4AA3F5D7
:108D0000005314685B687CB1DBB2042B07D10022EE
:108D10000121094B186823465DF8044B1847052BC1
:108D200002D100221146F4E75DF8044B704700BF02
:108D300000A0095044460020A044002070B50D4614
:108D4000064620B91A4B1B68EBB10E201AE0FEF75D
:108D5000AFFF012827D1174BD6F8F00093F9004058
:108D600002F001FB0022C4F11C04241A641BC4F1AC
:108D70002B03002BB8BF5B42232B16DC3AB10D4B03
:108D80001D70002070BD0122C1F11C04EFE786F8C0
:108D9000285003F047FE054660B2FEF741F9284629
:108DA00003F03BFEEDE70220ECE72120EAE700BFFD
:108DB000A0440020454900208023074A536408232B
:108DC00040B15364054AD2F8D83E23F02003C2F8DC
:108DD000D83E7047024AF4E7001002B8003000B0F5
:108DE000002002B810F1800F04D04D28CEBF7F20A4
:108DF000323040B2FF22034BC0B25A62A3F5805317
:108E00005862704700E000B82DE9F8430546012498
:108E1000036803F00703063304FA03F0AB68EC6859
:108E2000461EA34278D06C6803EA060707EB040CE1
:108E3000C41B13440643A24206EA0306634637D91D
:108E4000101A3A189CB3631E062B40F2978041EA31
:108E50000C039F0740F092804B1CACEB0303022BEA
:108E600040F28C800B4624F003084FEA940901EB92
:108E70000807ACEB010E186843F80E0004339F425C
:108E8000F9D144450CEB0800A4EB080354D097F843
:108E900000E0012B0CF829E04ED00C44214697F855
:108EA00001C0022B80F801C01CBFBB7883706B68C7
:108EB0004AB3501E062801F1010040D91C1A022CA9
:108EC0003DD941EA0304A40739D122F00307A1F1F7
:108ED000040C4FEA920ED8195CF8044F43F8044B87
:108EE0008342F9D1BA42A2EB070001EB07040AD092
:108EF00011F82E2001281A7005D0627802285A70C5
:108F000001D0A2789A7003F08DFD0223AE60AB62AF
:108F1000BDE8F84303F081BD042A1BD90B78043A5D
:108F2000AB614B780431AB6111F8023CAB6111F8D5
:108F3000013CAB61AB6876E70C442146B7E71144CE
:108F4000013B00E0013010F8012C884203F8012FAA
:108F5000F8D1D8E7013A032A0ED8DFE802F00B086F
:108F6000050211F8013BAB6111F8013BAB6111F84F
:108F7000013BAB610B78AB61BDE8F8830C44ACEB13
:108F8000010E01EB0E0311F8010B8C421870F8D1A1
:108F900021468CE71046044A1368591E033102D853
:108FA0000021116018477047704B002010B4D0E9C1
:108FB000564122400B4052EA030104D003495DF8B8
:108FC000044B096808475DF8044B7047984B002034
:108FD000F7B52B4F3D6EFDF7D1F904462846FCF757
:108FE000BDFC7B6C06460BB100283AD01027202030
:108FF000FAF7B0F9234B9F606CB1002200200821E2
:10900000FCF752FB8022204B5F66A3F580531F675D
:1090100003F540531A61FAF7A9F910221B4BC3F864
:10902000842101231A4A8DF80730D36813F0706F3A
:10903000FBD09DF807306BB91CB116B10122154B5E
:109040001A700F4B144A1D665A6741F201429A6723
:1090500003B0F0BD0DF107010DF10600FFF7B4FB01
:10906000E7E7002CEDD00D4B074A5366A2F580527E
:1090700013672846FCF772FC0028E2D03D6EF8E743
:1090800000C001B8001002B800E001B800E100E043
:10909000000002B85F490020011B011810000020E9
:1090A000024B586900F00100704700BF00C001B8D2
:1090B0004022014B1A657047002002B810B590F8A5
:1090C0002700FF2814D02E4BD3F8BC2012F0060F37
:1090D00001D001280DD94FF470622A4BDA604FF4A9
:1090E0008072A3F58053DA600022254BC3F8B820C4
:1090F00010BD12F004043CD00B7813F0200300D014
:109100008B78920718D50B7803F00F03072B32D119
:109110004B78022B2FD98B7813F03E0F2BD0CA78C7
:1091200012F0040F27D012F0010F14BF0A230423FA
:10913000920748BF0633CB5CEBB1002C14BF022171
:109140000121012840F6FF7003F01F0208BF520002
:10915000013A40EA02320C4802654FF47060094A55
:109160000902D060A2F58052D160054AC2F8B83039
:10917000BEE72346C5E70023034A01211365ECE758
:10918000003E00B0006000B8004000B82DE9F0419A
:10919000374F0646FB6803F07063B3F1007F65D17B
:1091A00002F00AF90546DFF8E080BC6A14F4802476
:1091B0004AD103F037FCFB68054603F07063B3F156
:1091C000007F3BD1304602F069FA28B1294B93F871
:1091D000F4200AB183F8F5400022274B83F89C2045
:1091E000234B5B6C98053DD5224BD3F8DC30598876
:1091F0009A68C90748BF1821D66848BF927806F414
:10920000000044BF01FB023303F10C021B4B06F0CC
:1092100008069B6993608022194BDA6038B14FF4DD
:10922000003203F5A043CF20DA61FAF793F8CEB10C
:109230004FF40072134B5A6402229A60284603F0DE
:10924000ECFB2046BDE8F08102F0B6F8401B40453B
:109250004FF064024FF047018CBF00200120FBF764
:10926000D5FFA2E78022024B1A61E7E70224E8E774
:10927000000002B8003E00B0003F00B000C000B8DF
:1092800000C001B8002002B83F420F0010B501F045
:109290003FF9FBF753FE03F0C5FB0A4A0121D2F860
:1092A000D83E044623F02003C2F8D83E0222064BE3
:1092B00008469A60054B5B689847204603F0ADFB73
:1092C000002010BD003000B0001002B89C4B002000
:1092D000184AF0B5D2F84832D0F8E840D2F84C023B
:1092E0005A1C08BF0023411C10D0002B08BF0346A6
:1092F00000214FF0240C104A104FC2F87832C2F807
:109300007C32E5688D4203D10020F0BD1846EFE7BE
:10931000A2680CFB01225668BE4209D952693AB1D3
:1093200016680136566808BF1360013608BF5060E2
:109330000131E7E70080E00F004001B800CA9A3B26
:10934000174BD3F8D82E12F0010312D0154B93F817
:109350006430154A43F08073C2F8D0304FF4801364
:1093600002F50052C2F8B430A2F58052C2F8B8300B
:1093700070471106EDD40B4B93F8631021B1D20660
:1093800002D593F86030E4E74FF480120020074BD9
:109390000549C3F8B820C1F8D000C3F8B42070471D
:1093A000003000B0003F00B0004000B8006000B8DE
:1093B00010B504234FF03A4101240A4AD1F81801AC
:1093C000C2F81831C2F814314C634FF400511163E4
:1093D000410742BFC2F81431A2F58052C2F81831D9
:1093E00010BD00BF002000BAF8B507460D46144670
:1093F0008BB102F0FEFA29463846BE8AFFF75EFEC0
:10940000B44228BF3446A4B2224629460448FFF796
:10941000FBFC2046F8BD01F0D6FF0646F0E700BF92
:109420000C0000BA012A10B512D8032B10D803EB98
:1094300082020123074C934094F86200DBB221B111
:109440000343002084F8623010BD20EA0303F8E7EC
:109450002120F9E7003F00B02DE9F84FDDF8289012
:10946000984604460D469246FEF7B6FCDDF830B04D
:1094700003F0E1FA074602F0C2F806462046FEF77E
:10948000ABFC637D23B12046FBF772FE0023A3757E
:10949000BAF1010F21D175B9B8F1000F1FD1B9F19F
:1094A000000F03D05A4631462046C847384603F0DD
:1094B000BDFA002017E035440C4BAA1B9A420ED887
:1094C000012363759DF82C30304684E82003237512
:1094D000C4F80CB0FCF72CF8E8E7AE42ECD1384603
:1094E00003F0A4FA2120BDE8F88F00BFFCFFFFBF06
:1094F0002DE9F0470B460646154611B92120BDE877
:10950000F087002AFAD0032905D80022FBF7A8F932
:1095100003460028F2D01C889A78B4F5804F02F0F8
:10952000070180F0A580A1F1070C1879DF88DCF134
:10953000000343EB0C0305292B7394BF0023C2F3F4
:109540000013C2F3801C6B73930985F810C003F0FD
:109550000203C2F3C00C43EA0C03C2F34012AA7424
:109560006B74E874D6F8A030AF82DA066BD4063993
:10957000012968D80020B6F81280F76908F1FF3891
:109580003C4B0A3C04EA08045B6D3B5DA860802B01
:109590001CBF323BDBB2AB7396F827300134FF2B94
:1095A00004EA08042ED1631D03EA080317F80390A8
:1095B000013303EA0803304617F803A002F03EFA2D
:1095C00080B142F2107349EA0A2929F001094FEAF1
:1095D00009494FEA194903FB09F96423B0FBF3F089
:1095E000B9FBF0F0A860385DD6F8F830400100F41F
:1095F0007E60FF2896BFC0430020C0B213B195F92A
:109600000E109847631CE87303EA0803F95C013302
:1096100003EA0803FA5C013303EA080341EA022182
:10962000FA5C013303EA0803F85C41EA02410023D3
:1096300041EA00616A7C3046FDF73EFE0623286061
:109640000020AB715BE70023EB730B4BDB691A0A5D
:109650001B0406D4D3B2323BDBB2AB7300232B60C6
:10966000EEE762F0FF0352B28032F4D18023F4E7D8
:10967000022044E7004000B800C000B84FF60401E3
:109680004FF60502044B01201B6C9BB28B4208BFB6
:109690001346024A136670470080E00F00C001B80D
:1096A000084BDA6802F03062B2F1407F08D19A6C60
:1096B000D20605D4D86CC0F3C00080F0010070471A
:1096C00000207047000002B82DE9F047DDF820A027
:1096D00003EA0108099B06460D4602EA000703EA71
:1096E0000A09BAF1000F40F04F81031F0B4300F04D
:1096F0000F81052871F1000380F0E58050EA010335
:1097000000F07581431E0B4300F02581FEF7D8FE63
:10971000B84AD2E9004323EA050324EA06043C439D
:1097200043EA0807B44BC2E900471E6826EA0A0666
:1097300046EA09061E60FCF725F814F02A4F0CBF14
:109740004FF4004348F20203AC4AB007D26EAC4873
:1097500048BF43F4005383EA020122EA0302C266CF
:10976000A84A0B408166D366C4F3804212032103EA
:1097700048BF42F48072E30648BF42F40052A24B55
:10978000A50648BF42F40072600648BF42F48062FA
:109790002106D96848BF42F4006282EA010323F03F
:1097A00080539A4819401A40C1608360984B17F45F
:1097B000007FDA60974B07F4007200F00481012209
:1097C0004FF4802583F8A020E30448BF45F480359A
:1097D000A00348BF45F48015A10748BF45F4001514
:1097E00014F4001FDFF8688206D0D8F8000001F0FA
:1097F0003CFE08B945F40025E20248BF45F40035B7
:10980000FB06854B48BF45F480051A6A834985EA03
:10981000020323F001031A400A621D40CB61804B12
:1098200016F0010F1D627F4B7F4A08BF1A467F4B1F
:109830007D071B6F48BF42F000627D4882EA03014A
:1098400023EA020303677B4B0A4041661A677A4AA0
:1098500004F00103D16CA0F5803081EA030221EA13
:109860000301C16482641A40744B2002DA64D8F8A0
:10987000002048BF724B92F8022158BF714B61071C
:1098800048BF43F4806322B114F4C06F18BF43F49F
:10989000807332074FF03A42BDE8F047D2F8181112
:1098A00048BF43F0004383EA010222F4A022664845
:1098B0001140C0F818111340C0F81421634AC2F8CF
:1098C0001831FBF7D1BEA0F580630B4306D020F41E
:1098D0008063A3F500730B437FF418AF03F0A2F885
:1098E0004449D1E9003223EA060322EA050242EAAA
:1098F00008023B43C1E90032554A126892F802114E
:10990000514A09B313F4C06F1ED04FF4807311E0B5
:1099100003F088F8374AD2E9003123F004033B43CF
:1099200041EA080157EA0807C2E900314FF48063B1
:10993000454A0BD0C2F81431A2F58052C2F8183152
:10994000BDE8F04703F069B84FF48073C2F81831EE
:10995000C2F81431F4E703F065F8264AD2E9003181
:1099600023F001033B4341EA0801C2E9003101232E
:10997000384A57EA08071BBF9364A2F58052D364A4
:10998000D36408BF9364DBE750EA01037FF4BEAE03
:10999000BAF1010F7FF4BAAE03F044F8164A136827
:1099A00023F0010343EA090313604FF40053204AF4
:1099B000B9F1000F04D05366A2F580521367BFE7D8
:1099C00013675366BCE793F8A01071B183F8A02029
:1099D000214BD3F8A41003F50053C3F8A410C3F827
:1099E000A0104FF05023C3F8A4200025ECE6BDE8FA
:1099F000F08700BF6042002098460020004000B879
:109A0000006000B8005000B8004001B8006001B824
:109A1000005001B8003F00B0000002B8002002B8BA
:109A2000001002B8041800030438000300C001B895
:109A300000E001B800D001B800C000B800D000B804
:109A40000D0A0A09090A0A09002000BA001000BA22
:109A5000A044002000E000B8004000500A4B1978F4
:109A600001F0FF0229B10021197008499202C1F8E2
:109A70000821597801F0FF0229B1002159709302A1
:109A8000024AC2F80C31704762490020005000B809
:109A900018B10A4B1A680AB9104670471A68824210
:109AA00007D1026901201A60054A1368013B13605F
:109AB000704702F110031269EDE700BFF44800207F
:109AC0004C46002008B5FFF7EBFD88B1094BDA6979
:109AD00012030DD5586C10F4003009D1DB6C13F073
:109AE000100F4FF010030CBF034A044AD36408BDA3
:109AF0000220FCE7000002B8001002B8002002B803
:109B000038B5054C054B4178007825682360FEF791
:109B100061FA00B1256038BD8C4600202C45020852
:109B200000220B4B40F010001A700F22094BC3F8B3
:109B3000B820A3F58053C3F8B800A3F580535B6A3F
:109B4000DBB2802B02D00846FFF74CB9704700BF4C
:109B50005F49002000E000B8F8B50B46002213F87A
:109B6000044B944225D91D68854224D106245A7994
:109B70001D79124B88181E6804FB0503104F33F83B
:109B8000063C7B43B3420ED900238A5A7A4396425D
:109B900002D804FB0300F8BD9D42FAD9013304FB4F
:109BA00003F2825AF2E740F251423D210020FBF7D6
:109BB0002DFB0020EFE708330132D2E7AC4600204E
:109BC00040420F00074A084B30B10221C2F864122C
:109BD0000422C3F8642270470421C2F864120222EE
:109BE000F7E700BF006001B8005001B8431C07D080
:109BF0006FF0FF02034B10405A62A3F58053586286
:109C0000704700BF00E000B838B10368044A002B79
:109C100008BF1346034A13607047014BFAE700BFC1
:109C2000EDBD0108984B002010B502F0FBFE0E4B75
:109C30000446D3F8083F9B0708D50C4AD368C3F302
:109C40000363023B012B9CBF0123136103200E2100
:109C5000FDF774FE40F20122054B2046BDE810409E
:109C6000DA6202F0DABE00BF003000B0000002B8D5
:109C7000004000B82DE9F04782B004460E469046F9
:109C8000FBF76AFA002877D15D4D2F68D4F8E8A079
:109C9000D4F8EC901FB1574500F090800027AE60DB
:109CA000FEF706F80128064604D0012100220846E6
:109CB00001F0A8FC204601F0F1FC002860D12B68DF
:109CC000DAF80010D9F800201BB11868884200F0BB
:109CD0008180204602F07CF8B7B1B8F1000F13D1B3
:109CE0002046FEF729FA0546D4F89830002B3CD1DF
:109CF000012E05D025B1434B002103205B68984716
:109D0000284602B0BDE8F0873F4BC5F800A01A789E
:109D1000C5F804908DF80780002A40D1D4F8FC5093
:109D2000002D5FD0114620460DF10703A8472046BD
:109D3000FEF702FA054617B1B8F1000FD4D0B5FA14
:109D400085F040F2054233214009FBF75FFA4146B6
:109D50002046FCF739FB2D4B49461B68054620463B
:109D60009847D4F89830002BC2D000224FF40073EB
:109D70002046FFF71BF9BBE70023214D6B6084E70A
:109D800094F825309A079AD5D4F8A0305B0596D57B
:109D90001F4B0122002120461B6898478FE7D4F80B
:109DA000EC30B4F9481023B1B3F912309942A8BF8E
:109DB000194642462046FDF77DFDB8E76F68002F43
:109DC0003FF46DAF4F457FF469AFAB68B34215D038
:109DD000012764E7696819B1096891423FF47CAFD3
:109DE000596876E794F82A1094F84531424699422A
:109DF00028BF19462046FEF787FD98E700257FE734
:109E0000884B00209C4B0020000002086C4B002077
:109E10004446002001232DE9F74F924F044697F85E
:109E200081208A469340904A0E46936697F8802098
:109E30008E4B0546C3F8D8204FF400328C4B4FF0C0
:109E4000000B1A610223DFF83482C8F80C30894B0A
:109E50009B6903F1FF39A3EB0903002B40F3E98071
:109E60000BF1010BBBF1020F6ED9EC220D2100208A
:109E7000FBF7CCF94FF080537F4A804F53664FF485
:109E80000031784BC7F86C51C3E91E950025C7F81F
:109E90006461A3F886601161744AC2F8D85093F8DF
:109EA000812001239340704A936602F0BBFD29464E
:109EB0004FF4807E3E6AD7F864C001F110031B01A5
:109EC000FB5803F00303012B10D10EFA01F313EA40
:109ED0000C0F0BD107EB0112B442D2F80C2100F2A7
:109EE000BB80944202D2964280F0B98001310829A9
:109EF000E3D1634C2268012A08D862490B78142BFD
:109F000002BF0023604E337001330B70BDB1554961
:109F1000012AB1F8823043EA0503A1F88230544B9C
:109F20005D660CD858490B780133DBB2022B0B70FD
:109F300005D1002301322260524A0B70137003B026
:109F4000BDE8F04F02F069BD012397F88120494D2B
:109F50009340454A936602F065FD4FF08052464BB0
:109F600001905A66AB6903F10109C5F86C90D8F805
:109F70003010D8F80830DD036BD5BA6F3B6FA9EB12
:109F80000202A2FB0326D7F874C001F58071A2FB80
:109F90000C530025E6FB0C35A1FB03EC01FB05CCC3
:109FA000B2EB0E0266EB0C06120A42EA066252445B
:109FB000B2EB112F4FEA112603D3013345F100050F
:109FC000921B043E964228BF1646C8F8186097F8C0
:109FD0008520D8F82010E318D2B245F100058C4254
:109FE000D8F8381084BF02F1FF32D2B2481C0ED02C
:109FF0004FF0000E01F1010C99427EEB050008D2F2
:10A000000132B3EB0C03D2B265F10005F4E72A4448
:10A01000D2B21D4602F0030287F88520C8F820302E
:10A02000012397F8812001989340184A936602F023
:10A03000F4FC104B9B6900BF00BF00BF00BF00BF16
:10A0400000BF00BF00BFD8F86420D2007FF503AF87
:10A0500010E756462546E3E79442BFF444AF2B434E
:10A060009DB243E7003E00B000A00A5000800350BC
:10A0700000D001B800800A5000E001B800C001B86B
:10A08000804600204D4900204F49002000900A5092
:10A090002DE9F743DDF828800746894616461D4618
:10A0A00002F0C0FC04460320FEF78AF938B12046CE
:10A0B00002F0B3FC0E24204603B0BDE8F0834C4B05
:10A0C00020465B6913F0060FF2D102F0A6FC0123D3
:10A0D000324649463846FBF79BFE04460028EAD143
:10A0E000002D74D0B8F1000F71D0DFF82091D9F8AD
:10A0F000000000280ADA01213B20F5F7FBFA204690
:10A10000F5F748FB0028C9F80000D3DB04224FF420
:10A110003451F5F7B1FBD0220021D9F80000F5F752
:10A12000B0FB4FF48072324B414638469A65FCF7DB
:10A13000DDFC00284BD12F4B1B78012B47D0202270
:10A140002D4B01205A642D4BD3F89030B3F5817F0D
:10A1500022BF80222A4B1A6101F0A1FB02F062FCAF
:10A16000284A07461368B3B129682C790B44136059
:10A17000019383B10420FCF7DDFA0023224604207A
:10A1800001A9FBF725FC30B9FEF772FC2124384603
:10A1900002F043FC8FE7FEF71BFF16F0800018D09B
:10A1A0000022134B9A67687901A9431E584258410F
:10A1B000FEF758FA2B68032001932A790823FBF74E
:10A1C00007FC48B9FEF754FC384602F026FC21246F
:10A1D00071E7FEF7F1FDE6E70B4D2B689847212864
:10A1E0000446D4D1012100206B6898470024CEE7B3
:10A1F00000C001B852490020001002B8003F00B072
:10A20000000002B8404600209C4B00207C4B002000
:10A210004FF0000C2DE9F04FA2FB017AAD4EDFF8B4
:10A22000E8E2BE1998466AF10003B6457CEB0303E9
:10A2300083B009D240F243220E216046FAF7E6FFCE
:10A24000022003B0BDE8F08FD8F814B00C461546D4
:10A250008146BBF1000F04D0DBF80030032B00F285
:10A260009D809D4B9D4A9E6BA3F580431B6FD2F84A
:10A27000FCB05A074EBF4FF440039B0503F0E07358
:10A28000C6F314061E43964BD3F8EC305B0048BF70
:10A2900046F0807646EA456602F0FEFA012D024657
:10A2A000CED10028CCD08F4B984200F0868003F5A9
:10A2B000122303F5F863984200F0B7808A4B984266
:10A2C00000F0EA800190002300204FF00071F8F7C1
:10A2D0008BFB019A0130A7FB007300FB0A33C6F326
:10A2E0001301A1FB021220339B09C8F800307F4BF9
:10A2F000C90C1C6041EA42317D4BF50258BF49420E
:10A3000019607C4B0C441C60BBF1000F44D000234F
:10A31000DBF81C70F001DBF8005048BF6408C8F897
:10A320000830C8F8043087B399F82720073A012A83
:10A330002BD9DFF8D891D9F83C21D20277D43E4608
:10A34000002C00F0A780B4FA84F1072900F3A28062
:10A35000C1F1080327FA03F304FA01F15F1CB1FB12
:10A36000F7F14B0067020133E40D01E002330131E4
:10A37000A6FB0302874274EB0202F7D2C1F30E037D
:10A380001B0343F00063C8F808300023062DC8F80B
:10A390000C30C8F8103012D8002052E7042BDBF83C
:10A3A00028607FF479AFF1014CBF4FF4400306F011
:10A3B000E07326F0E0761E436EE74F488BE7DBF84C
:10A3C0003030002BE8D002F067FADBF83010FFF7EE
:10A3D000C3FB044610B18378002B5FD102F038FA3A
:10A3E000DBF83010FFF7B8FB04460028D4D08378A0
:10A3F000002BD1D0407940F27D52003818BF0120A7
:10A400003D21FAF703FF207940F27E5200384FF0E9
:10A410003D0118BF0120FAF7F9FE237962791B028A
:10A4200043EA0213C8F81030B6E7344853E7344A19
:10A43000C6F38156965D81EAE170A0EBE17046F3C8
:10A44000401100FB01F14FEAE07EB60606FB0E115B
:10A45000A0FB06064FEA540C10EB0C0041EB060182
:10A460002246F8F7C1FA0E2D0FD91B4B9A6BD9F87B
:10A470004830D9F83C11DB0607D502F4801201F40C
:10A4800000110A4308BFC0F58010C0F31300C8F8DC
:10A49000040054E7210262E71A481CE7407940F2C1
:10A4A0006252003818BF01203D21FAF7AFFE207933
:10A4B00040F2635200384FF03D0118BF0120FAF717
:10A4C000A5FE237962791B0243EA0213C8F80C3017
:10A4D00084E700BF006CCA88008001B8004F00B05C
:10A4E000000002B800F04902005A6202FC45002058
:10A4F000E4480020AC4600200A3BB2DF313641DCA4
:10A50000C44A0208D694BFD6807C814A004001B874
:10A5100010B50446D0F824210B4B4FF40061C3F86A
:10A52000DC2090F82420D20102F4006200F0F2F95D
:10A5300094F8243013F0100F4FF4007314BF034A43
:10A54000034A536410BD00BF003E00B0001002B8C3
:10A55000002002B810B590B10468012C0FD902692F
:10A560006AB11168094B102C1960516859609168E3
:10A5700088BFD268996094BFD960DA6010BD10229C
:10A580000021024800F0E6FDF8E700BF7046002019
:10A5900010B590F82710012903D8174BD3F8B43021
:10A5A0000BB1002010BD028E272A22D8134B14486D
:10A5B0001B68834219D031241248181A4342434180
:10A5C0005B000D48A0F8CE4050246343282404FBD0
:10A5D00001330D491944895CFA31A0F8D4100B49B4
:10A5E0000B449A5C0A4B1A70DBE76FF003040123FB
:10A5F000E7E70E20D6E700BF003E00B090460020FF
:10A6000000F04902005A6202D449020838450208A3
:10A6100051490020054A12681AB190F82A1119B957
:10A6200010470846FAF70ABC014870471C49002049
:10A6300000FEFFFFF8B505460E4602F0F3F931467D
:10A6400007462846FDF7D4FA044620B1384602F002
:10A65000E4F92046F8BDFBF73BFD2246314628468B
:10A66000FFF708FB04460028F0D1284601F016F851
:10A670000028EBD095F8253013F002030DD0D5F863
:10A68000A0305B050DD5B5F83631B3420BD0B5F827
:10A6900038319B1BB3FA83F35B09044A82F8F43028
:10A6A000D4E72346F9E70123F7E700BF003E00B0F7
:10A6B00010B50C4619B100F0F1FF04EB8004204600
:10A6C000FCF7E2FF024B4042C3F8F80E002010BD39
:10A6D000003000B073B5314A3149137809784FF032
:10A6E000FF350B4386211370A0F820116F228221C1
:10A6F000C0F80C21C0E944126422C0E9462240F2AD
:10A70000FF420D2382854FF40042002680F83C3141
:10A710004FF6FF730446A0F84820224A03860264DD
:10A7200000F154020265204AC3844263C0F8B0506D
:10A730004585856380F82860FAF724F82046FEF7FF
:10A74000A5F80122194B2046C3F8382294F92810A5
:10A75000FEF7F4FA6023164A41F6FF71D3644FF016
:10A760003A4211631167134A2946D3644022124BBF
:10A7700020465A64D4F8A02001F04AFA0E230022A1
:10A780000193009340F2022310461946FEF79CFF06
:10A79000FCF744F8304602B070BD00BF50490020BD
:10A7A000000002080700FFFFFFFF4000005001B853
:10A7B000004000B8005000B8002002B82DE9F8436E
:10A7C00005460C46C1B1D0F81880878F02F02AF9EF
:10A7D000B5F83EC0791EDFF80C9101EA0C0323F0B6
:10A7E0000702032C0646D9F800E042445FD1BEF1CF
:10A7F000000F04D102F011F90E20BDE8F8832EF00D
:10A8000001042EF0010EA64556D10023C9F80030F0
:10A81000238894426FEA43436FEA5343238041D134
:10A82000B5F8403008EB07091846083880B202F145
:10A8300008044C4528BF4446082804D9B4F800E071
:10A84000BEF5804F43D263440F431B1A3B409BB27B
:10A85000EB87A5F84000947811884FF03A42C1F395
:10A860000C019165C2F89830C2F8B0004FF4802214
:10A87000184B04F00704C3F814214FF00042164BA4
:10A88000C3F88021FCF77CFE042C0BD14FF480022E
:10A89000124B5B6C124B5A64D5F8A01095F8270048
:10A8A000FAF72EFB304602F0B8F80020A5E7601E4C
:10A8B000012898BF1446A4E7B5F840004344E31AC2
:10A8C00048BFDB1908389842A2DC304692E722469E
:10A8D000ABE700BF002000BA00E100E0000002B8D2
:10A8E000002002B8304600200122014B1A65704753
:10A8F000001002B8406840B14FF47A72044B1B68F4
:10A9000003F51C53103302FB0030FAF75BB800BFAD
:10A910007046002038B514460D4602F083F8064B09
:10A92000D3F8D82E54402C405440C3F8D84EBDE83C
:10A93000384002F072B800BF003000B0134B1B78F3
:10A94000002B20D0124B134A00201A60124B134ADE
:10A950001A60134B134A1A60134B1A68134B1A6090
:10A96000134B144A1A60144B144A1A60144B154ABC
:10A970001A60154B154A1A60154B164A1A60164B89
:10A98000164A1A6070470220704700BF54490020E1
:10A9900094460020C810020838460020A04902084A
:10A9A000EC48002000100208944B0020B046002024
:10A9B0008446002050100208A8460020F80A020829
:10A9C000504600200410020888460020701002083B
:10A9D0001449002028460208104900209C4902081A
:10A9E000014B1870704700BFB64B002070B516467B
:10A9F000054610B92124204670BD0029FAD0002A4E
:10AA0000F8D042680F4B006803321B68920800F1CF
:10AA10003040984704460028EDD1EA68A868033220
:10AA20003146920800F1304001F016FA0446002841
:10AA3000E0D1286921466A6900F1304000F08AFBC4
:10AA4000D9E700BF744B002001230D4A0D49C2F81D
:10AA5000803291660C4A53600C4A53600C4A536032
:10AA6000A2F580425360A2F54042536002F5C03225
:10AA7000536002F580425360A2F500425360704774
:10AA800000900050FF0B001600D000B8001000BA74
:10AA9000005001B80CB4194B30B50C1E9DB01D68A8
:10AAA00008DA8B234FF0FF302B601DB0BDE830403B
:10AAB00002B070474FF402730290069002A9ADF8FD
:10AAC00014304FF00003209A28461B9314BF04F162
:10AAD000FF332346049307934FF6FF73ADF8163008
:10AAE00021AB0193F9F7CCF9431CBCBF8B232B603E
:10AAF000002CDAD0029B00221A70D6E7644B0020AB
:10AB0000002310B504468360818119464366C281E3
:10AB100008228361C0E90033C0E904335C3000F0EF
:10AB200019FB0D4B246263620C4BA3620C4BE36276
:10AB30000C4B23630C4B9C4206D003F168029442F9
:10AB400002D0D0339C4205D104F15800BDE810403A
:10AB500000F03BB810BD00BF9BAC010867AE010818
:10AB6000BDAC0108CFAB0108A4440020024A034950
:10AB7000034800F0BCB900BF0C4B00209FAE010899
:10AB8000184B002007B5009313460A4601460348B8
:10AB9000006800F066FA03B05DF804FB644B002027
:10ABA000034613F8012B002AFBD1181A013870470D
:10ABB000F7F778BFF7F776BFF7F774BFF7F772BF0D
:10ABC000F7F770BF01F075B8704770477047B1F97B
:10ABD0000E10F8F7CDBF9368013B002B10B49360C3
:10ABE00008DA9469A34201DB0A2903D15DF8044B1A
:10ABF00000F0D7B81368581C1060084619705DF84B
:10AC0000044B7047F8B506460F461446D518AC42BB
:10AC100001D1002007E03A4614F8011B3046FFF747
:10AC2000DAFF431CF3D1F8BD8B8973B59E07054647
:10AC30000C4607D504F147032360236101236361B8
:10AC400002B070BD01AB6A4600F0E9F8009E2846EC
:10AC50003146F5F7F5FBB4F90C3038B99A05EFD465
:10AC600023F0030343F00203A381E3E743F08003EF
:10AC70002060A381019BC4E90406002BE0D0B4F955
:10AC80000E102846F8F796FF0028D9D0A38923F0A4
:10AC9000030343F00103A381D2E710B50C46B1F9D9
:10ACA0000E10F9F7DBF80028ABBF636DA3891B1802
:10ACB00023F48053ACBF6365A38110BD10B50C466F
:10ACC000B1F90E10F8F798FF421CB4F90C3015BF1B
:10ACD000606523F4805343F48053A38118BFA3819C
:10ACE00010BD2DE9F0471F468E6882460C46BE42D5
:10ACF0009046334653D8B1F90C0010F4906F2BD026
:10AD000065692368096905EB4505A3EB010905EBB6
:10AD1000D5757B1C6D104B442A46AB4284BF1D4643
:10AD20002A46430527D511465046F5F789FB0646C6
:10AD300058B34A46216900F0E7F9A38923F49063E8
:10AD400043F08003A38126614E4465613B46A5EB39
:10AD5000090526603E46A5601F463A4641462068E2
:10AD600000F0DFF9A36800209B1BA36023683B442D
:10AD70002360BDE8F0875046F5F77CFB06460028C7
:10AD8000E1D121695046F5F766FB0C234FF0FF3007
:10AD9000CAF80030A38943F04003A381E9E73E46A7
:10ADA000DBE7F8B50E461446054618B1036A0BB941
:10ADB000F8F7CCFCA369A360A3891A0701D523691E
:10ADC00043B921462846F8F7D9FC18B14FF0FF37B0
:10ADD0003846F8BD2368F6B222693746981A636987
:10ADE000834205DC2146284600F059F80028EDD1C1
:10ADF000A368013BA36023685A1C22601E70431C99
:10AE000062699A4204D0A389DB07E1D50A2EDFD11B
:10AE10002146284600F043F80028D9D0D6E770B57F
:10AE20000C46B1F90E1096B0154600291E460ADAF6
:10AE3000A18911F0800113D14FF4806200203160AC
:10AE40002A6016B070BD6A46F8F7A2FE0028EFDB54
:10AE5000019901F47041A1F5005359425941EBE7C2
:10AE600000214022EAE72DE9F0411F468B89054683
:10AE70000C46DB05164605D502230022B1F90E105B
:10AE8000F8F7BAFEA3893246B4F90E10284623F427
:10AE90008053A3813B46BDE8F041F9F705BA38B5C8
:10AEA0000B6905460C4613B90025284638BD18B174
:10AEB000036A0BB9F8F74AFCB4F90C30002BF3D055
:10AEC000626ED00704D4990502D4A06DFFF77CFE12
:10AED00028462146F8F7AEFB636E0546DA07E4D450
:10AEE000A3899B05E1D4A06DFFF770FEDDE72DE996
:10AEF000F8430746884614460026D4E90195B9F17F
:10AF0000010905D52468002CF7D13046BDE8F88347
:10AF1000AB89012B07D9B5F90E30013303D029468F
:10AF20003846C04706436835E9E7F1F71CBC2DE910
:10AF3000F047164698468A6807460B690C46DDF8C6
:10AF400020909342B8BF1346336091F843200AB172
:10AF5000013333602368990642BF3368023333609C
:10AF6000256815F0060506D104F1190AE368326870
:10AF70009B1AAB422BDC94F843302268003B18BF8D
:10AF80000123920630D404F1430241463846C847B3
:10AF9000013023D023681A3454F80A2C03F0060336
:10AFA000042B0ABF54F80E5C002533684FF00006EE
:10AFB00008BFED1A54F8123C08BF25EAE575934224
:10AFC000C4BF9B1AED18B5421AD1002008E0012336
:10AFD000524641463846C847013003D14FF0FF3052
:10AFE000BDE8F0870135C1E7E1185A1C3020023373
:10AFF000224481F8430094F8451082F84310C2E7D8
:10B000000123224641463846C8470130E6D0013682
:10B01000D9E71F2938B505460C4604D91623036025
:10B020004FF0FF3038BDC26B12B152F821304BB92E
:10B030002846FFF77AFF224601462846BDE83840F9
:10B04000F8F7C8BD012B0AD0591C03D116230360A1
:10B050000120E7E70021204642F82410984700200D
:10B06000E0E730B514469BB005461A46002C05DAD9
:10B070008B2303604FF0FF301BB030BD4FF40273E1
:10B08000009104916946ADF80C304FF0000319931C
:10B0900014BF04F1FF332346029305934FF6FF7369
:10B0A000ADF80E301E9BF8F7EBFE431CBCBF8B23A4
:10B0B0002B60002CE0D0009B00221A70DCE70620F9
:10B0C00008B5F9F787F90120F1F74AFBC9B2034641
:10B0D000024410B59342184601D1002003E00478E1
:10B0E00001338C42F6D110BD0139024410B59042B3
:10B0F00001D1002005E0037811F8014FA34201D0EF
:10B10000181B10BD0130F2E70A44431E914200D1E2
:10B11000704710B511F8014B914203F8014FF9D176
:10B1200010BD884210B501EB020402D984422346C7
:10B1300007D8431EA14207D011F8012B03F8012FB5
:10B14000F8E70244824200D110BD13F8011D02F855
:10B15000011DF7E702440346934200D1704703F80C
:10B16000011BF9E770B504460D4616464FF48811E9
:10B1700000F0F9F9324629462046BDE87040F9F75B
:10B18000FFBE10B5FCF7C0F8BDE810408369084663
:10B19000184700F02DB90846FBF7DEB900F038BDBE
:10B1A0000B4610B514461846A1689288FFF7ACFF0D
:10B1B000E168034631B1A0886288121A92B218443D
:10B1C000FFF7A2FF002010BD0846FFF709BCD0F82A
:10B1D000EC300BB90E2070474FF6FF72038E93428E
:10B1E0000B80F7D00020704711B9D0F8E81021B1DA
:10B1F000CB6813B18B68D88970474FF6FF707047E2
:10B2000000F098B9FCF754BDFFF704BA0846F9F707
:10B21000D1BFFEF76DB9F9F723BBFBF725BF0E20B1
:10B22000704700F00BBC00F0C7B808461146012279
:10B2300000F0E8B9FAF7FABE00F02ABC70B504468F
:10B240000D46164600F02AFA30B13246294620460D
:10B25000BDE8704000F036BB022070BD0E20704784
:10B2600038B504460D4600F019FA28B129462046A3
:10B27000BDE8384000F0D8BB022038BD38B50446E0
:10B280000D4600F00BFA28B129462046BDE83840AB
:10B2900000F010BB022038BD0846F9F7E1BE022AD3
:10B2A00001D800F04EB921207047022A01D800F0E1
:10B2B000C6BA2120704700F05AB838B504460D468A
:10B2C00000F0ECF928B129462046BDE8384000F0EE
:10B2D000ABBC022038BD022A01D800F057B82120AB
:10B2E0007047FEF7EFBB0346DB8E084693421146DC
:10B2F00001D3FBF7B9BF21207047013001D1FFF71F
:10B300001DBB2120704770B50C4611461A46FBF74D
:10B31000FBFF059B049E0493456933462046AC46DB
:10B32000BDE870406047FBF7FBB8431C08BF002036
:10B33000FDF704BDFCF7B4BD00F035B9FAF76EB8FF
:10B3400000F034BAFEF7A4BE00F023BD00F014B83C
:10B3500000F007B900207047FEF746B808B5084668
:10B36000F8F726F808BD08B190F92600704709B132
:10B3700041F01001FCF726BE10B50023FAF748FD96
:10B38000044608B9FCF724F9204610BD7FB5531CCC
:10B3900005AA4FF0040C02920222ADF81410CDE978
:10B3A000002C01210022DBB2FCF78EF907B05DF81A
:10B3B00004FB02207047704708B5FDF75FF9BDE850
:10B3C0000840FAF771BE38B54FF03A430546DC6ADB
:10B3D000808AC4F30C04A04234BF0020012041F253
:10B3E00016520821F9F712FFA88A001B80B238BD57
:10B3F000F7B504461046D4E956C7DDE908268CEABD
:10B40000020587EA06010540194085EA0C057940E6
:10B41000C4E95651002523F4004106EA010320F057
:10B42000010043F40073024043F0020301950095CC
:10B43000FEF74AF994F824309A0713D5D4F85C3112
:10B440009B050FD54FF48811204600F0B8F894F80A
:10B450002430024665F3410384F8243020460B462D
:10B46000FDF7A4FD002003B0F0BD00207047D0F828
:10B47000F02008B57AB11368022B0CD9536A13F483
:10B480007F4FC3F3072106D0126ADBB253438B42CE
:10B49000B3FBF1F006D2002040F6AB324C21F9F7B5
:10B4A000B5FE002008BD2DE9F74F01251C469DF88B
:10B4B0003030064601930368174603F0070306334E
:10B4C0009D4005F1FF380B46A1B1416804EA080B25
:10B4D000A5EB0B0A41F00059524509EB0B0114D9B9
:10B4E00052461846FFF710FE49467A1B5A4450440C
:10B4F000FFF70AFE019B2BB13C4448EA050804EA29
:10B500000804F46003B0BDE8F08F1846F0E708B512
:10B51000012100F018FCBDE80840FAF7C5BD0A4655
:10B5200090F89410A52901D8FDF7EEB921207047B5
:10B530000020704790F82D007047002070470020D1
:10B5400070471FB54FF0080C531C0022CDE9002CAA
:10B5500001220291DBB21146FCF7B6F805B05DF8A6
:10B5600004FB0020704738B504460D4601F05AFA36
:10B57000D4F89C301D40D4F8983023EA0505C4F86F
:10B58000985001F04AFA284638BDA0F84C30BDF971
:10B590000030C0F89410A0F84A20A0F84E300020E7
:10B5A0007047002070470346B3F83E2108468A42A0
:10B5B00003D0A3F83E11FAF70DB90020704738B553
:10B5C00005460C4601F02EFAD5F89C301C40D5F803
:10B5D00098302343C5F8983001F01FFA211E18BF98
:10B5E00001210020490238BD10B5044600F032FBAD
:10B5F00020B92046BDE81040F9F706B910BDFFF7A5
:10B60000DBBE7047FCF7DEB90220704770B5044618
:10B610000E4601F010FA05462046FFF7E5FF3146D9
:10B620002046FDF703F90446284601F0FFF92046BD
:10B6300070BD7047024608B5FCF7CEFB507D80F028
:10B64000010008BD0429F8B505460C460AD10026BC
:10B65000F7B23846F9F762FA08B13C4602E0013623
:10B66000042EF5D12046F9F759FA58B195F83C3136
:10B67000A34209D085F83C4105F59E70BDE8F8402D
:10B68000FBF7C6B92120F8BD0020FCE708B54A0247
:10B690004FF40071FFF73EF9002008BD8021F9F753
:10B6A00025BC024608B5FCF797FB507D08BD38B5B0
:10B6B000044601F0C0F905462046FFF795FF2046F5
:10B6C000F9F756FD0446284601F0B0F9204638BD8A
:10B6D000F8B511F0030607460D46144621D102B312
:10B6E00013883F2B1DD9B3FA83F3C3F11901C9B2F3
:10B6F000062901D8192B12D0062928BF06210123BB
:10B700008A1DD2B293402846238000F0BFFA2388D6
:10B710003846FD617B82FBF791FA3046F8BD314631
:10B72000EDE72126F9E773B50D7806460C4635B3EB
:10B7300004238DF804302379304601A98DF80530B3
:10B7400000F01BF90546B8B92278A37952BB8DF8F1
:10B750000430E379304601A98DF8053000F0F7F8A0
:10B76000054648B923783BB161883046FEF7A0FF13
:10B770000121304600F070FA284602B070BD29461B
:10B7800000F06AFA29463046FFF780FF2946304626
:10B7900000F0B3F922782379002AC9D18DF804305A
:10B7A0006379C9E702228DF80420D3E738B504464F
:10B7B0000D4600F049FB50B129462046FEF73AFFFE
:10B7C00030B929462046BDE83840FDF75FBD0E2060
:10B7D00038BD08B5FAF794FEBDE80840FAF764BC36
:10B7E00010B50446FEF776FFE8B9A169D9B1238AFE
:10B7F000CBB1204604F1100200F0D3F8B8B9E169EA
:10B80000A9B1638A9BB1204604F11202FFF760FFE1
:10B8100088B9216A79B1A28A6AB12046E38ABDE873
:10B82000104000F072B900232382A361E6E70023F1
:10B830006382E361ECE700236361236210BD7FB59F
:10B84000531C05AA0292022201920022ADF81410A4
:10B8500000921146DBB2FBF737FF07B05DF804FB3F
:10B860002DE9FF41984604460E46174601F0E3F8DD
:10B8700005462046FFF7B8FE0A9B3A46029300238E
:10B88000314601932046CDF80080FDF7E5FD0446E2
:10B89000284601F0CBF8204604B0BDE8F08138B569
:10B8A0000446FFF789FD0546FFF786FD431BA342CB
:10B8B000FAD338BD08B50A054FF48011FFF72AF80E
:10B8C000002008BDF8B514468A0706460D4601F06B
:10B8D00001070CD43FB1A2044FF48021304602F49A
:10B8E0008022FFF717F86B070FD40020F8BD3FB197
:10B8F00004F00100C4F340038342EBD02120F5E7BC
:10B900004FF48021F9F7F2FAF4E7A2064FF08051E4
:10B91000304602F08052FEF7FDFFE6E7D0F8A03097
:10B9200003F06003402B0DD0602B03D0203B584226
:10B930005841704749B10B68012B06D9486940F05E
:10B940000100704740F201107047002070470A78EC
:10B9500038B50546104600F04EF860B14C782046E8
:10B9600000F049F838B12243530704D42846BDE813
:10B970003840FCF753BD212038BD10B50446087887
:10B9800000F039F858B14A78104600F034F830B178
:10B99000042A04D02046BDE81040FBF74BBB212011
:10B9A00010BD38B5148811F003054FEAC4041ED148
:10B9B0003F2C1CD9B4FA84F4C4F11903DBB2052B73
:10B9C00001D8192C11D0052B28BF052301240633DB
:10B9D000DBB204FA03F3C3F3CF0414808161048261
:10B9E0008387FBF72BF9284638BD2B46EEE7212548
:10B9F000F9E7FDF7DDBC431E042818BF012B94BFF7
:10BA000001200020704738B5044601F014F80546BF
:10BA10002046FFF7E9FD2046FFF70CFE04462846C6
:10BA200001F004F8204638BD08B5CA044FF40021DF
:10BA3000FEF770FF002008BDFBF7B0BB08B5D0F8DB
:10BA4000F0304BB11A68022A06D993F825204AB182
:10BA5000186AB0FBF2F008BD40F68C324C21002091
:10BA6000F9F7D4FB0020F6E700F090B838B50446AB
:10BA700000F0E1FF05462046FFF7B6FD2046FFF740
:10BA800010FE0446284600F0D1FF204638BD70471E
:10BA900070B5044615460E4609B9212070BD13063F
:10BAA00017D4FFF7F4FF3146204600F0A0F94FF617
:10BAB000FF739842F1D0FFF7EAFF20464FF40031C0
:10BAC0000022FEF727FF29462046BDE87040FCF71C
:10BAD00079BA0E20E2E738B504460D4600F0A2FF21
:10BAE0000023C4F89C50C4F89830BDE8384000F0FA
:10BAF00094BF4FF48071F9F7F9B908B58A024FF491
:10BB00008061FEF707FF002008BD2DE9F04188465F
:10BB100018F0030706461546194633D1B2F5805F83
:10BB200030D89A422ED33F2A2AD9B2FA82F401227F
:10BB3000C4F11F03DBB29A4092B2AA422CBFC4F1F7
:10BB40001904C4F11A04E2B20120931DDBB298403B
:10BB500080B2A84214BF0120002002D096F8013123
:10BB600093B996F8253060F3000386F825304046F7
:10BB7000FBF7DEFCC6F82080B5823846BDE8F081D0
:10BB80003A46E1E72127F8E70E27F6E70520FCF71C
:10BB900017BC0B0C23F48053B3F5284FF7B50D46B3
:10BBA0008FB2064699B217D04AF60103994215D0D2
:10BBB0004AF60203994213D0B1F5204F14BF042472
:10BBC0000324D6F8EC300BB1196859B9D6F8E8302F
:10BBD00093B9286803B0F0BD0024F2E70124F0E730
:10BBE0000224EEE723463A466846F9F775FE019BC4
:10BBF000002BEBD10098EDE719680029E9D0234626
:10BC00003A466846F9F768FE019B002BE1D1F1E75F
:10BC100030B4D0F8A0300A4023EA01031343C0F83F
:10BC2000A03030BCFBF77CBB08B50A044FF4803170
:10BC3000FEF770FE002008BD4FF4DC720021FFF714
:10BC400089BA10B5F9F74AFA044608B900F070F855
:10BC5000204610BDFCF7C0B838B50C464FF4006163
:10BC60000546F9F743F960B16CB195F82A3163B92B
:10BC70004FF480722846BDE838404FF48071FEF7DB
:10BC800049BE2202F6E72246F4E738BD4FF03A43B8
:10BC900001225A6741F6FF72D96418651A67704726
:10BCA00037B5002514460095FFF7FDFB204603B08D
:10BCB00030BD08B50B46062200F59E711846FFF709
:10BCC00023FA002008BDD0F8EC30C3B15869B0B1F8
:10BCD000531EDBB2FD2B10D9036813F1020F08BF0E
:10BCE0004FF0FF33FF2A0B6005D143689A1C08BF51
:10BCF0004FF0FF334B6000207047012AF4E721200A
:10BD0000704702044FEA901309D4C3F30903A3F167
:10BD1000C8006FF4FF739842B8BF184607E06FEA97
:10BD200083536FEA935313F5007F18B2EFD1704736
:10BD300070470020704790F83C310D2B14BF90F8ED
:10BD40002B00FF20704738B50D460446FCF796FCE3
:10BD500035B1844200D90139204601F0030138BDD4
:10BD6000844238BF0131F7E70022FBF7C5BF7047B7
:10BD7000008E7047FAF7ACB910B500F05CFE0446CF
:10BD8000FFF73DFCF9F7D4FB2046BDE8104000F07A
:10BD90004DBE70B504460D46164600F055F858B134
:10BDA00029462046FEF746FC38B932462946204649
:10BDB000BDE87040F8F71EBF0E2070BD10B50446F8
:10BDC000FBF728F901462046BDE81040FCF7FAB819
:10BDD00010B5144608460121FCF7C8FD2046BDE811
:10BDE00010400121FCF7C2BD012070477047F8B533
:10BDF00006460D46F9F772F9D8B94FF6FF734FF0C2
:10BE0000240CEF68C1B28F4208D81C462146304648
:10BE1000FEF710FCFFF78CFF2046F8BDAA680CFB6C
:10BE20000122D4899C4202D2002CEFD0234601305B
:10BE3000E8E74FF6FF74EFE700F0FD00003818BFA9
:10BE400001204042C0B270470346408A18B1188AA8
:10BE5000003818BF0120704708B521B19200FFF7E4
:10BE600053F9002008BD2120FCE70E20704703464F
:10BE700011F8012B03F8012B002AF9D170470000BB
:10BE800088B1026812F4E07FC2F382130CD0012B58
:10BE900009D1084B51B103F58053012102F03F0253
:10BEA00001FA02F21A607047034BF3E703F50053FF
:10BEB000F3E700BF688000506480005010B40A4B64
:10BEC00053F8201001B1FEE703EB00131C6A3CB1EC
:10BED000996A5A6A0131996223465DF8044B184702
:10BEE0005DF8044B704700BFE015002010B5094B0A
:10BEF0000C4693F8A0205AB1072809D803EB001389
:10BF000093F82C3023B10146034800F0C5FD2070A2
:10BF100010BD00BFE01500200000045010B5EFF385
:10BF20001184302383F311880D4B0E4AD3F8A830C7
:10BF3000183B13F1180F04D184F31188BFF36F8FEE
:10BF400010BD19680968914202D09B69183BF0E75F
:10BF50001B6953F82030002BEED09847ECE700BF68
:10BF6000E015002000000450034B5A68D20702D5A8
:10BF7000DA69002AF9D1704700800A50034B5A68E9
:10BF8000D20702D59A6D002AF9D1704700800A5075
:10BF90002DE9F74F002800F0CB80664B1A689042DD
:10BFA00003D359680A44904204D35B6A002BF5D14D
:10BFB0005B69FFDED3E9054CEFF31188302282F391
:10BFC000118810F8082C30F8067CD207A0F108067A
:10BFD00000D53FB988F31188BFF36F8F012003B0FC
:10BFE000BDE8F08F9968D3F810A0A1EBC7010AF162
:10BFF000010299601A6130F804EC7D1CBEF1000F5B
:10C0000000F08C804FEACE020192A6EBCE0292F8AD
:10C0100000B010F8089C1BF0010F09F002096DD167
:10C02000B9F1000F6DD1B2F80290B2F806E0AEEBB4
:10C03000090EBEF1010F71D10237083907EB09056E
:10C04000C3F810A0996030F802ECBEF1000F69D07F
:10C05000D3E9001706EBCE093944894562D216F8B8
:10C060003E104F4611F0010117D130F8066CAEEBCF
:10C070000606012E11D1B9F80260A9F80210B9F82C
:10C0800006100136354400294AD009EBC107196969
:10C0900001391961996808399960002610F8081C5F
:10C0A00020F8066C21F0010100F8081C1178013D10
:10C0B00066F3000155801170002F35D0C2F10701E1
:10C0C0003944C1F3CF01D180B9807CB394422DD8DB
:10C0D0006188002908BF1446BCF1000F06D09445C2
:10C0E00004D3BCF80210002918BF6246C3E9054218
:10C0F00088F31188BFF36F8F002070E7B9F1000F4C
:10C100000CD0019F7544C91B996010F8081C21F0E0
:10C11000020100F8081C0021918094E7324692E762
:10C120000F46B4E70027B8E7D780CEE71446D3E739
:10C13000222054E78C160020EFF31182302383F382
:10C140001188084B49B1D3F82C130843C3F82C03CA
:10C1500082F31188BFF36F8F7047D3F82C1321EA55
:10C160000000F3E708100020EFF31182302383F37F
:10C170001188064BD3F82C3382F31188BFF36F8FED
:10C180001840003818BF0120704700BF0810002079
:10C1900008B5064BD3F82403FFF734F8012801D083
:10C1A000F4F7ACFEBDE80840F4F7A2BE081000208A
:10C1B00008B5EDF72BFC38B1044BD3F8300318B1B8
:10C1C00003681878C0F3401008BD00BF08100020B5
:10C1D00008B5EDF71BFC50B1054BD3F8300330B177
:10C1E0000368188800F00700C31E5842584108BD74
:10C1F0000810002010B50446EDF708FCB0B1B4F506
:10C20000007F4FF001010ED12046FFF795FF00217E
:10C210001020FFF791FF00210548FFF78DFFBDE8D3
:10C220001040F4F765BE4FF48050F2E710BD00BF38
:10C230000A00010008B5FFF7BBFF00B9FEE700F0F8
:10C240003EFC00B9FEE701214FF48060FFF774FF68
:10C2500000210220FFF770FF00214FF48030FFF72C
:10C260006BFF00210820FFF767FFF4F741FE002273
:10C27000014B83F8342308BD0810002008B508B925
:10C28000212008BD4FF480621C4B9A66BFF34F8F8C
:10C29000BFF36F8F00F023FC4FF098435A6CD2022B
:10C2A000FCD54FF48062586D154B10F470209A66DF
:10C2B000E7D0B0F5802F17D00BD8B0F5003F15D0E0
:10C2C000B0F5403F14D0B0F5803F14BF01204820A6
:10C2D000D7E7B0F5202F0DD0B0F5302F0CD0B0F54A
:10C2E000E02FCDD00120CCE74B20CAE72A20C8E7B9
:10C2F0002C20C6E71020C4E71120C2E700900050B0
:10C3000000A00050F8B50D46164619460446002810
:10C310003ED00023C361EFF31183302282F31188F2
:10C320001D4FD7F8A40010B184421CD1012083F323
:10C330001188BFF36F8F68BB9DF81830C4E90360A4
:10C340002371BDF81C302160E380A060FFF70CFE74
:10C35000124B9B692B44A3613DB965610EB1204628
:10C36000B0470020F8BD8068DDE7EFF3108672B6B5
:10C3700000F0E6F82946204600F03EF8D7F8A43051
:10C380009C4201D100F07CF8304600F046FBE8E723
:10C390002220E7E70320E5E7E015002000800A50AF
:10C3A000F8B50546F8B1EFF3108672B600F0C8F89C
:10C3B0000E4B2846D3F8A47000F042F8044620B192
:10C3C000304600F02AFB2046F8BDAF42F8D100F01D
:10C3D00057F82228F4D10122054B5A70054B9A6474
:10C3E00002225A64ECE72224EDE700BFE0150020AA
:10C3F0008C4A002000A00A5030B5104A4161D2F8A2
:10C40000A4308BB9C2F8A40083600CE0491B4161E1
:10C410009D681C462B461DB15D698D42F6D92CB135
:10C42000A06083602BB930BD0024F5E7C2F8A400FA
:10C4300083605A69521A5A61F5E700BFE01500207F
:10C440000E49D1F8A430A0B10022A3B1834204D197
:10C4500083682AB9C1F8A43003E01A469B68F4E760
:10C46000936083681BB15A6941690A445A6100208C
:10C470007047222070470220704700BFE01500205F
:10C4800070B52B4CD4F8A430002B4ED05969294BF1
:10C4900000293ED0D4F82022274E114402225A64AB
:10C4A000EFF3108072B6FFF75FFDB569FFF766FD29
:10C4B000F36C326C960704D45A1B032A01D89D42B0
:10C4C0000FD14B1B022B98BFE91CB1F1FF3F38BFC6
:10C4D0000139FFF753FD0222174BD96403F580534E
:10C4E0005A6400F09AFA154B5A7822B10121114A88
:10C4F000916400225A700023D4F8A42084F85432A6
:10C500002AB1D188890708D5012384F85432002044
:10C5100070BD02225A641A64EDE79268002AF6D0D0
:10C5200051690B44012BECD9F1E72220F0E700BF61
:10C53000E015002000900A5000800A508C4A00202C
:10C5400010B5FFF711FD0C480C4BD0F8A4109C69F6
:10C55000D0F82032E31A11B9C0F8204210BD002BE8
:10C56000FAD04A699A423ABF9B1A0022D21A4A610B
:10C5700028BF00238968EEE7E015002000800A50FC
:10C580002DE9F84FEFF31187302383F31188584BCF
:10C590001B6C9907574903F0010203F0030314468B
:10C5A0000B6448BF42F002043AB1534A13680133A6
:10C5B0001360FFF7C5FFFFF763FFA3072AD5EFF36B
:10C5C0001189302383F311884FF0000AFFF7B8FF79
:10C5D00055464A4EDFF81881D6F8A4400CB163697D
:10C5E000F3B10023012D86F8553204D11AF0020F61
:10C5F00018BF86F85552FFF743FF222806D10122C3
:10C600003F4B5A703B4B9A6402225A6489F311885B
:10C61000BFF36F8F87F31188BFF36F8FBDE8F88F7B
:10C6200023465A693AB91A792179914288BF1C4642
:10C630009B68002BF5D189F31188BFF36F8FD4F875
:10C6400010A0BAF1000F1ED0FFF78EFCD8F818200A
:10C65000A369A2EB03094FEAE972D14572F1000226
:10C6600012DB5344A361E36813B120462168984765
:10C67000B4F806A00135EFF31189302383F3118854
:10C68000FFF75EFFA8E7D146EFF3118B302383F36A
:10C6900011882046FFF7D4FE8BF31188BFF36F8F0C
:10C6A0002369002BDFD0A38BBAEB090133B1E28BF6
:10C6B00013449BB2B3F57A7F11D2E383EFF3118970
:10C6C000302383F311882046FFF796FEA369226981
:10C6D0001344A36189F31188BFF36F8FC3E7A3F5F8
:10C6E0007A73E383A3690139013BA361E6E700BFE5
:10C6F00000800A5000A00A5098120020E015002087
:10C700008C4A002037B51D4B5A6E42F004025A661F
:10C71000D3F8802242F00102C3F88022184B5B68F4
:10C72000C3F308034BB14FF0A842D36B13F0430F90
:10C73000FBD11425284603B030BD4FF0A843DD6B74
:10C7400015F04305FBD10F4CD4F824326BB994F8A3
:10C750002932022B09D194F82832072B05D1042164
:10C7600001AA04F50970F3F720FDD4F8243201334F
:10C7700043F00043C4F82432DCE700BF00800050DF
:10C7800000ED00E0E01500204FF4807370B596B026
:10C790000292012421220193102303940493059211
:10C7A000069107940893099201AA0A9206AA0B928D
:10C7B00004220C9211220D920AAA0E900F9210934D
:10C7C00040F611031193184B12930EAB1393174BB2
:10C7D000149346F611031593FFF794FF14280446AB
:10C7E00008D1EFF3108072B64FF0A8431E681D69A0
:10C7F00000F013F94FF0A843032212A95A631960FD
:10C8000002A919619A63DA6B9207FCD1142C06D144
:10C81000EFF3108072B61E601D6100F0FEF8044B4D
:10C820005B6816B070BD00BF041800200400002033
:10C8300000ED00E008B500F011F8044B1B6FC3F3E6
:10C8400003330133B0FBF3F008BD00BF008000509C
:10C85000014B5868704700BF804A00200A4B1B6F8D
:10C8600003F00703013B032B03D8DFE803F00B03BE
:10C870000609FEE7054B58687047044B98687047F7
:10C88000034870470348704700800050804A0020EA
:10C8900080D54302002D3101014B9868704700BFDD
:10C8A000804A00204FF400221B4B5A664FF0B442DE
:10C8B0009368C3F304430C2B0AD8DFE803F00B079B
:10C8C00009092709191B1D1F21232500134870473B
:10C8D00000207047936803F04073B3F1807F17D056
:10C8E000B3F1007F16D0002B0D4818BF0020704711
:10C8F0000C4870470C4870470C4870470C4870470C
:10C900000C4870470C4870470C4870470C487047FB
:10C910000C4870470C48704700900050404B4C004A
:10C9200000093D00405DC6000024F400C0EA21017A
:10C93000002D310180BA8C010048E801005A6202E2
:10C940008096980080841E0040420F000121FFF76E
:10C9500097BA38B50C46EFF31185302383F311886D
:10C96000202857D8DFE800F0111B5620232656292F
:10C970002C562F56323556383B3E56415644565368
:10C9800056565647564A564D5000FFF767FF00234C
:10C99000206085F31188BFF36F8F184638BD4FF4C0
:10C9A000C070F5F779FAF2E74FF42070F9E74FF429
:10C9B0004070F6E74FF46070F3E74FF40070F0E773
:10C9C0004FF48060EDE74FF44060EAE74FF4C06059
:10C9D000E7E74FF4F060E4E74FF4B060E1E74FF4CD
:10C9E000D060DEE74FF41060DBE74FF4E060D8E79B
:10C9F0004FF4A060D5E74FF42860D2E74FF4807081
:10CA0000CFE74FF42060CCE74FF44860C9E74FF41C
:10CA10000860C6E700202123BAE710B962B6BFF369
:10CA20006F8F7047EFF3108072B6704780F31188F4
:10CA3000BFF36F8F7047EFF31180302383F31188BA
:10CA400070470020FFF73ABA0120FFF737BA0220FB
:10CA5000FFF734BA0320FFF731BA0420FFF72EBAEC
:10CA60000520FFF72BBA0620FFF728BA0720FFF7AB
:10CA700025BA012303FA01F1EFF31183302282F387
:10CA8000118800F5005200F580505165816283F3F2
:10CA90001188BFF36F8F7047EFF31182302383F358
:10CAA0001188436B82F31188BFF36F8F0120884098
:10CAB0001840003818BF012070470020704708B5A3
:10CAC000ECF7A4FF20B1BDE808400820FFF74CBBFD
:10CAD00008BD0846EBF72CB91046EBF729B9036AF5
:10CAE00010B5052B15D84FF09842116CC902FCD532
:10CAF00004339B00136503684FF098441360436848
:10CB00001360034653F8081F11600022016A914226
:10CB100000D810BD53F8041F01322160F6E7836886
:10CB200082B013B9816002B0704783680193019BA2
:10CB30005B68012B019B01D15960F4E75B68F5E765
:10CB4000F8B500BFF8BC08BC9E467047F8B500BFFA
:10CB5000F8BC08BC9E4670475FF800F0214A0020F0
:10CB60003F7E0008717D0008677D00086D7E00082B
:10CB70009D7D0008917D0008000000007700000006
:10CB80000000000070000000000000000100000034
:10CB900060000000000000000100000061000000D3
:10CBA0000000000001000000630000000000000021
:10CBB0000100000041000000000000000100000032
:10CBC00043000000000000000100000048000000D9
:10CBD000000000000100000047000000000000000D
:10CBE000010000000D150000000000000100000021
:10CBF0005200000000000000010000005A00000088
:10CC000000000000010000005B00000000000000C8
:10CC100001000000420000000000000001000000D0
:10CC200049000000000000000100000000000000BA
:10CC30000B00000001000000000000000E000000DA
:10CC4000010000000000000068000000000000007B
:10CC5000300000000000000000000000660000003E
:10CC600000000000010000002100000000000000A2
:10CC7000010000003600000000000000010000007C
:10CC8000440000000000000001000000450000001A
:10CC9000000000000100000046000000000000004D
:10CCA000010000004B000000000000000100000037
:10CCB0004C00000000000000000000002200000006
:10CCC00000000000010000000D190000000000003D
:10CCD000010000003E150000000000000000000000
:10CCE000710900000000000000000000506C617439
:10CCF000666F726D002D2D2D2D2D2D2D2D2D2D2D91
:10CD00002D2D2D00554E4B004649420042544C00FB
:10CD1000455854005057520057444700205357007D
:10CD2000435253004653480042414400464C54008D
:10CD300042524F0052300052310052320052330002
:10CD400052340052350052360052370052380052E9
:10CD500039005231300052313100523132005231FB
:10CD600033284C5229004D5350005053500050432B
:10CD70000078505352004D53502075736564005035
:10CD8000535020757365640043535441434B2062F4
:10CD90006F74746F6D0049435352005348435352AC
:10CDA00000494E545F4143544956453000494E5462
:10CDB0005F4143544956453100434653520048466B
:10CDC00053520044465352004D4D41522F4246416A
:10CDD000520041465352005265743000526574311E
:10CDE0000052657432005265743300526574340029
:10CDF0005265743500446174300044617431000040
:10CE00008CD5010834D5010800D50108F4D40108F7
:10CE1000ECD40108E0D40108D0D40108C8D401083A
:10CE2000BCD40108ACD401088CD401086CD401082E
:10CE300062070208A207020861070208DA0702086F
:10CE40001B0802086107020861070208540802086B
:10CE500081080208B0080208D2080208F80802088F
:10CE60003709020861070208610702087109020810
:10CE70009E090208D40902080F0A02083F0A0208A4
:10CE800061070208610702086107020861070208DA
:10CE9000740A0208A40A020855B1010800008911A9
:10CEA00012239B322446AD573665BF74488CC19D12
:10CEB0005AAFD3BE6CCAE5DB7EE9F7F881100801F2
:10CEC00093331A22A5562C47B7753E64C99C408DF2
:10CED000DBBF52AEEDDA64CBFFF976E802218B308E
:10CEE000100299132667AF763444BD554AADC3BCD2
:10CEF000588ED19F6EEBE7FA7CC8F5D983310A20B2
:10CF000091121803A7772E66B5543C45CBBD42ACB1
:10CF1000D99E508FEFFB66EAFDD874C904428D5349
:10CF200016619F702004A9153227BB364CCEC5DF91
:10CF30005EEDD7FC6888E1997AABF3BA85520C4371
:10CF400097711E60A1142805B3373A26CDDE44CF71
:10CF5000DFFD56ECE9986089FBBB72AA06638F720D
:10CF600014409D512225AB343006B9174EEFC7FE51
:10CF70005CCCD5DD6AA9E3B8788AF19B87730E6231
:10CF800095501C41A3352A24B1163807CFFF46EE31
:10CF9000DDDC54CDEBB962A8F99A708B08848195D9
:10CFA0001AA793B62CC2A5D33EE1B7F04008C91921
:10CFB000522BDB3A644EED5F766DFF7C89940085E1
:10CFC0009BB712A6ADD224C3BFF136E0C118480901
:10CFD000D33B5A2AE55E6C4FF77D7E6C0AA583B47D
:10CFE000188691972EE3A7F23CC0B5D14229CB38E1
:10CFF000500AD91B666FEF7E744CFD5D8BB502A4A1
:10D0000099961087AFF326E2BDD034C1C3394A28C0
:10D01000D11A580BE77F6E6EF55C7C4D0CC685D738
:10D020001EE597F42880A1913AA3B3B2444ACD5BA0
:10D030005669DF78600CE91D722FFB3E8DD604C760
:10D040009FF516E4A9902081BBB332A2C55A4C4B80
:10D05000D7795E68E11C680DF33F7A2E0EE787F6FC
:10D060001CC495D52AA1A3B03882B193466BCF7A60
:10D070005448DD59622DEB3C700EF91F8FF706E620
:10D080009DD414C5ABB122A0B9923083C77B4E6A40
:10D09000D5585C49E33D6A2CF11E780F0000000072
:10D0A00009B60008000000000100000011B60008E9
:10D0B000000000000200000031B90008000000007C
:10D0C000030000002DB6000800000000040000006E
:10D0D00033B60008000000000500000039B6000863
:10D0E0000000000006000000899100080000000018
:10D0F00007000000999100080000000008000000EF
:10D10000CF91000800000000090000000FB30008E4
:10D11000000000000C000000A191000800000000C9
:10D120000D000000919100080000000020000000A8
:10D13000459200080000000021000000F190000866
:10D1400000000000220000005591000800000000CF
:10D1500023000000C9AF0008000000002400000008
:10D1600015B30008000000002500000025B30008EA
:10D170000000000026000000AB9100080000000045
:10D1800027000000BF9100080000000029000000F7
:10D190005D910008000000002A00000049B300086B
:10D1A000000000002C0000005FB300080000000039
:10D1B0003000000065910008000000003100000010
:10D1C0004F91000800000000320000008DAF000801
:10D1D0000000000034000000399200080000000048
:10D1E0003500000085AF0008000000003600000098
:10D1F0007DAF0008000000003700000055920008D5
:10D200000000000038000000FD9000080000000051
:10D21000B0000000A9B6000800000000B100000046
:10D22000AFB60008000000000208000039BB00088B
:10D230000000000004080000159100080000000034
:10D24000050800001D910008000000000B120000FE
:10D25000F5B8000800000000031300006B920008FE
:10D2600000000000004000000183000800000000F2
:10D2700001400000C79100080000000002400000CB
:10D2800003830008000000000340000047B10008CD
:10D2900000000000534C2D4F50454E54485245411C
:10D2A000442F332E312E312E305F4769744875621A
:10D2B0002D6662323734656665363B20454652330B
:10D2C000323B2053657020323620323032362031E6
:10D2D000383A35373A3333000202030000000000C9
:10D2E00007000000A38200080000000020000000EA
:10D2F0007DA400080000000021000000FD8F000850
:10D300000000000024000000A782000800000000C8
:10D3100025000000F99D0008000000002A00000020
:10D32000CD820008000000002B0000002D9E0008A8
:10D33000000000002C000000E78200080000000050
:10D3400030000000719C0008000000003100000067
:10D350005582000800000000320000009B82000897
:10D36000000000003400000023A8000800000000B6
:10D3700035000000CD9300080000000036000000DA
:10D38000CB9200080000000037000000FD9200086A
:10D39000000000003800000081920008000000003A
:10D3A0003B00000023820008000000003C00000059
:10D3B000C9830008000000003D000000CDBA00084D
:10D3C00000000000B20000000D9400080000000002
:10D3D00000080000B1A000080000000001080000E3
:10D3E000118C0008000000000308000051A2000892
:10D3F00000000000031300008B8300080000000001
:10D4000004130000739300080000000005130000DF
:10D41000BDA80008000000000340000005830008CC
:10D420000000000008100000898B000800000000C8
:10D4300004130000459300080000000005130000DD
:10D4400089A8000800000000081000000F8B0008E9
:10D450000000000004130000C18C00080000000060
:10D460000513000021A9000800000000554E4B00E4
:10D4700055502000525020004150300041503100A2
:10D48000415020004450200044454300554E4B007D
:10D49000485244004D454D004255530055534700F6
:10D4A00044424700444D410056435400554E4B0002
:10D4B0004C434B0058544C004F424600554E4B00D5
:10D4C00056465900494E4800554E4B0041535400B2
:10D4D000554E4B005242540044534C00454D3400CD
:10D4E000554E4B00455850004C574D00554E4B0083
:10D4F00048562000554E4B0050494E00454D3400D3
:10D50000554E4B00474F200042544C0042414400CE
:10D5100046544C00465243004F54410044534C0083
:10D520004241500055504700544D4500464155007A
:10D53000545A4600474F200042544C00474F320097
:10D54000474F3300474F3400474F3500474F3600B1
:10D55000474F3700474F3800474F3900474F41008A
:10D56000474F4200474F4300474F4400474F450055
:10D57000474F46004A4D5000424452005550520019
:10D5800042544D004D534D0046544C00554E4B00F7
:10D5900013B779FAC925DDB7ADF3CFE0F1B614B80A
:10D5A0000102000000000000FFFFFFFF020000007A
:10D5B000010000000000000000000000000000006A
:10D5C000000000000000000000000000000000005B
:10D5D000000000000000000000000000000000004B
:10D5E0000000000002040506070000000C130020E4
:10D5F00030120020004B002000000000000001005D
:10D600000300000000000000000000000000000017
:10D6100000070008000000000000000000000000FB
:10D6200001020405000000000000000000000000EE
:10D630000006000043CA010849CA01084FCA010890
:10D6400055CA01085BCA010861CA010867CA010816
:10D650006DCA0108050000000000000000C20100C2
:10D6600000020000001000000000000000000000A8
:10D670000000000000000000010000005600000053
:10D680000000015B150000007CD6010800010208C3
:10D69000FC0002081A0000001E0000001600000036
:10D6A0000104010303060105010501090600060B3B
:10D6B0000000070B050B0000000000000000000048
:10D6C0000100000001000000010400000000000053
:10D6D000000000005700000000000450010000009E
:10D6E00074D60108000000000000000008080000D7
:10D6F000000000000100A00202020202640000001B
:10D70000B6000000640000000001000000000000FE
:10D7100000000000000000000B00000050C30000EB
:10D72000F22B0000EE020000EE02000050C30000E9
:10D73000761600007701000077010000193F01060E
:10D74000041001000001010600102700000C000079
:10D750000000000000000000F5DA0200A41F000035
:10D760009001000090010000E5BF000028230000A8
:10D770006B0300006B03000002000000C01753029F
:10D7800006140000802FA60405380000A008000041
:10D790000000580901040706100A01040707C80A17
:10D7A00000040807800B00040808380C000409086E
:10D7B0006108000000008A0800000000C709010499
:10D7C00004032C0B01040404920C01040504000062
:10D7D00050C30000E62D0000D0070000D007000075
:10D7E000193F010604100100000101060010270086
:10D7F000000A00000000000000000000140000000B
:10D8000024499200000000003CD701081CD7010801
:10D8100000000000000000000024F40040420F005F
:10D820000101F800C22450030000000078D701086D
:10D830000000000000000000000000002B420F006C
:10D8400000000000000000000000000000000000D8
:10D850001400000066666600000000003CD7010866
:10D860002CD7010800000000000000000048E8017B
:10D8700080841E000101F800F14750020000000002
:10D8800078D7010800000000000000000000000040
:10D890007C841E000000000000000000000000006A
:10D8A00000000000140000001CC771000000000010
:10D8B000E0D7010858D70108000000000000000070
:10D8C0000051250240420F000108F600F147100206
:10D8D0000000000078D701080000000000000000F0
:10D8E000000000002A420F000000000000000000BD
:10D8F0000000000000000000140000001CC77100C0
:10D9000000000000E0D7010868D70108000000000F
:10D91000000000000051250240420F000102F60005
:10D92000F14710020000000078D701080000000055
:10D9300000000000000000002A420F00000000006C
:10D9400000000000000000000000000014000000C3
:10D950001CC7710000000000E0D70108D0D7010803
:10D9600000000000000000000051250240420F00AE
:10D970000108F600F14710020000000078D7010806
:10D980000000000000000000000000002A420F001C
:10D990000000000000000000000000000000000087
:10D9A000030A0000FC4F0103FCD7010810400100EE
:10D9B000014100003C40010000000000484001001F
:10D9C000A007000350400100000000005C4001007F
:10D9D0000000000008410100FF4C000054C0070097
:10D9E000511130000E0009E62D0000000405060765
:10D9F00008000000D1B60200643500004040070175
:10DA0000000050510000A01110000000000000862E
:10DA10001FC08100000000200000000064400501DC
:10DA200000000040B904F8004008000002000000B7
:10DA30009200040088400F01B7033B00000000E0A3
:10DA4000000000000002050D1C2F4253626968604F
:10DA500053402E1F110A080808080706050403038F
:10DA600002020201010101010000000000000000AB
:10DA7000000000001C4101010060B18C3841070129
:10DA8000BC200AF0F6625200055B98408E6E8294CC
:10DA90001C784852893B4000C00300805C41010172
:10DAA000FFDD000068410701E853FA000000004074
:10DAB0000000000000000000000000000000000066
:10DAC00000000000D0410301000000AAD0000000C7
:10DAD00004001200E041130100000000FFAB000A47
:10DAE0005CF10F00D341020095EDB100197BD80F16
:10DAF0001208B904EA1B6D1FC9B7C20A0B203B000C
:10DB0000430600005962F300727E9600A73D19009B
:10DB1000D022F13B000000A000000000380000000F
:10DB2000000000004C4201010800030468420101AA
:10DB30000100000038800101C2241000A080020111
:10DB400070780300D0000000A8800111F0010000EF
:10DB5000A88001310542CB01AC800111F001000029
:10DB6000AC800131053EFD00EC000112E00F000029
:10DB7000EC0001320C205151840101020010000020
:10DB8000FFFFFFFF03020000FC4F010350D8010814
:10DB900010400100014100003C4001000000000075
:10DBA00048400100A00700035040010000000000B1
:10DBB0005C4001000000000008410100FF4C000033
:10DBC00054C00700512130000E000DE62A0000006D
:10DBD0000405060708000000D1B602006005000039
:10DBE00040400701000050510000A021100000003B
:10DBF000000000861FC0810000000020000000001F
:10DC000064400501000000404902F00040080000A7
:10DC1000020000009200080088400F01DA032A0089
:10DC2000000000E0000000000102071121374B5AFC
:10DC300067696254402915050000000001020304D1
:10DC400004040303030303020202020202010101AE
:10DC500000000000000000001C41010100B0B18C78
:10DC600038410701BC200AF0B6555200055B9840C8
:10DC70008E6E8294233C4852893B4000C003008052
:10DC80005C410101FFDD000068410701E853FA0033
:10DC90000000004000000000000000000000000044
:10DCA0000000000000000000D04103010000AAAA0B
:10DCB000D000000004001200E04113010000000049
:10DCC000FFAB000A5CF10F00D341020095EDB100FB
:10DCD000197BD80F1208B904EA1B6D1FC9B7C20A15
:10DCE0000B203B00430600005962F300727E960051
:10DCF000A73D1900D022F13B000000A00000000069
:10DD000040000000000000004C4201010800030434
:10DD1000684201010100000038800101F147100054
:10DD2000A080020170780300D5C00000A880011116
:10DD3000F0010000A88001310542CB01AC80011147
:10DD4000F0010000AC80013105228D00EC000112D1
:10DD5000E00F0000EC0001320C205111840101029F
:10DD600000000000FFFFFFFF03080000FC4F01035D
:10DD700050D8010810400100014100003C40010062
:10DD80000000000048400100A007000350400100CF
:10DD9000000000005C40010000000000084101009C
:10DDA000FF4C000054C00700512130000E000DE66A
:10DDB0002A0000000405060708000000D1B6020092
:10DDC0006005000040400701000050510000A02104
:10DDD00010000000000000861FC08100000000202D
:10DDE0000000000064400501000000404902F0000E
:10DDF00040080000020000009200080088400F0167
:10DE0000D7032A00000000E0000000000002050D1A
:10DE10001A2D3F506068696357463525150D09086E
:10DE200007060505040404030303030202020202B9
:10DE30000101010101010101010101011C41010177
:10DE400000B0B18C38410701BC200AF0B655520031
:10DE5000055B98408E6E8294233C4852893B40007B
:10DE6000C00300805C410101FFDD00006841070143
:10DE7000E853FA000000004000000000000000002D
:10DE8000000000000000000000000000D04103017D
:10DE90000000AAAAD000000004001200E041130113
:10DEA00000000000FFAB000A5CF10F00D34102004C
:10DEB00095EDB100197BD80F1208B904EA1B6D1F4C
:10DEC000C9B7C20A0B203B00430600005962F300A9
:10DED000727E9600A73D1900D022F13B000000A001
:10DEE0000000000040000000000000004C42010162
:10DEF00008000304684201010100000038800101AC
:10DF0000F1471000A080020170780300FFC00200FA
:10DF1000A8800111F0010000A88001310542CB0169
:10DF2000AC800111F0010000AC800131050A0D0048
:10DF3000EC000112E00F0000EC0001320C20511146
:10DF40008401010200000000FFFFFFFF0303000047
:10DF5000FC4F0103A4D8010810400100004100005B
:10DF60003C40010010000000484001002007000371
:10DF700050400100000400005C4001000D0F000053
:10DF80000841010003C0010054C0070051113000D6
:10DF90000E000DE62A000000080B0C0D0D0000001D
:10DFA000D1B602008005000040400701000020704B
:10DFB0000000A01110000000300000461FC88100C2
:10DFC00000200030008000006440050100000000D7
:10DFD000B904F800400800001000000092000A0098
:10DFE00088400F01B703120000000060000000002D
:10DFF0000002050D1C2F42536269686053402E1FBA
:10E00000110A0808080807060504030302020201B2
:10E0100001010101000000000000000000000000FC
:10E020001C41010100302C8C38410701BC200AF052
:10E0300049C0510001000040B75635120078085021
:10E0400009084000C00300805C410101000000009D
:10E05000684107014CD4E83B04190D70080E141AEE
:10E0600020262C32383E10325476980A1D6940B46E
:10E07000D041030100000000D000000000000200B9
:10E08000E041130100000000E2CFDD2C7EB63A0033
:10E09000600919005122E2004CB9510E3982A904DD
:10E0A000D8229B29E2CFDD2C7EB63A006009190008
:10E0B0005122E2004CB9510E3982A904D8229B2981
:10E0C0000000000000000000440000003C3C3C3C1C
:10E0D0004C420101080000046842010100000000F8
:10E0E00038800101F1471000A08002017038030060
:10E0F000D0000000A8800111F0010000A8800131CB
:10E10000055AFD01AC800111F0010000AC80013125
:10E11000053EFD00EC000112E00F0000EC000132B2
:10E120000C2051118401010200000000FFFFFFFFDD
:10E1300003040000FC4F0103F8D80108104001005F
:10E14000004100003C400100100000004840010078
:10E150002017000350400100010400005C40010052
:10E160000D0F00000841010003C0010054C007006A
:10E17000511130000E000DE62A000000080B0C0DB6
:10E180000D000000D1B602008005000040400701EC
:10E19000000020700000A0111000000030000046B8
:10E1A0001FC881000020003000800000644005018D
:10E1B00000000000B904F800400800001000000052
:10E1C00092000A0088400F01B703120000000060AF
:10E1D000000000000002050D1C2F425362696860B8
:10E1E00053402E1F110A08080808070605040303F8
:10E1F0000202020101010101000000000000000014
:10E20000000000001C41010100302C8C3841070146
:10E21000BC200AF049C0510001000040B756351239
:10E220000078085009084000C00300805C410101EB
:10E2300000000000684107014CD4E83B04190D7050
:10E240000A10161C22282E343A4010325476980AAE
:10E250001D6980A4D041030100000000D00000002F
:10E2600000000200E041130100000000E2CFDD2CBD
:10E270007EB63A00600919005122E2004CB9510EF5
:10E280003982A904D8229B29E2CFDD2C7EB63A0040
:10E29000600919005122E2004CB9510E3982A904DB
:10E2A000D8229B290000000000000000440000006C
:10E2B0003C3C3C3C4C420101080000046842010126
:10E2C0000000000038800101F1471000A080020129
:10E2D00070380300D0000000A8800111F001000098
:10E2E000A8800131055AFD01AC800111F001000048
:10E2F000AC800131053EFD00EC000112E00F000092
:10E30000EC0001320C2051118401010200000000D8
:10E31000FFFFFFFF03050000FC4F01034CD901087C
:10E3200010400100004100003C40010000000000DE
:10E330004840010020070003504001000000000099
:10E340005C4001000D0F000008410100FF4C00007F
:10E3500054C00700511130000E000DE62A000000E5
:10E36000080B0C0D0D000000D1B60200E004000007
:10E3700040400701000020700000A01110000000C4
:10E38000000000461FC08100000000200080000047
:10E390006440050100000000B904F80040080000D6
:10E3A000100000009100040088400F01B703120024
:10E3B00000000060000000000002050D1C2F425309
:10E3C0006269686053402E1F110A08080808070692
:10E3D0000504030302020201010101010000000023
:10E3E00000000000000000001C41010100302C8CE6
:10E3F00038410701BC200BF049C05100055BA0402B
:10E400008E6E82942182485209084000C00D00801F
:10E410005C410101FFDD0000684107014CD4E83B8D
:10E4200004190D50080E141A20262C32383E1032D2
:10E430005476980A1D0040B4D0410301000000004A
:10E44000D000000004001200E04113010000008031
:10E45000E2CFDD2C7EB63A00600919005122E200BD
:10E460004CB9510E3982A904D8229B29E2CFDD2C68
:10E470007EB63A00600919005122E2004CB9510EF3
:10E480003982A904D8229B29000000000000000066
:10E49000440000003C3C3C3C4C42010108000304A9
:10E4A000684201010000000038800101F1471000BE
:10E4B000A080020170380300D0000000A880011184
:10E4C000F0010000A8800131055AFD01AC80011166
:10E4D000F0010000AC800131053EFD00EC000112AE
:10E4E000E00F0000EC0001320C2051118401010208
:10E4F00000000000FFFFFFFFA4D90108809C2B8FC4
:10E5000080841E00000000002500FF7FE04A0020FC
:10E5100000000000A0D9010800000000A4D90108F3
:10E52000809C2B8F80841E00000026002600B700F0
:10E53000E04A002000000000A0D90108000000000F
:10E54000A4D90108809C2B8F80841E000000270026
:10E5500027008C00E04A002000000000A0D901083C
:10E560000000000088DB0108809C2B8F80841E0047
:10E57000000000002500FF7FE04A002000000000AE
:10E5800084DB01080000000088DB0108809C2B8FE1
:10E5900080841E00000026002600A000E04A002023
:10E5A0000000000084DB01080000000088DB010897
:10E5B000809C2B8F80841E00000027002700FF7F97
:10E5C000E04A00200000000084DB01080000000099
:10E5D0006CDD0108809C2B8F80841E0000000000F1
:10E5E0002200FF7FE04A00200000000068DD0108F3
:10E5F000000000006CDD0108809C2B8F80841E00D1
:10E60000000023002300B600E04A002000000000C4
:10E6100068DD0108000000006CDD0108809C2B8F84
:10E6200080841E000000240024009D00E04A002099
:10E630000000000068DD0108000000006CDD01083A
:10E64000809C2B8F80841E000000250025007D000B
:10E65000E04A00200000000068DD01080000000022
:10E660006CDD0108809C2B8F80841E00000026003A
:10E6700026005300E04A00200000000068DD010889
:10E68000000000006CDD0108809C2B8F80841E0040
:10E69000000027002700FF7FE04A00200000000064
:10E6A00068DD01080000000050DF0108809C2B8F0E
:10E6B00080841E00000000002500FF7FE84A002043
:10E6C000000000004CDF01080000000050DF0108DE
:10E6D000809C2B8F80841E00000026002600B7003F
:10E6E000E84A0020000000004CDF010800000000A4
:10E6F00050DF0108809C2B8F80841E0000002700C3
:10E7000027008C00E84A0020000000004CDF0108D0
:10E710000000000034E10108809C2B8F80841E00E3
:10E72000000000002500FF7FE84A002000000000F4
:10E7300030E101080000000034E10108809C2B8FCB
:10E7400080841E00000026002600B700E84A002052
:10E750000000000030E101080000000034E1010881
:10E76000809C2B8F80841E000000270027008C00D7
:10E77000E84A00200000000030E10108000000002D
:10E7800018E30108809C2B8F80841E00000000008D
:10E790002500FF7FE84A00200000000014E3010884
:10E7A0000000000018E30108809C2B8F80841E006D
:10E7B000000026002600B700E84A00200000000004
:10E7C00014E301080000000018E30108809C2B8F6F
:10E7D00080841E000000270027008C00E84A0020EB
:10E7E0000000000014E30108000000000C400100DC
:10E7F0000181010020400200000000000100000033
:10E800003040030000000000000000000000000095
:10E810004040020000000000004000006040010095
:10E8200001010000A840010007000000BC400400F6
:10E8300000000000000000000000000000000000D8
:10E840000C410300FF4C0000FF4D0000FF4D000095
:10E8500020C0011000F8070020C00130F502280197
:10E8600024C00110FF00000024C00130001300008C
:10E8700028C00800EC80B30343754051A00F00F896
:10E8800000400000A8AA07000000000000000000EF
:10E890000000000070C00900BA1000000004200051
:10E8A000041880000B3C2001187C10022FFCE006AD
:10E8B0007F0000000000000000000000A8C005006C
:10E8C000BD4B721511A3180510325476980A00003A
:10E8D00000000000CCC004000100000000000000A7
:10E8E00001000A00010028000800010108070000DB
:10E8F00018000101AAAAAA00200001010060DA00A4
:10E900005C40020100000003000000207840040188
:10E9100029417671000000008C000C00000000000E
:10E92000C4400401000000000000000000000000DE
:10E9300000000000E040010100020000104102015F
:10E94000331E05000000000020410201000000000D
:10E95000FF0483072C410301FF06660CFF048307B5
:10E960008813FF03584101010000000064410101C8
:10E970000C010000844105010101000000000000BD
:10E98000000000000000000000000000A44102019F
:10E990000000000000000000B04102010000000083
:10E9A00058923EC0BC4103010000000000003C0042
:10E9B000699006002C42030160180040000000002E
:10E9C000000000003C42010100000000444201013F
:10E9D00014000000804202010000000081000000DD
:10E9E000984205013F000002FFFF0000FFFF00000A
:10E9F000FF030000FFFF0000B4420101000000001F
:10EA000030430A0140002001A0000000085000012E
:10EA10001F1F1F1F1F1F1F1B18151311100E0D0C7A
:10EA200045C1872F00000000000000001080010198
:10EA3000030000003C80010101000000B0800201E1
:10EA400000030002370000019C000102000C0004DA
:10EA5000D8000302050040AA88010000C0000000A1
:10EA6000F00001022B0100001001011200FF0F0055
:10EA700010010132020000315001011200C00100FA
:10EA800050010132C100A2007401010269811B0C16
:10EA90007801011200001C00780101321004E0CF5F
:10EAA000800101127907000080010132020000009C
:10EAB0008801010250000000FFFFFFFFED1700007A
:10EAC000ED170000F401000000000000020000004B
:10EAD000C017530206140000802FA604053800005A
:10EAE000A00800000000580901040706100A0104EC
:10EAF0000707C80A00040807800B00040808380C40
:10EB0000000409086108000000008A0800000000F5
:10EB1000C709010404032C0B01040404920C010432
:10EB200005040000E1190000E1190000F4010000F3
:10EB300000000000193F0106041001000001010659
:10EB40000010270000090000000000000000000085
:10EB500014000000666666000000000034EB010847
:10EB600024EB0108000A000000000000005A6202C5
:10EB700080841E000420F800F147500200000000CD
:10EB8000CCEA0108000000000000000000000000C6
:10EB900062841E0000000000000000000000000071
:10EBA000000000001400000066666600000000001F
:10EBB00034EB010824EB0108000B0000000000000A
:10EBC000005A620280841E000420F800F1475002BF
:10EBD00000000000CCEA0108000000000000000076
:10EBE0000000000062841E00000000000000000021
:10EBF00000000000000000001400000066666600CF
:10EC00000000000034EB0108BCEA0108000000002D
:10EC100000000000005A620280841E000420F600FA
:10EC2000F147500200000000CCEA0108000000009B
:10EC3000000000000000000062841E0000000000D0
:10EC400000000000000000000000000005010000BE
:10EC5000FC4F0103F8EB010820C0011000F8070089
:10EC600020C001301402280124C00110FF00000060
:10EC700024C001300043000044C001002E02000007
:10EC800068C00200D1B60200C0060000D0C001007A
:10EC9000000000004C40030120F91304070062004B
:10ECA00038700000604002010068010F40B8244045
:10ECB00080400101236300008C400201008000605D
:10ECC000BE0A000020410101590B0000384101013A
:10ECD00090200AF05C410101001E00006C410B0114
:10ECE00000140CC0141A21282E343B4249504355BD
:10ECF0007698BA0C237300000101000017212864E4
:10ED000014171A002004C87DA1203A09A841010166
:10ED1000290000003C420101000000008042020185
:10ED20000000000081000000A0420301FFFF00007E
:10ED3000FF030000FFFF0000B442010100000000DB
:10ED40003043030140002001A000000008500001F2
:10ED50004C43010145C1872FFFFFFFFF050E000057
:10ED600005020000FC4F0103A4EB010820C00110C4
:10ED700000F8070020C00130FE01280124C0011066
:10ED8000FF00000024C001300014000044C0010056
:10ED90000000000068C0020088C6020000050000F4
:10EDA000D0C00100A10000004C40030120FB13046F
:10EDB00007C042000000000060400201000000287F
:10EDC00000800200804001015A01A0088C4002012D
:10EDD0000000006000000000204101010000000070
:10EDE00038410101BC200AF05C4101010310000020
:10EDF0006C410B010000004000000000000000001A
:10EE00000000000000000000000000000101000000
:10EE100000000000000000000000000000000000F2
:10EE2000A8410101000000003C4201011201000064
:10EE3000804202010100094001081000A0420301C4
:10EE40000000E8030002000000001000B4420101CD
:10EE50000000C00030430301410040024001AC0407
:10EE600050B000014C4301015D280F2DFFFFFFFF53
:10EE7000050A0000FC4F0103A4EB010820C00110AB
:10EE800000F8070020C00130FE01280124C0011055
:10EE9000FF00000024C001300014000044C0010045
:10EEA0000000000068C0020088C6020000050000E3
:10EEB000D0C00100A10000004C40030120FB13045E
:10EEC00007C042000000000060400201000000286E
:10EED00000800200804001015A01A0088C4002011C
:10EEE000000000600000000020410101000000005F
:10EEF00038410101BC200AF05C410101031000000F
:10EF00006C410B0100000040000000000000000008
:10EF100000000000000000000000000001010000EF
:10EF200000000000000000000000000000000000E1
:10EF3000A8410101000000003C4201011201000053
:10EF4000804202010100094001081000A0420301B3
:10EF50000000E8030002000000001000B4420101BC
:10EF60000000C00030430301410040024001B405ED
:10EF700050B000014C4301015D280F2DFFFFFFFF42
:10EF800005090000FC4F0103F8EB010820C0011047
:10EF900000F8070020C001301402280124C001102D
:10EFA000FF00000024C001300043000044C0010005
:10EFB0002E02000068C00200D1B60200C0060000A8
:10EFC000D0C00100000000004C40030120F91304F0
:10EFD0000700620038700000604002010068010F05
:10EFE00040B8244080400101236300008C400201AE
:10EFF00000800060BE0A000020410101590B0000A2
:10F000003841010190200AF05C410101001E00001E
:10F010006C410B0100140CC01A20272E343A4148D1
:10F020004F56546687A9CB0D2373000001010000E1
:10F0300017272E6A14171A002004C87DA1203A0948
:10F04000A8410101290000003C420101000000002C
:10F05000804202010000000081000000A042030184
:10F06000FFFF0000FF030000FFFF0000B4420101AA
:10F07000000000003043030140002001A000000018
:10F08000085000014C43010145C1872FFFFFFFFFDE
:10F0900050EC01084063598F404B4C000B000B00B3
:10F0A0001A00FF7FF04A0020000000004CEC01082D
:10F0B00000000000000000004063598F404B4C00EE
:10F0C0000B000B001A00FF7FF04A00200000000038
:10F0D0005CED0108000000000C40020001801400FB
:10F0E0007F400000204002000000000000000000FF
:10F0F0003040070000000000000000000000000099
:10F10000000000000000000000400000A007000315
:10F1100050400100000000005C40020000000000C0
:10F1200000000000A840010007000000BC400400EF
:10F1300000000000000000000000000000000000CF
:10F140000841040000400000FF4C000000410000A6
:10F15000FF4D000020C0011000F8070020C0013062
:10F16000FE01280124C00110FF00000024C001306E
:10F170000014000028C00800EC80B3034375405120
:10F18000A00F00F800400000A8AA0700000000003F
:10F19000000000000000000054C010005131300099
:10F1A000070007E615000000040606070700000038
:10F1B00088C6020000050000BA100000000420000C
:10F1C000041880000B3C2001187C10022FFCE00684
:10F1D0007F0000000000000000000000A8C0050043
:10F1E000BD4B721511A3180510325476980A000011
:10F1F00000000000CCC0040001000000A1000000DD
:10F2000001000A00010028000800010104070000B5
:10F210001800010100000000200001010884000026
:10F220004040250100000000000000001000000028
:10F2300020FB130407C04200000000000000000093
:10F24000000000030000002020B802004902F00086
:10F250004108000002000000B0070800A7000000FD
:10F26000000000005A02A0089BC34A74F0030F007C
:10F2700000000060000000000101103050707F7F2E
:10F28000000000000000000000000000000000007E
:10F29000000000000000000000000000000000006E
:10F2A000000000000000000000000000000000005E
:10F2B0000000000000000000E0400101000200002A
:10F2C00010410201731E0500000000001C410301F3
:10F2D0000090C28B11010000FF0483072C410A013A
:10F2E000FF06660CFF0483078813FF03BC200AF0A7
:10F2F000F854520000000000B756351200000050CC
:10F30000803B0000000000005841020100000000A6
:10F310000310000064410D010C010000E853FA00E5
:10F32000000000400000000000000000000000009D
:10F3300000000000000000000101000000000000CB
:10F34000000000000000000000000000A4410201D5
:10F350000000000000000000B041020100000000B9
:10F3600000002000BC4103010000000000003C0040
:10F3700069900600D041030100000000D0000000A9
:10F3800000000200E041160100000000DE635E366E
:10F39000BF6F07006FEA1600E530CE00B2B9D90E94
:10F3A0004B8494045A1FA924DE635E36BF6F0700A6
:10F3B0006FEA1600E530CE00B2B9D90E4B84940442
:10F3C0005A1FA92400000000000000002C000000CB
:10F3D00007EE753660180000000000000000000015
:10F3E0003C420101120100004442010114000000EE
:10F3F0004C420101080000046842010100000000C5
:10F4000080420201010009400108100098420501F4
:10F410003F000002FFFF00000000E80300020000C0
:10F4200000001000B44201010000C00030430A0196
:10F43000400040024001AC0450B000011F1F1F1FDC
:10F440001F1F1F1B18151311100E0D0C5D280F2DFB
:10F450000000000000000000108001010300000017
:10F4600038800201F1471000010000009C80030178
:10F47000EB400200D5C00000D5C00000A8800111FB
:10F48000F0010000A880013105228D00AC8001113F
:10F49000F0010000AC80013105228D00B080020136
:10F4A0003F000001370000019C000102000C000435
:10F4B000D8000302050040AA88010000C000000037
:10F4C000EC000112E00F0000EC0001320C205111A1
:10F4D000F00001022B0100001001011200FF0F00DB
:10F4E00010010132020000315001011200C0010080
:10F4F00050010132C100A2007401010269F11F0C28
:10F500007801011200001C00780101321004E01F94
:10F51000800101127907000084010202000000004E
:10F5200048000000FC4F010350EB0108FFFFFFFF04
:10F5300064ED01084063598F404B4C000B000B00F9
:10F540001A00FF7FF04A00200000000060ED010873
:10F550000000000074EE01084063598F404B4C00DE
:10F560000B000B001A00FF7FF04A00200000000093
:10F5700070EE01080000000084EF01084063598F1D
:10F58000404B4C000B000B001A00FF7FF04A00209C
:10F590000000000080EF0108000000000C400200A5
:10F5A000018014007F4000002040020000000000A5
:10F5B00000000000304007000000000000000000D4
:10F5C00000000000000000000000000000400000FB
:10F5D000A007000350400100000000005C40020052
:10F5E0000000000000000000A8400100070000002B
:10F5F000BC4004000000000000000000000000000B
:10F60000000000000841040000400000FF4C000022
:10F6100000410000FF4D000028C00700EC80B3034C
:10F6200043754051A00F00F800400000A8AA070051
:10F63000000000000000000054C0050051313000FF
:10F640000E000DE62A000000080B0C0D0D00000056
:10F6500070C00900BA1000000004200004188000E7
:10F660000B3C2001187C10022FFCE0067F000000FC
:10F670000000000000000000A8C00500BD4B72158E
:10F6800011A3180510325476980A000000000000FB
:10F69000CCC0010001000000D4C0020001000A003B
:10F6A0000100280008000101040700001800010102
:10F6B0000000000020000101088400004040030118
:10F6C000000000000000000010000000584002018F
:10F6D0000000000000000003684006014902F0003D
:10F6E0004108000002000000B0070800A700000069
:10F6F00000000000844002019BC34A74F0030F0025
:10F70000944010010101103050707F7F0000000014
:10F7100000000000000000000000000000000000E9
:10F7200000000000000000000000000000000000D9
:10F7300000000000000000000000000000000000C9
:10F7400000000000E0400101000200001041020141
:10F75000331E0500000000001C4101010090C28B17
:10F7600024410101FF0483072C410301FF06660CBD
:10F77000FF0483078813FF033C410601F85452003D
:10F7800000000000B756351200000050803B00001A
:10F790000000000058410101000000006441020126
:10F7A0000C010000E853FA00A44101010000000030
:10F7B000B04102010000000000002000BC41030134
:10F7C0000000000000003C0069900600D0410301E9
:10F7D00000000000D000000000000200E04116011F
:10F7E00000000000DE635E36BF6F07006FEA1600A0
:10F7F000E530CE00B2B9D90E4B8494045A1FA92427
:10F80000DE635E36BF6F07006FEA1600E530CE009C
:10F81000B2B9D90E4B8494045A1FA92400000000E9
:10F82000000000002C00000007EE75366018004054
:10F83000000000000000000044420101140000002C
:10F840004C42010108000004684201010000000070
:10F85000984202013F000002FFFF00003C43040108
:10F860001F1F1F1F1F1F1F1B18151311100E0D0C1C
:10F870005043020100000000000000001080010160
:10F880000300000038800201F14710000100000071
:10F890009C800301EB40020070780300D5C000009B
:10F8A000A8800111F0010000A88001310542CB01C0
:10F8B000AC800111F0010000AC80013105228D0007
:10F8C000B080020100030002370000019C00010229
:10F8D000000C0004D8000302050040AA88010000C3
:10F8E000C0000000EC000112E00F0000EC0001324B
:10F8F0000C205111F00001022B0100001001011237
:10F9000000FF0F001001013202000031500101120E
:10F9100000C0010050010132C100A20074010102C7
:10F9200069811B0C7801011200001C007801013272
:10F930001004E0CF8001011279070000800101323C
:10F9400002000000840102020000000050000000DC
:10F95000FFFFFFFF02000000C01753020614000063
:10F96000802FA60405380000A008000000005809F8
:10F9700001040706100A01040707C80A0004080763
:10F98000800B00040808380C000409086108000016
:10F9900000008A0800000000C709010404032C0BC2
:10F9A00001040404920C010405040000DBD61000DD
:10F9B000DBD6100020A1070000000000193F01065F
:10F9C0000410010000010002020000000005000117
:10F9D0000100000000000000140000000000000012
:10F9E00000000000BCF90108ACF9010800000000AB
:10F9F0000000000070305E01E80300000102F20028
:10FA0000330410030000000054F901080000000056
:10FA10000000000000000000D0070000000000000F
:10FA200000000000000000000000000000000000D6
:10FA3000000000008008089240420F000000000013
:10FA40000000FF7FF84A0020000000002CFA0108A7
:10FA5000000000000C400200000000000040000018
:10FA6000204002000F0000000000000030400700AE
:10FA70000000000000000000000000000000000086
:10FA8000000000000040000000070003504001009B
:10FA9000000000005C4002000000000000000000C8
:10FAA000A840010007000000BC4004000000000066
:10FAB00000000000000000000000000008410400F9
:10FAC000FF40000000000000FF41000000000000B7
:10FAD00020C0011000F8070020C0013000012801FB
:10FAE00024C00110FF00000024C0013000130000FA
:10FAF00028C00800EC80B30343754051A00F00F804
:10FB000000400000A8AA070000000000000000005C
:10FB10000000000054C0100051213000F400E3E662
:10FB2000A354000086B7CFDCE300000088C60200C3
:10FB300040070000BA1000000004200004188000F4
:10FB40000B3C2001187C10022FFCE0067F00000017
:10FB50000000000000000000A8C00500BD4B7215A9
:10FB600011A3180510325476980A00000000000016
:10FB7000CCC00400010000000000000001000A00E9
:10FB800001002800080001014407000018000101DD
:10FB9000000000002000010101A0000040402501FC
:10FBA00000000000000000001000000091010000B3
:10FBB00001C0020600300000000000000000000349
:10FBC0000000002000000000427206004108000012
:10FBD000F00704001000000000000000000000001A
:10FBE0000000AC08000000001C030F0000000060D3
:10FBF0000000000000000000000000000000000005
:10FC000000000000000000000000000000000000F4
:10FC100000000000000000000000000000000000E4
:10FC200000000000000000000000000000000000D4
:10FC300000000000E040010100020000104102014C
:10FC4000331E0500000000001C4103010010568B0C
:10FC500000000000FF0483072C410A01FF06660C28
:10FC6000FF0483078813FF03BC200AF056335000BB
:10FC700000000000B756351200000050803B000025
:10FC800000000000584102010000000000000000D8
:10FC900064410D010C010000E853FA00000000402F
:10FCA0000000000000000000000000000000000054
:10FCB0000000000001010000000000000000000042
:10FCC0000000000000000000A4410201000000004C
:10FCD00000000000B0410201000000000000200010
:10FCE000BC4103010000000000003C0069900600D8
:10FCF000D0410301000000001000000000000200DD
:10FD0000E041160100000000E6E7FF0BCDA10A006C
:10FD1000BD066A005EB04D007D02420EA5B622020D
:10FD2000FF25B234E6E7FF0BCDA10A00BD066A004D
:10FD30005EB04D007D02420EA5B62202FF25B23410
:10FD400000000000000000000500000000000000AE
:10FD50006018004000000000000000003C4201016B
:10FD60000000000044420101140000004C42010167
:10FD70000800000468420101000000008042020106
:10FD80000000000081000000984205013F000002D1
:10FD9000FFFF0000FFFF0000FF030000FFFF000067
:10FDA000B44201010000000030430A01400020017C
:10FDB000A0000000085000011F1F1F1F1F1F1F1B56
:10FDC00018151311100E0D0C45C1872F00000000EF
:10FDD00000000000108001010300000038800201D3
:10FDE0003304100001000000A080020170780300BD
:10FDF000D0000000A8800111F0010000A8800131AE
:10FE00000542CB01AC800111F0010000AC80013152
:10FE1000053EFD00B0800201000300023700000132
:10FE20009C000102000C0004D8000302050040AA57
:10FE300088010000C0000000EC000112E00F00008B
:10FE4000EC0001320C205151F00001022B010000A6
:10FE50001001011200FF0F001001013202000031F9
:10FE60005001011200C0010050010132C100A20086
:10FE70007401010269811B0C7801011200001C0051
:10FE8000780101321004E0CF8001011279070000EF
:10FE90008001013202000000840102020010000013
:10FEA00050000000FC4F0103D8F90108FFFFFFFFDD
:10FEB000ECE7010800000000F8E40108030000007E
:10FEC00000000000C0175302B0FE0108ECE7010873
:10FED0000000000064E501080300000000000000CD
:10FEE000C0175302CCFE0108ECE701080000000037
:10FEF000D0E501080600000000000000C017530212
:10FF0000E8FE0108ECE7010800000000A8E601088F
:10FF10000300000000000000C017530204FF0108A6
:10FF2000ECE701080000000014E7010803000000EE
:10FF300000000000C017530220FF0108ECE7010891
:10FF40000000000080E7010803000000000000003E
:10FF5000C01753023CFF01089CF501080000000097
:10FF600090F001080100000000000000C0175302DB
:10FF700058FF01089CF501080000000030F5010859
:10FF80000100000000000000C017530274FF0108C8
:10FF90009CF501080000000078F501080100000050
:10FFA00000000000C017530290FF01089CF50108F3
:10FFB0000000000054F501080100000000000000EE
:10FFC000C0175302ACFF0108D8F001080000000080
:10FFD000B4F001080100000000000000C017530247
:10FFE000C8FF010854FA01080000000030FA0108B7
:10FFF0000100000000000000C0175302E4FF0108E8
:020000040802F0
:10000000010000007D870008A1870008F9E90008C9
:10001000E1870008A59800084F8D0008BD970008EB
:1000200000000000000000000000000000000000D0
:1000300000000000000000000000000000000000C0
:1000400000000000000000000000000000000000B0
:10005000000000000000000000000000010000009F
:10006000010000000100000001000000010000008C
:100070000100000002000000020000000200000079
:100080000300000003000000030000000400000063
:10009000040000000500000006000000070000004A
:1000A00008000000090000000A0000000B0000002A
:1000B0000D0000000F000000110000001300000000
:1000C00015000000180000001B0000001F000000C9
:1000D00023000000280000002E0000003400000073
:1000E0003B000000440000004E0000005C000000E7
:1000F0006D00000086000000A500000001000F0058
:1001000000000F00FFFFFFFFFFFFFFFFFFFFFFFFEC
:10011000FFFFFFFFFFFFFFFFFFFFFFFFFFFFFFFFEF
:10012000FFFFFFFFFFFFFFFFFFFFFFFFFFFFFFFFDF
:1001300000000000000000000000000000000000BF
:100140000000000000000000010100033F0000006B
:10015000FFFFFFFFFFFFFFFFFFFFFFFFFFFFFFFFAF
:100160002C2066756E6374696F6E3A20006173733C
:10017000657274696F6E2022257322206661696C36
:1001800065643A2066696C6520222573222C206CF8
:10019000696E65202564257325730A00232D302B95
:1001A0002000686C4C006566674546470030313278
:1001B00033343536373839414243444546003031CF
:1001C0003233343536373839616263646566005BD3
:1001D00025635D2000252E2A7325733A2000666171
:1001E0006C73650075696E7431365F74206F743A94
:1001F0003A5370696E656C3A3A4275666665723A52
:100200003A47657444697374616E636528636F6E01
:1002100073742075696E74385F742A2C20636F6E56
:1002200073742075696E74385F742A2C2044697267
:10023000656374696F6E2920636F6E7374002F732A
:1002400072632F73696D706C69636974795F73642D
:100250006B5F323032362E362E312F6F70656E74F2
:1002600068726561645F737461636B2F7574696C28
:100270002F74686972645F70617274792F6F706532
:100280006E7468726561642F7372632F6C69622F7C
:100290007370696E656C2F7370696E656C5F6275E3
:1002A000666665722E63707000FFFFFFFFFFFFFF41
:1002B000FF0070726F63657373006D61696E005447
:1002C00068726561640048616E646C6572002C2020
:1002D00000526573657420696E666F3A2030782528
:1002E00078202825732900457874656E646564203C
:1002F000526573657420696E666F3A2030782532D6
:10030000582028257329002573206D6F646520759A
:1003100073696E6720257320737461636B202825D1
:10032000346C7820746F2025346C78292C2053503D
:10033000203D2025346C7800257520627974657322
:1003400020757365642028257525252920696E2070
:10035000257320737461636B20286F7574206F663A
:1003600020257520627974657320746F74616C291F
:10037000005350206973206F75747369646520257C
:100380007320737461636B2072616E67652100492D
:100390006E746572727570747320616374697665CA
:1003A00020286F72207072652D656D7074656420F1
:1003B000616E6420737461636B6564293A00202563
:1003C00075004E6F20696E7465727275707473205B
:1003D0006163746976650052657365742063617545
:1003E00073653A205761746368646F67206578703D
:1003F000697265642C206E6F2072656C6961626C35
:100400006520657874726120696E666F726D6174C3
:10041000696F6E0052657365742063617573653A28
:10042000205761746368646F6720636175676874DF
:10043000207769746820656E68616E636564206901
:100440006E666F00496E737472756374696F6E20A7
:10045000616464726573733A2025346C7800526568
:100460007365742063617573653A204173736572B7
:10047000742025733A256C6400526573657420639B
:10048000617573653A2048617264204661756C74C9
:1004900000484653522E5645435454424C3A206528
:1004A00072726F722072656164696E67207665632F
:1004B000746F72207461626C6520666F7220616E69
:1004C00020657863657074696F6E00484653522EDC
:1004D000464F524345443A20636F6E6669677572B2
:1004E00061626C65206661756C7420636F756C6405
:1004F000206E6F742061637469766174650048468C
:1005000053522E44454255474556543A206661752C
:100510006C742072656C6174656420746F2064650E
:10052000627567202D20652E672E2C206578656307
:100530007574656420424B50540052657365742095
:1005400063617573653A204D656D6F7279204D61F9
:100550006E6167656D656E74204661756C740049E7
:100560006C6C6567616C20616363657373206164A3
:1005700064726573733A2025346C78004346535295
:100580002E25730052657365742063617573653A37
:1005900020427573204661756C7400416464726515
:1005A0007373206973206F6620616E20696E7374A7
:1005B00072756374696F6E2061667465722062750E
:1005C00073206661756C74206F6363757272656405
:1005D0002C206E6F74207468652063617573652EBE
:1005E00000434653522E286E6F6E6529206C6F6152
:1005F00064206F722073746F726520617420616E65
:1006000020696C6C6567616C2061646472657373EA
:100610000052657365742063617573653A20557384
:10062000616765204661756C74005265736574205E
:1006300063617573653A204465627567204D6F6E1E
:1006400069746F72204661756C74002573203D20BB
:1006500030782530386C7825730075696E74385F92
:10066000742A206F743A3A5370696E656C3A3A4254
:1006700075666665723A3A4765745570646174656B
:10068000644275665074722875696E74385F742A96
:100690002C2075696E7431365F742C204469726544
:1006A0006374696F6E2920636F6E7374006E756D6D
:1006B0005365676D656E7473203C3D206B4D6178AA
:1006C0005365676D656E7473006F744572726F72F7
:1006D000206F743A3A5370696E656C3A3A427566A7
:1006E0006665723A3A4F75744672616D6552656D12
:1006F0006F76652829006D57726974654469726563
:100700006374696F6E20213D206B556E6B6E6F7741
:100710006E006F744572726F72206F743A3A537044
:10072000696E656C3A3A4275666665723A3A496E28
:100730004672616D65417070656E642875696E748E
:10074000385F7429004672616D696E672065727248
:100750006F722025643A205B002025303258005DFE
:100760000A004941434356494F4C3A20617474652D
:100770006D7074656420696E737472756374696FEB
:100780006E2066657463682066726F6D2061206EEE
:100790006F2D657865637574652061646472657337
:1007A00073004441434356494F4C3A206174746589
:1007B0006D70746564206C6F6164206F7220737457
:1007C0006F726520617420616E20696C6C65676171
:1007D0006C2061646472657373004D554E53544BC5
:1007E0004552523A20756E737461636B2066726F66
:1007F0006D20657863657074696F6E2072657475BD
:10080000726E2063617573656420616363657373E1
:100810002076696F6C6174696F6E004D53544B455F
:1008200052523A20737461636B696E672066726F0F
:100830006D20657863657074696F6E206361757390
:100840006564206163636573732076696F6C61749E
:10085000696F6E004D4D415256414C49443A204D0E
:100860004D415220636F6E7461696E732076616CC6
:100870006964206661756C74206164647265737369
:1008800000494255534552523A20696E737472754D
:100890006374696F6E207072656665746368206347
:1008A000617573656420627573206661756C740090
:1008B0005052454349534552523A2070726563691C
:1008C0007365206461746120627573206661756C64
:1008D0007400494D5052454349534552523A20699C
:1008E0006D707265636973652064617461206275FF
:1008F00073206661756C7400554E53544B455252CB
:100900003A20756E737461636B696E67206F6E2039
:10091000657863657074696F6E2072657475726E48
:10092000206361757365642064617461206275730E
:10093000206661756C740053544B4552523A2073D3
:100940007461636B696E67206F6E20657863657094
:1009500074696F6E20656E7472792063617573655A
:1009600064206461746120627573206661756C74C3
:10097000004246415256414C49443A204246415277
:1009800020636F6E7461696E732076616C69642098
:100990006661756C74206164647265737300554E92
:1009A000444546494E5354523A2074726965642056
:1009B000746F206578656375746520616E20756E4F
:1009C000646566696E656420696E737472756374BC
:1009D000696F6E00494E5653544154453A20696E32
:1009E00076616C69642045505352202D20652E6736
:1009F0002E2C20747269656420746F20737769747B
:100A0000636820746F2041524D206D6F646500490A
:100A10004E5650433A20657863657074696F6E2056
:100A200072657475726E20696E7465677269747927
:100A300020636865636B73206661696C6564004E52
:100A40004F43503A20617474656D7074656420740E
:100A50006F2065786563757465206120636F7072BF
:100A60006F636573736F7220696E737472756374EC
:100A7000696F6E00554E414C49474E45443A2061DE
:100A80007474656D7074656420616E20756E616C40
:100A900069676E6564206D656D6F7279206163634F
:100AA0006573730044495642595A45524F3A206182
:100AB0007474656D7074656420746F206578656307
:100AC0007574652053444956206F72205544495629
:100AD00020776974682064697669736F72206F6625
:100AE0002030000000020000E4460020100000005A
:100AF0006842002020C001B870B50822814B1A60FE
:100B0000814B1B68DC0302D50020088070BD0C8877
:100B10000019401E00787D4DA870641C0C804507AC
:100B20006D0F052D05D87A4E3668F60603D5022DD1
:100B30000DD0032070BD9604AE401E4001D10820A8
:100B400070BD052D03D1104201D1641E0C80AB484D
:100B50004860002070BDF3B582B008886D490978FF
:100B6000491CC9B2814204D202990918491E097868
:100B700000E00021654A517093785B075B0F019399
:100B80003023019C052C28D1194232D19478E508F4
:100B90001E242C40CD0702D5250001242C4301251D
:100BA000A24EE6402E4073D0019EA14FE741402463
:100BB000274037434C0602D53C0020272743947832
:100BC00089080D40A1080C260E402E43C02121406B
:100BD000314320240C43977054704B490C6855786E
:100BE000022123262E4008D0660302D52B40202B5D
:100BF00001D0052083E0434B196093789B0601D414
:100C0000202203E09278120702D540223D4B1A6061
:100C10003E4A92786B461A70C022864B1E680E4080
:100C200001D1154212D06E46377827263E40232E3A
:100C300003D1E60207D4012606E0252E03D0212E9B
:100C400004D1260302D504262E4F3E601B681940AE
:100C50002026019F002F1DD11E4028D02B4B5B78F2
:100C60001A40402A14D00C221A40042A10D02A0715
:100C70003CD40122002903D0E200D10F01224A40D6
:100C800069460978CB07DB0F1A422FD021012AD4FD
:100C9000072034E0022FE1D11E4008D00029DDD129
:100CA000CC232B4003D16B461B785B0601D5032078
:100CB00025E0A30311D59D4E73691B051B0D5B1C1D
:100CC0003668F60205D59A4E36683607B60F9B1B76
:100CD0005B1E9BB2052B04D1C0E7029B1B78052B42
:100CE000BCD006200BE08021064A1160E90702D43F
:100CF000401C03990880AC4803994860002004B068
:100D0000F0BD00004C1002A8D83E0000303E0000AC
:100D1000480002A84C3E0000F2B586494978CA074F
:100D200005D4009A12888018401E057800E000253E
:100D30009E4C206802229E4B1E68F60611D524693F
:100D40006540EDB2002D03D15E68E50975401540A0
:100D5000002D03D0040204D40A20F2BDD406954E1F
:100D60003460744C2D02C0270F402F43914D2F60EB
:100D7000A5786E07760F022E06D15B681A4003D164
:100D8000002000990880F2BDA0230B40AE08102778
:100D900037401F433B090E0702D41E001023334384
:100DA000CC220A401A261E400A2E04D1CC2A02D098
:100DB0001E00FD233340804EDE40F60705D40004BC
:100DC00016D5412D10D1082912D17C48D8401121C7
:100DD000014011432020084320700D21014000985C
:100DE00008D000F0A9F8F2BD0B2D01D10029ECD0FC
:100DF0000720F2BD00F020F8F2BD0000BF34000073
:100E000038B50C006E490A78130953399D00491909
:100E100025881207120FAA1AD21A8018FEF74DFD64
:100E2000010002D1200000F007F832BDF300A3E377
:100E3000981440684C0002A8F8B5040061480568A1
:100E40003C4F3878D026304202D00D21014005D0E9
:100E500008205D490860EF20FEF7F3FC3978200098
:100E6000314204D00909397000F066F8F2BD05215D
:100E700029401FD001884D4AD160544BEC0705D55D
:100E8000491C0180690607D4514B05E043242C40DE
:100E9000422C03D1491C018043600DE010214A4BD4
:100EA00019604C4912689300DB0F1A010A63802213
:100EB00012030A60002101800020F2BD0A88801818
:100EC000401E0078830601D4121D0A8018220240B9
:100ED00004D0088852088018C01E0880394800686D
:100EE000C00702D50888401C0880394848600020A7
:100EF0007047344A1368DB0708D51268920705D497
:100F00000A888018401E007804280CD110202E4A30
:100F100010603048254A12689300DB0F1A01026303
:100F20008022120302600020088070470C4000A855
:100F3000080001A8303E000031B581B026480021EC
:100F400000910822254B1B7802240C252B4202D14C
:100F50000022234803E01D40082D00D10222DD07B6
:100F600003D505001E2068400094234207D0154891
:100F70000068000601D51B4801E00020C043019B2A
:100F8000194C20601948FF248470009C15012543EA
:100F9000C57001701888009940188018188014488E
:100FA0005860002036BD000081360000D83E0000A9
:100FB000480002A8481002A80D0F0C0D0717085092
:100FC000633F00004C0002A84C2002A82538000016
:100FD0005B3800001C1002A8DE1B2501303E00001B
:100FE0002084100000FCFF010C3F0000603F000067
:100FF00069370000C8C8C8C8C8C8C8C8C8C8C8C8F1
:101000000100000061340000D97E0108F98B01085D
:101010009D710108F17201088DBB0108B3B301088D
:1010200009B601083BB50108E9BD010831B5010861
:1010300001020203000000000000000000000000A8
:10104000000000000001010103040408080808086A
:1010500060340000FC040000D03C000004000000EC
:10106000303E00000300000079880108357E010849
:101070005C39000074030000D43C00000400000050
:10108000343E000004000000617101084D51010868
:101090008D6F0108AD8601082D69010861B801084E
:1010A000AFB601086DBA010807BA01080DB601080C
:1010B000040008007C0031003B001B000001000020
:1010C0000000000000000000303E00002D34000051
:1010D000453400004534000045340000453400002C
:1010E0004534000000000000000000000000000087
:1010F0000000000045340000453400004534000085
:101100002D2B0000453400005F2C00006F2C0000E8
:10111000A52D00000B2E0000932E000019300000BA
:10112000C52E0000C9300000212F0000692F0000EB
:10113000E12F00008132000079330000312C0000E3
:101140001F280000C923000045340000C528000006
:1011500045340000052A0000C9290000453400007C
:1011600045340000452A00004534000045340000A5
:10117000453400004534000045340000453400008B
:101180002B1200002112000048488068000200D4A1
:10119000704780B580208002AA490860CF2000F007
:1011A00051FA01BDF8B588480068884A80239B033E
:1011B0001360874C216809051DD5190BA025054032
:1011C00001D0116017E003403CD1824F80253D6083
:1011D000814A1560084035D0344E307A400705D535
:1011E00001207E49086000027D49086030780028AF
:1011F00001D0062801DB0020F2BD00F06CFB616825
:1012000089684C683178052905D17460A468CC21BF
:101210008901734A116000F067FB012C00DA022497
:10122000BC208005884908609420800587490860B3
:101230000020C043386460427864854805604020DF
:101240003860D8E783480160FFF79EFF0120F2BDB8
:101250005D480168890504D5C06E0004000F0228AE
:1012600001D0002070470120704738B580245948CC
:10127000046000F030FB05007748006800F06EF96C
:10128000280000F031FBFFF77FFF0848007A0007D5
:1012900005D5A0004D49086000F03CFC31BD60035D
:1012A0006C490860AC48046031BD0000383E000065
:1012B000FEB50600CC2080016849486001246848DA
:1012C0000460FFF7C5FF00287DD0664D2878002810
:1012D00079D021020196052802D032460A4072D107
:1012E000CC27BF015D4A17608D4A126881231B021B
:1012F000134001D0032301E053075B0F022805D1FF
:10130000022B5ED3080136490860F7BD4E01032861
:1013100004D1022B55D932480660F7BD042802D10A
:1013200011404ED0F7BD05284BD10198002848D078
:10133000C005C10F684641700198C004C10F6846DE
:10134000017000F0C8FA02906A6868464078002888
:1013500003D0146880202049086035048649684617
:10136000007800280CD0D0680B68C01A834B1B682B
:101370002B4001D0146800E05468844200DD040072
:10138000684640786A461278024308D008684242AC
:10139000A01E824202DA6042886000E000240298C7
:1013A00000F0A2FA0198800501D5974805600198E0
:1013B000064001D095480560002C02D0084807601F
:1013C000F7BDFFF752FFF7BD440002A8442002A872
:1013D000D83E00000CC001A890E001A8C4D000A82D
:1013E000145001A838B580248948046001201C49A4
:1013F00008601C4D2878052802D0600085490860E7
:10140000FFF726FF002812D013480068000A802149
:101410004140A868000EC9B2814208D24048006825
:101420004007400F022802D2FFF71FFF31BD7A4864
:101430000168C0220A4002D1C06F204001D0044898
:10144000046031BD1C1002A808E001A808D001A862
:1014500094D001A8441002A818C000A8106001A8E8
:10146000C4E000A8383E0000F1B582B00F00A02013
:10147000384003D08020800069494DE000F02BFA0D
:10148000009066480468F80202D5A06800690290DE
:1014900000F0ABFB80210903606800F06BF926784F
:1014A0000020761C6178B14200D2002618217143D9
:1014B00065180C3529780829F3DA2670A560594992
:1014C0002A780A70BA0507D5544800688068C06851
:1014D000FA0201D40322904388600127384003D1E7
:1014E00000F08CFC01F004F9F904686900F042F99D
:1014F0003C2000F0A7F8F0B200F0A4F860884A4958
:1015000001406180009800F0EFF938054449086017
:10151000464807603802464908600298FEBD000050
:10152000184001A810B543480068800501D4FE208A
:1015300010BDC02080034049086000F0CCF9374955
:1015400009688A78D20702D589688C7800E00C781F
:1015500000F0CAF9200010BD100002A82F49096848
:101560008A688B78DB0704D5927818235A438A1847
:101570000C3290607047000048C001A84C0002A8DF
:10158000F1B582B02D4F3C680026200F000702D134
:10159000E00102902AE001F0ABF800F09CF9019024
:1015A00080210903606800F0E5F825786D1C6078FB
:1015B000A84200D20025E80020180C3000900068F6
:1015C0000290802109030098406800F0D3F83D2084
:1015D00000F038F8E8B200F035F825700098A06007
:1015E000019800F081F902A801F0DAF814480068C7
:1015F000800407D5F86901F0CCFD02990818029023
:1016000000D502960298FEBD4C1002A84C2002A8FC
:1016100094E001A8146001A814C001A8DC3E0000F9
:10162000442002A8383E0000FEFF0000C0E000A8F1
:10163000106001A8440002A8441002A8E03E000087
:10164000FC0302A844490968002901D54349086000
:101650007047F3B581B0424FB968424C4A0058D543
:101660000125090100D521250100FE229201106803
:10167000566822689206920E94463A689300802239
:10168000134062461343802252001A4300920A001C
:1016900023D0890601D5012008E0F021014007D1BF
:1016A0006946097A0C220A4002D0022000F04AF86A
:1016B0002D49096809040AD53968090701D50226A8
:1016C00005E03968490301D5002600E003264835C6
:1016D000009A26490968890003E0009A2349896B2A
:1016E00009094023194011430207120F032A05D1AB
:1016F0002268120904231A40324316008022520045
:10170000002E02D016432666083521660243226663
:101710002566E06D4407640F00F0C7F8A0070BD002
:10172000052C09D0B868000406D400F0D4F80221D2
:101730000F4A116000F0D8F800F0C0F8002000F067
:1017400001F8F7BDFE2189010A68F0239A430001E0
:1017500010430860C0B27047500002A8884000A83B
:10176000480002A8284000A8684101A8184001A824
:10177000D4D4035080B5714A116001F035FD80204A
:10178000C0026F490968890701D16E4900E06E49BE
:10179000086001BDFEB56D4D2878000604D5287F90
:1017A000002801D0182400E0462400F094F80190AD
:1017B0006748C0684005C20DD52A01D2D52204E091
:1017C000D1204000824200D9020010000100614B8C
:1017D00000932B6B5B011BD55F4B1B78022B03D255
:1017E0005E4E06277B43F2520023009D2D7CDD4098
:1017F000ED070AD55A4D06265E43AD19AD888D42D8
:1018000000D22900A84200D228005B1C022BECD396
:1018100009190904534B0B40001BC005C00D1843A8
:101820004B490860C02000064F4908604949087DBF
:1018300000280CD04D48D52A02D98023DB0503604F
:10184000D1235B009A4202D280231B060360002052
:10185000474B18604888002800D10A80019800F0A2
:1018600043F800F081FDF7BD80B542484249086069
:101870004248C1680902090A192251434160052101
:101880000160FFF787FF01BD80B530480178090688
:1018900004D5007F002801D0FFF77CFF374800689F
:1018A000C00301D5FFF776FF01BD8020C0022349A8
:1018B0000860334800684007FBD470478020C002AE
:1018C00030490860704701E02F4908602F490968D6
:1018D0000140F9D170472E48006820212D4A11603F
:1018E00010212D4A116070473021014002D1102093
:1018F00028490860704726480068302101401029B7
:1019000001D1012070470020704724480121016067
:10191000C160704701202249086070472148007863
:101920000621014007D020480068022803D0032880
:1019300001D001207047002070470000441002A829
:10194000844000A8486000A8485000A8D83E000085
:101950007C4000508C3F0000583E0000603E00007C
:101960005C3E00000000FF01A0600050A450005049
:1019700018E000E07F1A0601540002A810E000E021
:10198000440002A8442002A8282002A8280002A897
:10199000600002A8602002A8601002A8789001A848
:1019A00084A001A8BC3E0000843F0000F8B5644854
:1019B00080214902C1610221624A51600021624ACC
:1019C000D162624A118003215E4A116002210160E6
:1019D0005F4DCC01A868204010D05B480068F02122
:1019E0000905014090200005814207D00220594995
:1019F0000860012001F01CFC574804602020574972
:101A00000860802056490860CC2080015549086054
:101A1000012455480460286800900004070F5348CB
:101A20000068C505ED0D103DC0202843C0B2FFF78A
:101A300009FE4548C06B800309D5092F07D0FFF781
:101A40006DFF002801D003F001F901F02BFA48489E
:101A50000668032D41D000980007000F009003286E
:101A600003D0022806D1032F37D000F04FFA009898
:101A7000032803D0062F30D1062D2ED03D48006814
:101A8000C00B204001D001F003FD3B48006800017D
:101A900008D5052D06D10125384804606005FFF7FB
:101AA00012FF00E000253100380000F065FA060062
:101AB000002D06D000F026FC314804600220314998
:101AC000086060052E49486580092F490860FFF7C6
:101AD00025FF002801D003F0A5F81A48210401626F
:101AE000002F08D10221416000201749C863C0209F
:101AF000C0001C4948643000F2BD80B5FFF7D5FE38
:101B000022480078800602D4022021490860FFF7AD
:101B1000D5FE01BD02201F490860704780200006E5
:101B20001D49096801400AD0C10D1C4A127892076C
:101B300001D51B4A00E01B4A11601B490860704731
:101B40002C1002A8282002A80C0002A8683E000061
:101B5000B00002A86C1102A8B82002A894E001A865
:101B60000CC001A8146001A8C4E000A804ED00E0C6
:101B7000B44000A800E200E0083F0000645000A864
:101B8000646000A82C4000A880E200E0D83E00007D
:101B9000081002A8082002A8440002A8883E0000FD
:101BA000FC1302A8FC2302A8442002A88F48006866
:101BB000800700D4704770B58D4801210422BE4BC8
:101BC0000C02E025ED0086682E4002D01C601A61F0
:101BD00019610068054002D01C609A60996070BD70
:101BE000B6480121816001607047012081498A68FF
:101BF0000240FCD10422B24B1A610B680340FCD1B5
:101C0000AF4882609101016070477B4908680122FA
:101C1000104200D1704710B5E023DB000340FF24E1
:101C2000A41CA34204D3B74B1B689B0600D548688D
:101C3000024001D000F030F910BDF8B50700914E18
:101C400030683F2188439049097801433160FFF7AC
:101C5000DCFF8E48802149038D4C08258D4A12688F
:101C6000D20504D525600322B262016006E0C822D5
:101C7000B2620622934B1A60934A11608909C160CF
:101C8000386858390968814201D2009100E000901B
:101C90000099401A38600121380000F0FFFB06006F
:101CA0003868009940183860FFF780FF002E12D185
:101CB000002078490A68D20500D4102060620868C4
:101CC000284001D0256000E065609248006840002F
:101CD00001D5680260623000F2BD8B4801780906C8
:101CE0000DD5007F00280AD086484168C90606D471
:101CF0000068A0210140481E8041C00F70470020AD
:101D0000704780B5FFF7E9FF002803D000210420C9
:101D100001F054FC01BDF1B57F4F8048F860EE2022
:101D2000C00438607E487F490860FFF7D6FF00286E
:101D300003D00021042001F041FC8020C0017A4939
:101D4000086008247948846501257D641D20774951
:101D50008862774E9B204000B061072001F068FA4E
:101D60000220724988624B490A68D20603D56F493E
:101D7000704A0A6008E00F220968214002D0310051
:101D8000103101E0310014310A606B490968002903
:101D900000D4B461E32109013160C021C900674A60
:101DA0001268F823DB01134001D1F16200E0B9654C
:101DB0005D490A6C2A4008D0496BC90705D46049BF
:101DC0000968084001D101F017FC0020C0435D49BB
:101DD0000860554C606B054001D1FFF7E7FE0098A5
:101DE00001F014FA606B8001FCD4F1BD500002A830
:101DF000900102A8940102A8903F000070B54248EB
:101E00000178090606D5007F002803D000210520AF
:101E100001F0D4FB1B4801683F2291434A4A1278E3
:101E20000A4302604048494A0121436B0B4001D1FB
:101E3000116391629721490011601021116044499A
:101E4000E3231B018B66434BD3610022424B1A6094
:101E500080225200072308240E4D2E68264005D00C
:101E60008B672B681A4006D18C6704E0CB672B6820
:101E70001A4000D1CC6703220A600C632103016081
:101E800070BD00002C8001A86A3E0000981002A8D6
:101E9000601102A8FC0302A8F02109012F4A116079
:101EA00001402F48016020202E4908602E49096812
:101EB0000840C34908607047881102A8902102A811
:101EC000882102A80C9001A8982002A82748284938
:101ED00082680A4002D1C268114001D010490160F5
:101EE00013480821A94A13680B4000D0816111787A
:101EF000C90602D58C21090101601420B14908608E
:101F000001E20000440002A8D83E00000448054950
:101F100008607047EC0002A8242102A8000FFF000F
:101F200001200000706201A8100002A8C01002A8E1
:101F3000501102A8BD03000028C000A8A88001A875
:101F4000403E0000B46000A86B3E0000682102A87B
:101F5000E82002A810100000C00002A8586001A8E4
:101F6000585001A8482002A8184001A8704201A8B2
:101F70000080008070470000F8B586B005000C00B6
:101F800091480068400102D52000402404438F4856
:101F9000C66AFFF7A0FC0590B00503D58C48006821
:101FA000FFF7DCFA0020019001227006C00F0290BA
:101FB000FE239B01986800219960B8214900854E55
:101FC00031606608B82131401B78F0261E40402E53
:101FD00002D10B00402119430D2D02D10300042032
:101FE0001843430704D50B001421194310239C43C5
:101FF000794B1B6803936B461A70039BDA0506D571
:1020000080225200754B1A600A0001211143029A86
:10201000002A11D10C220A40082A0DD00A006B4B6D
:102020009B6BDD0601D41025AA439B0601D4202317
:102030009A43B123134055D06A461278002A54D0EF
:10204000674DAA6BAB6D01265207520F921D964049
:10205000DA04D20CB21A92B2082A09D280210622DE
:102060005A4B1A604A029F4B1A6000226B461A7044
:1020700081220A403CD00822029B002B00D12A6218
:1020800003000820184310229443042213059C4E99
:102090003360D304994E33606B461B78002B24D0F9
:1020A000062A2AD3484EF36CDB0626D5B36E9BB2C4
:1020B000DFB22F611B0A2B61964B1B681B0E01932D
:1020C00073699BB2934EF66B360603D01E008023D5
:1020D0005B0133432B611B0A2B613F4B1B68DD0502
:1020E0008CD40AE008223E4B1A620490009131E041
:1020F00027A24B06DB0ED25CCEE704900091334B57
:10210000186B84490968364D2E686F463E8106007B
:10211000282737401743820CD2013A43000E304043
:10212000102630401043890040221140014302A88C
:102130008170586B000A02A9C870FFF7F3F902A971
:1021400008710198487174480068C8800298E86670
:102150000398E8660598FFF7C7FB0825600601D5D8
:1021600067488560FFF7DAFB002805D06B480078E8
:10217000002801D06A4805600498C1B20098C0B236
:10218000FFF767FA200007B0F0BD0000F84F00002D
:1021900003010706030107060501060605010606F9
:1021A00003020706030207060502060605020606E5
:1021B000081A03D25B4909684018401C70470000A8
:1021C000481002A8883F0000084000A8180002A894
:1021D0001CC000A8B46000A81C0100AA1C2100AA11
:1021E000540000AAF8B5504F0F2401254F4910267E
:1021F0004F48806B30401BD0012008704D4800686C
:102200007969FFF7D5FF4C49096F4018012868DB51
:1022100001F09AFA49490968090B0C40022C5ED179
:102220006905474A116047490E6441490D6056E00F
:102230002E023F48006CC0001ED543480068E021D4
:10224000890501404DD03D4D2868210301407001B2
:10225000814246D1FFF73FFB3C4A3D490968314086
:1022600002D03C49096811602968090B2140022904
:10227000F3D0FFF739FBF1BD37480068002830D0B4
:1022800001220A7000F0C2FF00282AD101F05CFA96
:102290002A490968090B2140022920D1264A1278CF
:1022A000D20705D52D4A12680A4001D0204A156090
:1022B000244A1160690239601D490E601F4A116885
:1022C000090B21400229FAD01168090B0C40032C9C
:1022D00002D029041A4A116000211F4A116001F03E
:1022E00037FAF1BD141100AA802080041C4908604F
:1022F0007047802040041A49086070474C5001A87C
:10230000441002A800BF17480168490701D0FF2107
:1023100041617047184001A8448001A8D83C0000E2
:10232000845000A838C001A80CC001A86D3E000070
:10233000100002A81CC101A8883E0000B00002A83D
:102340001C1002A8082002A84C4001A8800000AA86
:10235000084000A8904000A8443E0000083F00004C
:102360003C2002A80C4000A83D480068000217D598
:102370003C4801680BA2008ACA384009105C081862
:1023800040B2082801DB401F02E0002800D5401DB4
:1023900035490A68354B1340000680111843086020
:1023A0007047000002010000FFFEFD00FF2807D07B
:1023B000022805D22E490978C140C807C00F7047CE
:1023C00000207047F0B5802000020821294A1160E2
:1023D0000A210122284C01238B40034329A56D5C6F
:1023E0001D43A560F025254E3560224D28A6765C5C
:1023F000022737432F6004262E60214D2D6815409B
:1024000006D1D5026D1E03D0A66C3603FAD401E0C6
:102410000220F0BDA56CE66C6D036D0BAE4200D2E0
:102420001800491ED7D50821144B1960A060AC498B
:102430000968490112D5AB494B785D1C01262E4035
:102440004E701D00062675434D192468AC80E88047
:102450000B70074801789A400A4302700020F0BDD3
:10246000500002A87C3F0000F80302A8FFFFE3FF32
:102470009C3F0000889001A8448001A888A001A882
:10248000140002A80000000101020408102020002E
:10249000505050404040403020202000F1B584B0E2
:1024A000914C92484068C00516D5606AE021C90089
:1024B0000840884210D1A848006E0004000FA749C8
:1024C0000A68D20601D5072804D00968C90603D4D2
:1024D0000B2801D1002000E1FFF782FBA0484069F2
:1024E000400101D401251CE09E48806B00217D4AFB
:1024F000CBB206256B43D3189B8885B2AB4204D080
:10250000491CCBB2022BF3D3FF2111700125944952
:102510004969490105D51078FFF748FF002800D028
:10252000002591485021405C000608D58C48007871
:10253000002804D08A484078002800D10125E069AD
:1025400002906A480068E061884E0498006831682B
:102550004718012F15DB00F0D0FDC001381A012803
:102560000FDBFFF742FB00F0C3F804980068316806
:10257000401800F04BFE002803D00021049A11609F
:1025800011E0C020C0007A4908602068794F072810
:1025900032D005210840052808D021600C2000F029
:1025A00047FE002802D00299E16196E0724EFF20BA
:1025B0007A3070620420B062FFF717FB02203060AF
:1025C000E020C00478606A488021890441600221CB
:1025D0000160012000F02CFE80208000706202204B
:1025E00000F026FE8020C00070620820B062022049
:1025F00000F01EFE0220B062604EE0204000F0615C
:1026000059480078C00705D5802000065C4908605D
:1026100040083060042000F00BFE019000284AD1F1
:102620000220386080027064C001706410204D493F
:1026300008600120B0674C4F4748006840061ED430
:1026400047484069400113D526480078694608701C
:1026500068460078FFF7AAFE002809D0214869469D
:102660000978062251434018C0883E49086406E0B4
:1026700001203873FFF7A6FE0190002823D1012026
:10268000384908600020C867022000F0D1FD3C4EA8
:102690004020F061C030F0613878C00705D5C02017
:1026A000000630602F48006CF881022000F0C0FD69
:1026B0008120C0027064002D05D027480068800189
:1026C00001D4FFF7E1F8E169E020400308400299F6
:1026D0002C4A0A400243E261019805B0F0BD0000B7
:1026E000083F0000583E00005C0102A8F80302A861
:1026F00038B5FFF775FAFFF778FA23480068C00588
:102700000AD522480068000B0F210F220240072A39
:1027100020D001400B291DD00224124804601C4D1A
:102720000820A862C0016862012000F081FD20023B
:1027300068622C600620A86216486862E0204000AB
:10274000154908600B4804600021144A1160C0213B
:10275000C900016031BD0000500002A8B04301A8CB
:10276000F43E00000C8001A8883E0000DC3F000021
:10277000981002A8982002A85C1102A8109001A845
:1027800010A001A8FFFFE3FFFC0302A8B00002A80D
:102790005C2102A8F96100002CA001A85C0102A83C
:1027A00038B50400FFF721FA2648C021C900264A9F
:1027B0001268F823DB01134001D1C16101E0234A13
:1027C0001160234980225200224B1D68154003D01E
:1027D00008250560032001E0AC20400088641868EB
:1027E000024001D10A2008601B4880214903016092
:1027F0008909C16019480068AF21C90145182068DE
:10280000854200D30500401B206000212000FFF717
:1028100045FE21684919216032BD80200001104920
:10282000086000010F490860704710B50400FFF709
:1028300052F80D490A680D4B13401C430C60FFF71A
:1028400053F810BD601102A8AC8001A87C2102A839
:102850000C8001A8FC0302A8981002A8A43F000065
:10286000441002A8685000A83040005AFFF8FFFF4B
:10287000F1B584B0E020C000FFF7D7FFB148006891
:102880000190B1488069AF21C9014018AF4909786A
:10289000C90708D40499884205D2081A00F0B6FC8A
:1028A000002800D01EE2AA4C6068C00700D519E2DB
:1028B0000426A848C662B003A7498862A348006DF1
:1028C0000090A06B8507AD0F032D03D01020A14908
:1028D000C86223E0F20308468262E06B800601D5FD
:1028E000012064E00098000610D5E06B022108404A
:1028F0000CD1C34805230360E36B10273B40194309
:10290000016000210160A16B090A01609248C66262
:10291000E06B002802D58F488262002500980006EF
:102920000DD5CB480078002809D020208949C862FD
:10293000C8480068202108408749C8620DE0A06BA4
:10294000304004D0A06BC000B101084003E07E48D5
:102950008068C10701D5FFF79FFA01220098104057
:1029600008D0BD48A9014018006AC004C00C401E30
:10297000BA4908600020BA490B681B0403D5896F67
:10298000002900D40120C0218900B64A51652A02DD
:102990006E4B1B78DB0701D4002801D0080000E053
:1029A0001000D14B1860AF4881655A600020216C3F
:1029B000942292050A40150000D001257702284391
:1029C00000062BD0A248007DC0210140402902D141
:1029D000FFF793F801E0FFF79DF8202020602D0617
:1029E00000D17FE1C14DA06B304008D030035A497F
:1029F00088620220286000F09FFA002805D0554820
:102A0000C662554887627003286050485021405C78
:102A1000000600D466E170044E4916E16068C00704
:102A200000D55FE1F0034C49C862FEF73EFF8B48DA
:102A3000406E216C090408D4C00606D5FEF74BFF92
:102A40000221AB4A1160FEF74FFFFEF737FFB002DD
:102A50002060A84DC0200006E860B003A6490860C9
:102A6000A06B4007C10F684601700198C00700D4F1
:102A7000C8E000F069FE0290FEF747FF206C4004BA
:102A80000DD400BF00BF00BF00BF00BF00BF00BF2C
:102A900000BF00BF00BF8020000698490860FEF715
:102AA00039FF029800F054FEEE20C004A9490860E6
:102AB0006F62A948032101647F2141644221019A88
:102AC000D20501D4016000E02960A020A8600820A0
:102AD00089490866A1480660206CC00250D51A4E8C
:102AE000336F1A0B0F2111400A01521A1B090F27CD
:102AF0001F40D2190F3A01D1002300E0531E00BF3E
:102B00007FA74900795A102A3AD33288E72A37D367
:102B100095277F00BA4205D8BA1A12095143890A8B
:102B20004A4204E08E4FD219120951438A0A52B226
:102B30009B18B169776A7A438918B161B32B0DD3B9
:102B4000B3230EE0FC0302A88C3F0000883E000087
:102B5000100002A81C2002A81C1002A80F2B00D2F3
:102B60000F2380485843C00C7F497C4A1160411CA8
:102B700009030201801A1818401C00010843A866C6
:102B8000744E7A48B064C0208001E8605A487849A1
:102B9000416778498167F020000170658020C0009E
:102BA000A8610A2000F044FB82204002A866C420ED
:102BB0000006E860C02040016F490860012000F075
:102BC00037FB0120E860062000F032FB8020000285
:102BD000E860082000F02CFB80204004E8604008FA
:102BE000E8604008E860C000E8604000B06403208E
:102BF00000F01EFB802040025849086007E000BF3B
:102C0000E40000AA5D4A4021002001F015F80020F0
:102C1000C0431449086000F070FA9A4E401DC0018C
:102C2000B16947188020C0019749496F014001915F
:102C3000964908600498874217D2B169401A00F09B
:102C4000E5FA002810D00198914908604AE000BFD9
:102C5000F43E0000184001A80C0000AA204000A883
:102C6000684101A8B46000A8049F8A48E860012078
:102C700000F0DEFA802040001F490860380000F0B4
:102C8000C5FA854D2878C00703D58C204005FEF78E
:102C90001AFE68460078002807D17B4800687F4903
:102CA00088608020C0037E490860019878490860E8
:102CB000284802218164C021890181646846007826
:102CC00000280AD0012000F0B3FA5020285C00064A
:102CD00003D580200003AF490860206CC00201D5F5
:102CE000F06EB06105B0F0BD085100A8685000A8B2
:102CF000D4E40350601102A8B81002A8045009508F
:102D000000000000000400080008010C0110021877
:102D1000021C0324042C04300534000080B55E49F5
:102D20000978C90701D5002803D0C0208000FFF72B
:102D30007CFDFEF7D0FD984900220A600A22CA6194
:102D4000FEF7D2FD9548C021890201609449416097
:102D500001BD0000242102A8600102A8C82102A828
:102D6000D6FEFFFF89880000F0F000000404000098
:102D7000020300000004FF00B05101A81207000088
:102D80008848806B800300D47047F8B58648006897
:102D900000900024002001250099294001D0C02086
:102DA0008001824902220A6008640827804807607F
:102DB00080480068C00403D47F4800683840FBD0D6
:102DC0007E4E34487065042000F032FA8820C0043A
:102DD00070650098284027D0E80570658000706510
:102DE000012000F025FA7565E80370654002706502
:102DF00000F0AAFC0500FEF788FD6A48006C40045C
:102E00000DD400BF00BF00BF00BF00BF00BF00BFA8
:102E100000BF00BF00BF8020000669490860FEF7C0
:102E200079FD280000F094FC664D0098C00501D59E
:102E30002F6000E02C606C60C02000067065C00C44
:102E400061490860012000F0F3F9F0200001F0660C
:102E50005E480099C90502D50321016000E00460C5
:102E6000862040025A4908605A4870653760A020A1
:102E700030652C646C64B8024A4908600001564908
:102E80000860F1BD8C3F000020C001A894E001A8BB
:102E900094D001A802400000883E0000F43E0000EB
:102EA0001C1002A8F8B54D4800680D2707400424FF
:102EB000002F00D10427FC20800110256603082183
:102EC000474A484B1B682340126816D0426039407D
:102ED00004D00220FEF736FC434806603C4009D08F
:102EE000FE20800100680543FE2080010560B008D7
:102EF0003D49086002203D4916E00260394005D096
:102F00000220FEF71FFCA002374908603C4007D0B2
:102F1000FE20800101680D43056070093249086098
:102F20003248066030032C490860FFF729FF002172
:102F30000020FEF78EFBF1BD10B580202C490A68F9
:102F400002400AD02B4A136806241C4005D1546E57
:102F5000294B2340126D940101D5002010BD096852
:102F600008400DD02548834203D1100501D501202A
:102F700010BD23480068C107C90F481E8041C00F1B
:102F800010BD204803210164A821C1631021016004
:102F9000704700001C2002A8D80000AA442002A804
:102FA00004000080100002A8FC0302A82C1102A853
:102FB000106001A8D84001A8104001A8182102A85B
:102FC00004600950600102A8B06101A8548001A802
:102FD000C82102A804340000482002A8B44000A878
:102FE0001CC101A8480002A8441002A8685000A80B
:102FF000440002A814C001A81F1F0000010C00001B
:1030000030C101A8082002A86C48006801210842CC
:1030100009D16B4A12686B4B000C1840F03291409A
:103020000B40984201D00220704700207047F8B54D
:1030300007000F386A461080604CE0680A0004D12F
:103040006B461B8882B29A423AD200226B461A80A3
:10305000012502263A0013D02268324007D0002909
:103060002ED059480088401C57490880002039005C
:10307000216156490E6080B2B84201D369460D8085
:103080005348456000E030BF2068304003D1FFF76F
:10309000BBFF0028F7D04D484560390010D02168AB
:1030A000314005D048490A886B461B88D2180A80EF
:1030B000066000202061E068B84201D24448066002
:1030C000FFF7A2FFF2BD38B5040000F03DFB05009C
:1030D000012199204443A0093E4A12688018123801
:1030E00080B2FFF7A4FF04008020C0013A490860C5
:1030F000280000F02DFB200032BD334803883549FD
:10310000096802889342F9D1100408187047FEB587
:103110001238070C6946088000F016FB0190274C16
:10312000294D2888B8421ADA01202C490860274E18
:1031300030BF02202168014006D03060400326499C
:1031400008602888401C2880FFF75EFF002802D115
:103150002988B942ECDB0121716000280DD1288853
:10316000B8420AD1E06869460988884205D2002140
:1031700068460088FFF75BFF01E0FFF745FF0400AA
:103180008020C00114490860019800F0E1FA200095
:10319000FEBD10B512490A680E4B1B680C689442BC
:1031A000FAD0DB014033141A02D288692418641C57
:1031B0000C4800684443181B10BD0000280002A8FA
:1031C00004ED00E0FF3F0000683E0000282002A858
:1031D000281002A8340002A880E200E02C1002A807
:1031E00020C001A8B43F0000F0B502E00A601C60F6
:1031F0002E607EC84F1C07D05F1C04D06F1CF5D119
:103200000A601C60F0BD0A60F0BD000010B5C40982
:10321000FFF773FF201A312806DAC000183801D4EE
:10322000C01EFDD5002010BD2000FFF770FF10BDAF
:10323000C32148436F3801D41E38FDD500207047A4
:1032400080B5FEF77FFA01208A49086001BD38B5D4
:1032500089490D68082489490C60FFF7F1FF254072
:1032600001D08748046031BD80B5EB2000F001F843
:1032700001BD30B583490A68104010231A4210D0AE
:10328000814A824C2468234008D0AF4B1C6824023A
:10329000FF252D022540156300241C6080235B035D
:1032A0001360086030BDF0B50024A84D00270BE086
:1032B000BC46075D6F43A60096597E400F5D6F4385
:1032C000374066463743641C9C42F1D33809384383
:1032D00081080143480808430540E90929430F20B4
:1032E0008A0B0A4302405040F0BDF1B584B00E0095
:1032F000954F00203860964DE87A0090A87A0290A9
:103300000F20009901400191009901420DD0019BCD
:10331000904A91490498FFF7C6FF0299014039602D
:103320008E4841438E48084001D1012400E0440109
:103330000098001116D03200009803061B0F2900D8
:103340000498019E6D7A75194019FFF7ACFF029938
:103350000911014038680A0102433A60002901D08E
:10336000480044437F480068204001D1042000E029
:10337000002005B0F0BD80B50A00002111807A4917
:1033800052888018FFF7B1FF02BDF0B50F22774BCE
:103390005C7905780F202040C54020092840012590
:1033A0009C79C4402C4001D10320F0BD374C2468E7
:1033B000254008D06E4D9E684700F65B761E2E6055
:1033C0008026B601EE60DD78DE79C640F00711D5C3
:1033D000E0060FD5002D0DD066484860088848806B
:1033E00008881C7800192A4080185A7880182A0901
:1033F000801800E0002008800020F0BD10B55E4875
:1034000001685E4A0820014200D09061C90602D5D9
:103410008C21090111605A495A4A5B4B1B681B04F5
:103420000CD54B685C0402D5C303136006E0C024CE
:10343000A4011C4043029C4200D010600B68034072
:1034400005D0524B1B689B0F9B0700D010600F48A4
:103450000078C023034002D1802040051060086836
:103460002021084010604A480068C00101D4FFF7DD
:10347000FBFE10BD2C4000A84C4000A84C6000A8EA
:103480004C5000A8883F00001C1002A8D83E000045
:10349000F8B5404F38687E6806403F4830403F49A5
:1034A00008608024A4033E4DF00226D53D48016803
:1034B00001200A0605D53C490968A9602870022048
:1034C00014E0014202D03949A9600FE00020C9068A
:1034D0000CD52849A96036498A7813071B0F09784B
:1034E000591812098918A980E880A888A88000289E
:1034F00001D0264301E0FFF7B7FE264023D0274E38
:1035000074603460A88800280BD0396A814208D3DF
:10351000291D2848AA6890470100F3D0FFF790FEC4
:10352000F1BD01000CD0FC218902F16122490203A6
:10353000CA6134604C603A6A824204D30C60F1BDC7
:10354000EB20FFF796FEF1BD483E000001010101AE
:10355000583F0000103F0000503F000011110000D4
:10356000218400000C3F0000303F0000603F00005D
:10357000204000A8AF220000F84F0000502102A810
:10358000184001A8481002A8684101A84C4201A8AF
:10359000D04000A8B44000A8FFFFDFFFB46000A83F
:1035A0004C3E0000D83E0000D03C0000C32200008A
:1035B000613F0000D84000A8B45000A870B50500D5
:1035C0000C0000F0C1F80600FEF79FF92002054349
:1035D00006480560022006490860FEF79BF93000A6
:1035E00000F0B6F801200349087070BD048009504E
:1035F000409009506C3E0000FEB5C020C004334925
:103600000860334833494865334888653348402467
:10361000046044601020FFF70BFE002854D1FF2007
:1036200000052F4908602F482F4908602F48294975
:103630000860A5032A4805602D4807680820FFF7A1
:10364000F7FD002840D108262A4806600120FFF730
:10365000EFFD2748806801902748066027481D49EC
:1036600008601F4805600820FFF7E2FD00282BD105
:10367000204806600120FFF7DBFD1D4880680090B0
:103680001D480660134D1E4828600199009800F0FF
:103690003FF88606B60E0198C10B0098C00B00F0EB
:1036A00037F80102FC2080010840304328601048B0
:1036B000076060030A4908601248046044601249C8
:1036C0000164124941640020FEBD000020E000A812
:1036D000571400004C0102A8FF3FFF3F601102A8F1
:1036E000B42002A80000380EB41002A83030000048
:1036F000104101A8105101A8106101A8101000008C
:1037000020200000602102A8F703F000FF3F000026
:1037100010B54904CA104004C310991A00209A1821
:10372000D30F9A18521052188B115B0E5B18DB11D5
:10373000D2182023541A01D422001843CC0F611848
:1037400049105B08F6D110BDEFF3108072B67047D8
:10375000002800D162B6704710B5C30018221A4085
:10376000FF249440E3438907090E9140020004D4EA
:10377000734892089200801806E0724A0007000F12
:10378000083880088000101802681340194301604F
:1037900010BD80B574225421002000F04DFA01BD07
:1037A00010B5FFF7D1FF684901220A60674B684CEA
:1037B0002360684C23600323674C2360674C2360BD
:1037C000674B1A60674B1A60674B80241C601A6055
:1037D000664A1A6011228A63FFF7BAFF3F206449E4
:1037E000096801400A1D402A00D2081D614A107074
:1037F000A448017010BD80B501001120FFF7ACFF97
:1038000001BDFFF7A1FF05000024012160B2FFF711
:10381000A3FF641C0E2CF8D301210F20FFF79CFF9F
:1038200001211320FFF798FF01211720FFF794FFD4
:1038300003210120C043FFF78FFF01211E20FFF766
:103840008BFF4D484D49086002204D49086001201A
:103850009B49086047044B4C20693840FCD02068E5
:10386000800101D4FEF700F82800FFF771FF4648F9
:103870000068400311D4952252005321002000F02B
:10388000DBF90AE000281CD0FEF725F819E02069D2
:103890003840FCD02800FFF75BFF206E0004000FCB
:1038A000022801D1FEF79EFCFFF74EFF0500764E81
:1038B000FEF721F800287078E4D0002801D1FEF747
:1038C00013F801212E483278002A05D16F4A126878
:1038D000920600D4016030BF0022327002220260E2
:1038E00077480160D3E77748016840680840764927
:1038F000014017480160880700D4704710B57C4824
:103900000188491C01807B4C2078000617D57A4835
:1039100002680F21120B0A40032A10D1774A12685D
:103920005207520F032A0AD80068000B01400329EE
:1039300005D10D20FFF78BFCE08A401CE08210BD12
:1039400000E400E01CED00E0040002A80000FF3FDE
:10395000282002A82C1002A840E002A844C002A817
:1039600004C001A8044001A8145001A8200060066A
:103970002C8001A86A3E0000FFFF9B4000E100E0B0
:10398000602002A8500002A8F80702A8F8B55C4C15
:10399000206865680540914805605A48284007D06E
:1039A000FDF7BCFF002803D0280057490968884765
:1039B000012102228A480078C00701D5022300E0D5
:1039C00001232B408748002B10D0874B1A60874A71
:1039D00012680A4007D10268F0231B0513409022A9
:1039E00012059342F3D00902814A116080210D42F1
:1039F00020D0A36AF822D2011A401BD0C0231B0199
:103A00009A4217D8802636068A4A1660A76AF82294
:103A1000D2013A40384F3F683F043F0F022F01D098
:103A2000032F03D1002A01D09A42EFD3914A1660A6
:103A30006A4A11609049097806290DDACC20800184
:103A400028401DD0FFF780FE04002800FDF730FC61
:103A50002000FFF77DFEF1BD806B800510D5874803
:103A6000284005D0FEF786FA2800FDF721FCF1BDBD
:103A7000A80205D5802040015849086080490860A7
:103A8000F1BD00006B3E00006D3E0000F40302A893
:103A900010B57C4908684C6804407B48046080216C
:103AA0000C4205D04160794801600020FDF700FC20
:103AB000600403D5802040057549086010BD0000F2
:103AC000601002A8280002A8FFFF00C038B57149A5
:103AD00008684C680440E00707D5FFF735FE05008D
:103AE000FDF780FC2800FFF733FE6B48046031BD12
:103AF000683E0000D83E0000B00002A8184001A8AF
:103B0000104001A802000600D43C0000FEB5634C42
:103B1000206C676C074001252F4216D02E066048A6
:103B2000066020685F490D60002802D00021FDF783
:103B300021FE5D480068A021C90188428041C04340
:103B4000C00F5A4948705A480660FDF7C4FE0190FC
:103B5000022007403ED06268D1B2120A554B0824B9
:103B6000494E4703012924D0022931D1012A22D10B
:103B70005149C97800915049097801228A404F493A
:103B80000A604D4909784905902252048918032298
:103B90000A434B490A6037604A490F601968009A26
:103BA00089185965444909788D4047490D6047494E
:103BB0000DE00090DFE7002A0AD145490D600021A1
:103BC000596577603760C104424A116042490C6010
:103BD000344908600198FDF787FEF7BD106001A821
:103BE000883E00000C0002A86C1102A8B44000A896
:103BF000B82002A870B5FDF76EFE0400FFF7A4FD23
:103C00002F490A68D2070FD52A4A536D1568334EDB
:103C10003360CB6873604968F1818021C904204B0F
:103C20001960317B69185165FFF792FD2000FDF79F
:103C30005BFE70BDE06101A8002800D0704770B540
:103C40000C00FDF748FE0500FFF77EFD0600FDF7BE
:103C50005CFE234804600121224A1160026C0A4084
:103C6000FCD1FDF757FE3000FFF772FD2800FDF78D
:103C70003BFE70BDE05101A8383E00000010400638
:103C8000145001A890C001A890E001A80CC001A8A0
:103C900004ED00E0C0C000A8C0E000A800C002A879
:103CA000441002A840E002A8404000A86D3E000079
:103CB000442002A818800A50813E000068A00A50E3
:103CC00060C101A894D001A868900A50F42302A80A
:103CD00060E101A880E200E0F41302A8783E000051
:103CE000008009504090095080B5FDF717FE00286C
:103CF00001D000F0BBFE01BD80B5FDF757FEB64810
:103D0000006800030AD4FEF701F9FFF739F8FEF75F
:103D100075F80120FFF702F8FEF7EAFC8020800525
:103D2000FDF7D1FD01BD80B5FDF740FE80204002CA
:103D3000FDF7C9FD01BDFEB505209049086090481A
:103D4000056801273D4201D1FDF74AFFFDF72EFE30
:103D50008C49086800908C4849680160A905CA0F21
:103D600069460A7100243D4210D000949B4949687D
:103D700001609A4800689A490B681A1A984202D35F
:103D80008B69D218521C974B9A42F5D3A44E3460DB
:103D900068460079002804D029000098FDF764FBEC
:103DA000009000253068384003D16846FDF745FF94
:103DB0000500FDF792FF002846D08848407C002887
:103DC00042D19848854EF16802690B689A4200D04A
:103DD0000124954A1378022B0DD2944A9446062268
:103DE00053436246D25A8C46230018214B43614606
:103DF000C9184A6000E0022500990191F16801228A
:103E0000624018235A438C1821680161A16801603F
:103E1000A348E1680160216901626069A149086005
:103E200001A8FDF70AFF002808D17F490978022977
:103E300004D27E4A06235943515A61602900050085
:103E40000D4301D1777401E0002D02D10098FDF7F8
:103E500062FF9F48076002209E490860C820C00496
:103E6000BC4908607804FDF72EFDF7BDF8B59A4C03
:103E70000020E0638025EF02FDF72FFF002808D027
:103E800096480078002804D13800FDF71CFD256015
:103E9000F1BD206CC00506D580200006206000BF63
:103EA00000BF40082060FEF711F8FDF77FFDFDF729
:103EB00079F90600A848A9490860FFF715FF3800FE
:103EC000FDF701FD002E00D025600120A4490870F7
:103ED000F1BDF8B50120FFF78EFCA24CA2480068A6
:103EE0002060FDF763FD7820205C0521014002D0B1
:103EF000FDF703FE01E0FDF70DFE774F0225A06FF1
:103F0000284001D0012038601020C0439749086044
:103F1000002697480660FDF701FD002802D000F05A
:103F2000F2FD00E06663FDF7C0FC92480068396C62
:103F3000090407D4000705D5FDF7CDFC8E490D60B7
:103F4000FDF7D2FCFDF7BAFCFFF758FAA804FDF71D
:103F5000BAFC0020FFF74FFCF1BD80B5FDF726FD50
:103F60001D480068000303D4FDF748FFFEF7C0FBBF
:103F700080204003FDF7A7FC01BD00005C1102A8F2
:103F8000440002A8B83F0000443E000038B5FDF7E9
:103F90000DFD514C2025FEF7CFFF002806D0606BA9
:103FA000000704D5FEF7EDFFFEF737FC2560FDF7AF
:103FB00025FFFEF79DFB714800780C210140042984
:103FC00002D1FDF79AFD01E0FDF7A4FD6804FDF7BD
:103FD0007AFC4020206031BD0C0002A8E43E0000C5
:103FE00020C001A801FF00001CB50520644908603D
:103FF000FDF7DCFCFEF7C5FF6248006800906846EC
:10400000FEF7CEFB0400FFF76FFE002C02D10098F4
:10401000FEF72EFC80204004FDF755FC13BD000088
:10402000403E0000348001A8583E00005E3E000083
:10403000F8B5FDF7BBFC544CA56A5020284002D0CF
:10404000FDF75BFD01E0FDF765FD234FFEF774FF13
:1040500000281BD1B86B40071DD4786BE0214901C3
:10406000014018D1A80611D4FDF71FFCA56A474EE0
:10407000354207D0FF20C0432D18A56280200005DF
:10408000A9490860FDF71AFC2E4002D001203860D3
:1040900001E00020206080208004FDF714FCF1BDC9
:1040A0001C4101A8284000A880B5FDF77FFC9F486F
:1040B0000068C00501D5FDF7A1FE0120FEF72EFE28
:1040C000FEF716FB8020C004FDF7FDFB01BD0000DC
:1040D000442002A8305201A8100002A8F53E0000BA
:1040E00010B526480468FDF761FC91490968090389
:1040F0002AD40321C00601D5214001E0A0080140D7
:10410000012902D1FDF7F9FC0BE0200107D50E20B3
:10411000FFF796F887480421016008210160FDF748
:10412000F9FCFDF772FD844C206984490860FFF7B3
:10413000DBFD2068002807D04000122802D2FFF7DC
:1041400077F801E0FEF7BFFF80208003FDF7BBFB9F
:1041500010BD0000106001A870012000B46000A82C
:104160006D3E0000903E000008C000A8482002A854
:10417000483E0000844000A8D4E40350083F0000FB
:104180005C1102A8CC3F0000E03E000000FFFF00F1
:10419000FEB500246A490C73012069460870029438
:1041A000FDF704FC0600624F3868000300D5B5E057
:1041B00003209F4908649F480268FF2080019E49B0
:1041C00010255F4B1B78DB0720D51207120F022A40
:1041D00003D09A4A12682A4004D1594A5268584B6F
:1041E0005B7801E08A680B688E6A096A0091911B0E
:1041F00014225143DBB2C918009A891A0901406898
:10420000081801D5019453E0019051E013071B0FEA
:10421000032B03D01204120F062A3AD18968426890
:1042200002923A6C920701D5806802900800FEF76E
:10423000B0FF0299401801D5019400E00190B86BDD
:104240000107C80F03213F4A12680A40022A1AD107
:104250002E4018D03A4A126DD30512D5FE6B984BFA
:104260001E409E4202D172490D640CE092050AD4B0
:104270003A6C2823134006D16B461C702A4A116001
:1042800001E06A461470029068460678002E03D159
:104290000FE0006801900126FEF74EFE002808D0CE
:1042A000FEF76FFE0298002802D0FEF7B6FA00E093
:1042B000002602205E490860002E10D021480078B8
:1042C0000C210140042902D0F86B054002D0FDF713
:1042D00014FC01E0FDF71EFC202078601EE0184869
:1042E0000078C00705D555480068054001D1FDF7A5
:1042F00015FCFDF783FD802000060B4908600020B7
:10430000C0437049086001A8FEF74AFA0400FFF7AD
:10431000EBFC002C02D10198FEF7AAFA80200004E1
:10432000FDF7D1FAF7BD0000481002A8680102A805
:104330000C0002A880E200E0AC3F0000443E000018
:10434000883E0000083F0000FEB500245E490C7363
:104350000094FDF72BFBFFF7C7FC5C4DE86E5C4E4D
:104360000007000F07280BD16868002808D4002038
:10437000FEF7D4FC306857490860FDF7C2FC52E0F4
:1043800001201027696849070DD453490968014085
:1043900009D001024C4A126D0A4208D0520502D4DB
:1043A0002A68114001D1009001E04C48076046485E
:1043B0000078C00705D521480068384001D0FDF7D6
:1043C000ADFB474800680321009A002A01D080090C
:1043D00000E00009014001910020FEF79FFC0198D8
:1043E000002805D16868074002D1FDF793FB01E082
:1043F000FDF783FB00200099002903D139480068AC
:10440000FEF7C7FE7169401801D5009400E00090E6
:104410006846FDF712FC002805D10098FDF77BFCEB
:10442000B0692C49086080200005FDF74CFAF7BD03
:10443000082002A8B00002A804C101A8B04301A846
:10444000F8B5FDF7B3FA002400252748466B80270E
:104450007F05300606D5300709D5FEF792FDFEF739
:10446000DCF929E001251C480068284019D000200B
:10447000FEF754FC0220064002D01C490C60C861C3
:104480001B480468002D03D02000FDF779F80400D4
:10449000FEF777FD2000FEF7EBF93800FDF713FA81
:1044A000F1BD0F480078C0210140402902D1FDF73D
:1044B00024FB01E0FDF72EFB20200B490860ECE710
:1044C00010000010B46000A8883E0000440002A85C
:1044D000BC3F0000443E0000B44000A8481002A8C1
:1044E000083F00001CC101A8100002A8180000AA83
:1044F000D83F0000FFF754F9024803494860FFF72E
:1045000080F900BF3B2700000000000080B5EFF3FA
:1045100005800B2801D23A2100E029219222520085
:104520000020FFF789FBFEE700000001D57F0108AE
:10453000A95C010871670108020303030304040472
:10454000040505000000000101010102020202034E
:104550000303030304040404040000000101010137
:1045600007070808030303050404040505050606F8
:1045700006070707080302020404040304050506EE
:1045800006060607070702020203030303040404E6
:1045900004050505050506060606010202020203DA
:1045A00003030303040404040405050505060606C5
:1045B0000C0C0C0C0B0B0B0B0B0B0B0B0B0B0B0B47
:1045C0000B0B0B0B0B0B0C0C0C0C0C0C0C0C0C0C31
:1045D0000B0B0B0B0B0B0B0B030404040405050561
:1045E0000506060606060702020202030303030489
:1045F0000404040405050505050606060202020278
:104600000707030406070404030303030405060362
:104610000305060708040506040304040303040550
:1046200006060304050607080006800F7047FB21F5
:10463000890109684143880B70479048006801046C
:10464000C80F704730B5002080490A6800238C4CA1
:10465000521C6568AA4200D322681578AD06AD0EDB
:104660009D40054328009B1D1E2BF1D30A6030BDE1
:1046700082480168090408D582490A68734B1A60A8
:104680004A68C2618868AE4908607047F3B583B074
:104690001700C006000E00901038912833D2FFF7A3
:1046A000CCFF00282FD00024774D01260398FFF778
:1046B000BBFF002802D0022803D003E02868304066
:1046C00000D001240197714F04980C21695E4018B5
:1046D0000E21695E4018FFF7AAFF01994018386063
:1046E000049800994018FFF7A2FF019940187860DC
:1046F000C020800166490860200366490860FCF715
:10470000ECFE9048067005B0F0BDF8B5624AF024A2
:104710002405C025AD041069022804D28A48006827
:104720002040A842F7D089480068C01C884901434E
:10473000884801608848894B04219E680E4204D055
:10474000117D8906CE0F710021E0B60721D51669CB
:10475000042E04D27C4E36682640AE42F7D0167D39
:104760003607360F072E14D1567D022E11DD967DA9
:10477000B606B60E022E0CDBD67D00960E4208D091
:10478000F60700D50A21009EB60700D5891D00292D
:104790000BD173496F4C216000211160802292027D
:1047A000704C226001601961F1BD4B1C16699E427C
:1047B00004D2654E36682640AE42F7D06A4B595C4B
:1047C0000091664E31610099C900F8230B4002D078
:1047D0008021C904116065490F68012F00D15B0079
:1047E00053603268002A1ED15A4B1A682027F75F9F
:1047F0003F039205920D3A431A6001270760022297
:104800008260009880090AD10868002801D1182028
:1048100000E01A20325E00210098FFF737FF307A5F
:10482000000700D43760F1BD4A484D4901600021BE
:10483000194A1160802292024A4B1A60464A11605E
:104840004B4A026142613F4801707047343E0000AC
:10485000062048490860002047490860F021090106
:10486000464A116080214900454A11600749404A83
:104870000A604A603349087070470000C04101A8CF
:10488000983E0000A03E0000BC3E0000C84101A8C8
:10489000C06101A8C05101A8C44000A830B581B0D2
:1048A0000400A00314D531480068002801D1162067
:1048B00000E00C20FEF7BEFA3248806E0007C10F00
:1048C00031480170082031490860C003254908605B
:1048D0002F4D2868000406D5FFF7B4FEE861FFF706
:1048E000B1FE17490860A00727D58020C0021D49E6
:1048F0000860FCF715FE00281FD0264A1068C0B2D9
:10490000002802D00621244B1960810915D01D49C9
:104910000B68012BFBD949680905090D091DC90060
:10492000124B1B68012B00D14908002B01D1182321
:1049300000E01A23D25EFFF7A9FE01B030BD0000EF
:104940005C4201A86E3E00000C0002A8204000A8B6
:1049500000F0FF3FB84101A8044003A8B43E0000A6
:10496000FFF3FF3F106001A8D84000A8843F00007B
:10497000FFFF0300006401A8504000A80C6000A8DD
:104980000C5000A81C4000A8D83C0000846000A87F
:10499000C04101A8B83E0000005401A8D13B00006E
:1049A0000000000060340000D83C0000010000005E
:1049B000383E000037000000000002080000000040
:1049C00000B801B802B800B000000000B801000053
:1049D000E8420020C7BFBEBEBEB5B5B4B4ABABDCC9
:1049E000DCDBDBD2D2D1D1C8C8C8C7BFBEBEBEBD1A
:1049F000B5B5B4B4B4DCDBDBD2D2D2D11B1B1616F6
:104A00002E2D2D2A29292925242420201F1B1B1B5C
:104A1000162E2D2D2A2A29292524242020201F1B4B
:104A20001B1B2D2DBEB5B5B4B4ABABABAAA2A1A1D7
:104A3000A1A099999898C7BFBEBEBDB5B5B4B4B48E
:104A4000ABABABAAAAA2A1A1A199999900000000C1
:104A5000030303030302020202020202030302022F
:104A60000202010101010101000000000303030330
:104A700003020202D0C7C6C6C6BDBDBCBCB3B3B23A
:104A8000B2B2A9DBDBDADAD1D1D0D0C7C7C6C6C68D
:104A9000BDBDBCBCBCB3B3B2DBDBDADA1F1F2D2B50
:104AA000221E2E2E323232312D2624303028231F62
:104AB0001B2B26222E322E2E31312D282424302C51
:104AC00027231E1A03040408080500000101000042
:084AD000BC31FE7F0100000073
:0C4AD800E44A0208804A0020520000005E
:104AE400B5000000C0EA2101C017530228010000EC
:104AF400030505B54001800000000000000001B579
:104B04000000800000000000000000000000000021
:104B140000000000000000000B000000FFFFFFFF8A
:104B24000040170800A0000064200020C800000016
:104B3400FE0000000000000004000208FFFFFFFF69
:104B4400FFFFFFFFFFFFFFFFFFFFFFFFFFFFFFFF71
:104B5400FFFFFFFFFFFFFFFFFFFFFFFFFFFFFFFF61
:104B640020000208AEFEC8000A0037000000000062
:104B740003000000A444002000000000A44400201E
:104B84000C450020744500200000000000000000D7
:104B94000000000000000000000000000000000011
:104BA4000000000000000000000000000000000001
:104BB40000000000000000000000000000000000F1
:104BC40000000000184B0020C84902086FBD01080E
:104BD400FFFFFFFF59BE0108FFFFFFFFFFFFFFFFBD
:104BE40033B60108FFFFFFFF0000000000000000D3
:104BF400FFFF0000CB260000EDBD010833BD010816
:104C04003FB50108FFFFFFFFFFFFFFFF0D0000009E
:104C1400000004F8FFFF01FF0D0FFF0059F1000829
:084C240071430108C5350108C8
:040000050800841F4C
:00000001FF
